Word,Number of records using the relevant words/phrases,Group,2000,2001,2002,2003,2004,2005,2006,2007,2008,2009,2010,2011,2012,2013,2014,2015,2016,2017,2018,2019,2020,2021,2022,2023,2024
delve,16045,1,-0.863710189,-0.875048916,-0.757847175,-0.814177178,-0.531136909,-0.6745,-0.298320186,-0.390440458,-0.356187364,-0.524189322,-0.263885276,-0.03589495,0.002690514,0,0.276145941,0.488812272,0.55133505,1.017519454,1.222476039,2.049336283,2.369718687,3.755269278,5.070627748,29.3672759,107.748257
underscore,124125,1,-2.497160376,-2.233115778,-2.01003605,-1.673282871,-1.43521317,-1.194548622,-1.104072341,-0.949830257,-0.552225145,-0.321104842,-0.278691165,-0.245520999,0,0.267614801,0.287420584,0.143645268,0.43527613,0.658857759,0.652755701,0.465818936,0.6745,1.369537299,1.578517065,8.930453477,54.02029314
primarily,368663,1,-2.078319087,-0.666399805,-2.026506164,-1.442593117,-0.6745,0.165846126,-0.03464855,-0.072673324,0.004737678,-1.051083688,0.471350945,0.769769807,0,0.435359216,0.897664258,-0.306048487,-0.104672064,0.226266363,0.271294858,-0.924454751,-0.812756121,1.580022315,3.385822148,16.59200465,51.81327927
meticulous,15136,1,-0.6745,-0.756841639,0.690546222,-0.081845044,-0.872082689,-0.594268889,-0.325611057,-1.079348978,-0.562145408,-0.333525538,0.40956663,0,0.812336117,-0.201710634,-0.298763897,-0.549296015,0.541133237,1.352445127,0.906099439,0.025885008,1.844229247,2.939655485,1.376871388,9.10432229,33.23501604
boast,2277,1,-0.6745,-0.703080508,-0.931724576,-0.485868644,-0.834550847,-0.33725,-0.571610169,-0.40584322,0,-0.600190678,-0.245792373,-0.634487288,-0.120038136,0.200063559,0.680216102,0.628771186,0.451572034,0.988885593,1.531915254,1.343283898,2.120673729,2.194983051,2.400762712,9.747153771,31.00705081
commendable,1665,1,-0.801983964,0.419627342,-0.726190413,-0.881880901,-0.185836424,-0.59715492,-0.480123362,-0.790116128,-0.6745,-0.095432642,-0.485186246,-0.168415748,-0.133043609,0.028989094,0.293899056,0,0.549050717,0.726918542,1.149982385,1.021532118,1.540504949,1.62824119,1.906264293,7.53619131,27.44394119
showcase,20800,1,-0.716399476,-0.70986861,-0.6745,-0.626342272,-0.554211507,-0.556048684,-0.605897969,-0.516981451,-0.281141615,-0.185360097,-0.165249929,-0.052304498,0,0.210781426,0.503358125,0.716013415,0.946143046,1.404579244,2.148091041,2.396107039,3.261487696,4.183682541,5.188728117,10.4168243,26.99316784
surpass,27479,1,-0.877061179,-1.03447441,-0.499125231,-0.833241613,-0.548933868,-0.6745,-0.477394269,-0.413768192,-0.376891408,-0.399757739,-0.271461045,-0.090528645,0.02029472,0,0.316308119,0.640700066,0.734685909,1.204950061,1.718556924,1.887380614,2.362952616,2.905051563,3.488148684,8.708847714,25.0852111
intricate,40679,1,-1.319042275,-1.467626789,-1.13968472,-1.108377809,-1.101417171,-0.881775543,-0.708531396,-0.546077832,-0.36731508,-0.343708682,-0.16620517,0,0.135513372,-0.038752095,0.203689321,0.307251654,0.538708087,0.575339204,0.6745,0.554683606,0.839651935,1.165383081,1.167222616,6.64657908,23.13437394
tapestry,482,1,1.752573218,1.587442668,4.555264062,-0.6745,0.186061588,-0.200574249,0.00484944,-0.646865326,2.115781984,2.633923213,-0.109647256,-0.429638956,-0.348125582,-0.242151063,-0.723871574,-2.288732256,0.443224519,-1.812356825,-0.05191753,0,1.592220792,1.111591404,-0.070851739,6.025678341,22.47044904
unlocking,5524,1,-0.670111848,-0.698213313,-0.765224498,-0.953288145,-0.59661571,-0.564190943,-0.520957921,-0.46259334,-0.458270038,-0.265883088,-0.268044739,-0.246428228,0,0.140507323,0.516634618,0.6745,1.229979489,1.586565458,1.489420857,1.737470323,2.121120165,3.118116896,3.291783947,9.044694164,22.22449723
emphasize,254731,1,-1.3842101,-1.177736369,-1.284225963,-1.245778597,-1.229394563,-1.097545833,-0.939665331,-0.556390045,-0.451389306,-0.373064257,-0.375552677,-0.036596237,0.089136921,0,0.287536816,0.105327669,0.191969543,0.286621192,0.575340919,0.6745,1.105514742,2.078640658,2.890935973,6.620245422,21.70420186
grapple,3383,1,-1.296690094,-0.787036132,-0.508420661,-0.313585368,-0.72248808,-0.460126891,-0.328269035,-0.956931327,-0.119371996,0.012628165,0.089261518,0.567181683,0,-0.883455015,-0.535848444,-0.419174955,0.247746038,0.714561219,0.6745,1.876131005,3.517687,4.806908768,4.39206618,9.183600843,21.34537723
intricacy,5961,1,-1.367861829,-1.498730299,-1.322904436,-1.083964432,-1.202023322,-0.6745,-0.886073393,-0.614154724,-0.444724123,-0.292950999,-0.230408543,0,-0.358847347,0.002401081,0.021018991,0.059302902,0.720114832,0.704888926,0.584396558,0.553963803,0.649549714,1.545400844,1.761574404,6.19116959,20.18166169
promptly,22395,1,1.908481936,-0.46048364,-0.634329584,1.50392229,-0.583801977,-1.161723586,-1.037655078,-0.939043967,-0.306408316,-0.543074983,-0.655068166,0,-0.6745,-0.440422631,0.530201091,0.366010566,1.243976142,0.925613497,-0.286153715,0.092948534,4.594430811,6.034274029,6.029458419,11.0885593,18.51089059
encompass,114241,1,-1.171376458,-0.98017391,-1.067730034,-0.895920093,-0.827401265,-0.761240997,-0.6745,-0.436499244,-0.528176015,-0.430809439,-0.198532251,0,0.083694322,-0.033182226,0.136997463,0.309736679,0.608244875,0.605320389,0.748750435,0.63171472,0.884952064,1.394201719,1.286693494,5.594648009,17.98623418
necessitate,84921,1,-0.916361667,-0.898678476,-0.726792863,-0.611607067,-0.691205006,-0.711882219,-0.6745,-0.571938316,-0.476986782,-0.159622425,-0.268518722,0,-0.125504921,0.071089583,0.123960743,0.284067133,0.31827897,0.445748462,0.68477606,0.687421464,1.288042928,1.769937036,2.27245504,5.27649748,16.88535711
deep dive,619,1,0.331896825,0.67664127,-1.299750794,-0.597414286,-0.6745,0.156312698,-0.822247619,-0.862931746,-0.40041746,-0.214126984,-0.087792063,0,-0.107063492,-0.00214127,0.633815873,-0.147747619,-0.012847619,1.604453492,3.390443841,3.452776206,2.495371635,8.500177476,6.371541127,11.44697162,15.61604541
exceptional,45635,1,-1.032202925,-0.852878254,-0.6745,-0.560670231,-0.490126586,-0.309481912,-0.490525077,-0.281210373,-0.24025827,-0.262203758,-0.051661559,-0.021774707,0,0.136892457,0.36928408,0.754155577,0.927883579,0.992979989,1.382455485,1.545787132,1.878452702,2.075606304,2.507168891,6.067383228,15.48571946
garner,17088,1,-0.869741685,-0.822225655,-0.859919517,-0.734115782,-0.756592003,-0.6894902,-0.551377885,-0.578175932,-0.461640971,-0.348120392,-0.231812417,-0.159099504,0,0.076939405,0.162390811,0.337992246,0.487867012,0.619151568,0.6745,1.03458713,1.459665086,1.60802358,1.9284062,5.267557317,14.81729099
realm,16345,1,-1.227595855,-0.701886925,-0.956075939,-0.909133198,-0.748917491,-0.610987511,-0.350767811,-0.399920828,-0.478875971,-0.33719145,0,-0.181462164,0.167871164,-0.023024924,0.063549083,0.418247087,0.704104519,0.436792909,0.960298882,0.6745,0.789119623,0.899055219,0.90396613,4.81557577,13.87551012
impressively,3838,1,-0.650003169,-0.303461654,-0.623554471,-0.434800839,-0.68024816,-0.618777768,-0.353556598,-1.155433851,-0.940979139,0.192012713,-0.211056851,-0.199914195,-0.004118619,0,0.088053393,0.6745,2.095790721,2.674949163,3.836981758,4.842999267,3.925755909,6.694676741,8.535609991,11.48767507,13.50678337
groundbreaking,4913,1,-1.30082093,-1.377090067,-0.957315902,-1.172596333,-0.614227759,-1.087014425,-0.596830197,-0.539915717,-0.384274349,-0.169403826,-0.111631154,-0.050284429,0.096494194,0,0.381755592,0.514443831,0.588314567,0.6745,0.76994762,0.90863622,1.077780147,1.518388127,1.597910367,4.378485117,13.10400578
profoundly,28449,1,0.702199157,-0.6745,0.212568994,0,1.294831212,-1.098663646,0.648888719,0.424395632,0.188071247,0.032965245,-0.108523164,-0.500997489,-1.316313138,-1.569433328,-1.030830868,-1.845450559,-1.036491333,0.454321857,-0.152623749,-0.68816399,-0.316962803,0.683709854,0.568737472,2.548624058,13.03006408
comprehend,17405,1,-0.832699001,-0.911807547,-0.757757237,-0.682085834,-0.707671439,-0.6745,-0.231259383,-0.356853772,-0.124183352,-0.098983671,0,-0.026447906,0.078125644,-0.040998476,0.23352066,0.294026427,0.322711491,0.555412061,0.867980967,1.079950141,1.565033445,1.904454272,2.963486085,7.203514796,12.82625765
leverage,81123,1,-0.731838047,-0.731271812,-0.72244857,-0.6745,-0.672424474,-0.582930298,-0.550856349,-0.521182634,-0.442537118,-0.383425202,-0.335231097,-0.142659122,0,0.134712792,0.311441214,0.589103762,0.884571139,1.258936583,1.708727521,2.189922948,2.753607272,3.800520459,4.529739795,6.751071241,12.80150448
renowned,5693,1,-0.910612746,-0.989639347,-0.964886476,-0.565063022,-0.609688121,-0.77941624,-0.6745,-0.375469989,-0.236892537,-0.227631607,-0.214098653,-0.024066713,0.181678083,0,0.278895901,0.655624089,0.761912644,0.701548352,0.731467154,0.413815798,0.909399901,1.215551903,1.061627349,3.303533139,12.02315942
pivotal,133265,1,-1.596015797,-1.391469903,-1.228187269,-1.014177134,-0.729970995,-0.698494407,-0.581952404,-0.515415892,-0.469700909,-0.322411249,-0.047152076,-0.024864773,0.042600458,0,0.098293001,0.22642274,0.401246625,0.529591978,0.6745,0.74481568,0.924085355,1.201188121,1.254441661,2.676825381,11.51444431
methodically,1313,1,-1.000243836,-1.063785033,-0.588996231,-0.722665339,-0.101713258,-0.6745,-0.301053953,-1.356780555,0,-0.387463395,-0.042000587,0.210311689,-0.581545012,-0.276446405,0.351359974,0.280346974,1.324886455,1.178414424,0.335695947,1.613847615,1.38314799,2.609429293,3.89982813,4.991544943,11.28726936
noteworthy,39685,1,-0.743965811,-0.789984205,-0.6745,-0.735517218,-0.50540041,-0.555648423,-0.26143089,-0.158163613,-0.208812588,-0.389234924,-0.071247076,-0.111041686,0.036487558,0.127754357,0,0.12198476,0.828111095,3.948544269,3.987167927,3.822017636,3.457049795,3.390887487,3.194948269,6.143365118,11.15351176
bolster,11373,1,-0.81195063,-1.000655403,-0.698202827,-0.684177581,-0.6745,-0.518765022,-0.195516114,-0.361814308,-0.294344985,-0.033235485,0,-0.098490719,-0.014854523,0.193632126,0.389019421,0.554085776,0.598190424,1.038657217,1.195583777,1.247248532,1.668158882,2.284947652,2.700721316,4.64986819,11.07192523
unveil,52374,1,-0.873260757,-0.810907627,-0.717475299,-0.691958715,-0.6745,-0.634612208,-0.575315696,-0.457880321,-0.422307517,-0.323704723,-0.210691774,-0.091108976,0,0.157453437,0.279914237,0.422303488,0.586987519,0.801295933,1.0382389,1.387256074,1.672356892,2.036419449,2.152683748,4.234996787,10.85568805
prowess,1114,1,-1.737137104,-1.432670492,1.907137185,3.669481071,1.79181251,0.616901408,0.999802276,0.709459841,-0.478846918,-0.272839749,-0.539969724,-0.353942209,0.327378558,-0.070848545,-0.497187402,0.421822035,0,-1.017614584,-0.6745,-0.901552283,-0.765892801,0.241813914,0.660685444,4.00002869,10.7915811
advancement,126186,1,-0.817882414,-0.748863852,-0.775651875,-0.760463378,-0.610547691,-0.6745,-0.580718504,-0.454260378,-0.405831408,-0.321335691,-0.21166843,-0.085248791,0,0.104713263,0.228273271,0.27976329,0.545068706,0.72483539,0.917517236,1.130670647,1.352208584,1.877418962,2.203428974,4.233127405,10.61799748
transformative,11764,1,-0.716978855,-0.667584838,-0.753530427,-0.743651624,-0.692775786,-0.6745,-0.669560598,-0.585590769,-0.450745103,-0.369931551,-0.290426942,-0.18674396,0.017282967,0,0.233248427,0.343382267,0.670662085,0.742574834,1.251698726,1.091163231,1.36642127,1.750296752,2.102851488,3.575588441,9.929624917
exercise caution,1184,1,0.472391646,-1.328640064,-1.036104802,0.049809864,-1.492465569,-0.646119483,-2.07421475,-0.183681584,0.348309147,-0.535743952,0.6745,-0.055650492,-0.469563877,-0.631394519,0,-0.230869335,0.737965417,0.675106685,1.134644836,1.201709231,1.178809444,0.328627876,-0.696854798,3.327440788,9.528593993
seamlessly,4744,1,-1.249303813,-1.396898922,-1.132980685,-1.026066248,-0.588186955,-0.390287854,-0.833260413,-0.42215197,-0.400081659,-0.124177656,-0.190415988,-0.19156829,0,0.262807034,0.557260511,0.408465911,0.6745,0.630265002,1.048944844,1.172273115,1.23673809,1.501006432,1.56253357,3.218392939,8.711098012
nuanced,15995,1,-0.6745,-0.707716867,-0.684348211,-0.617525369,-0.588433971,-0.56708889,-0.532587605,-0.507152392,-0.434757794,-0.276128754,-0.168926353,-0.135143838,0,0.201131501,0.42909546,0.681577487,0.763951858,1.000835861,1.21763771,1.399492961,1.623217316,2.11917178,2.414779983,3.347131256,8.523918584
notably,236220,1,-0.989435413,-0.922497868,-0.874685335,-0.816272446,-0.6745,-0.631001752,-0.599877387,-0.492754365,-0.433111099,-0.335077239,-0.209520573,-0.088973704,0,0.10677431,0.243596565,0.34015748,0.532698229,0.772332091,0.916736776,1.052116368,1.151126241,1.411364436,1.630012103,2.946578631,8.099806035
scrutinize,14722,1,-0.837804061,-1.194831067,-1.16543852,-0.947265459,-0.502897895,-0.559200855,-0.36217325,-0.554389445,-0.414858553,-0.429401968,-0.276514137,0,0.147312128,-0.077208209,0.38084385,0.6745,0.540370117,0.928347373,1.097132511,1.230206941,1.666458436,2.235966335,2.305655352,3.630998646,7.98577603
embark,5845,1,-0.6745,-1.098071118,-3.11246802,-0.421750499,-1.159972186,-3.023099343,0.539615831,-0.435128095,-0.057943199,-0.077099284,0,0.311325959,2.164875073,1.075986211,2.251473243,-1.282270332,1.050576693,-0.109712123,0.851970837,0.38430906,-0.65186099,0.42594584,0.525921605,1.551959512,7.936001878
complex,1610661,1,-5.328143351,-3.691340377,-2.844680583,-2.414407693,-1.220114354,-1.345911803,-0.681590687,-0.059190567,-0.317485818,-0.029800999,0.474990213,0.640298443,1.033463031,0.75889338,0.625172535,0.126479651,0.482171626,0.585060431,0.6745,1.101610846,-0.50448176,-0.308468085,0,1.941843167,7.701170184
excel,17729,1,-1.137208777,-1.01043597,-0.81323485,-0.865607336,-0.6745,-0.601319357,-0.497872306,-0.426100045,-0.350489253,-0.392846577,-0.32282789,-0.209623419,0.149481818,0,0.244869794,0.532350054,0.638406755,0.762804642,1.040044214,1.240306034,1.984576183,2.174813636,2.92653072,4.305732694,7.63780384
invaluable,19553,1,-3.273604287,-2.416057874,-3.012344577,-2.59554466,-2.09223034,-2.612428264,-0.64847111,-1.129850814,-0.490721965,-0.327921809,-0.29753132,0.540528598,0.6745,0.415575855,0.927388256,0.628224854,0.92809174,0,0.625650104,-0.308083573,0.443813684,0.913051262,0.561070317,2.568151012,7.613253431
crucial,576555,1,-1.226433166,-1.049181097,-0.975399233,-0.835299532,-0.759548253,-0.6745,-0.533347826,-0.450948519,-0.398166812,-0.283766697,-0.15945894,-0.07237382,0,0.101654474,0.203462788,0.307745079,0.417525739,0.612898807,0.730417058,0.912156495,1.124994977,1.394780141,1.719186843,3.26427747,7.550767067
testament,902,1,-0.327701094,-0.16774245,-1.316273295,3.899078764,0.39215621,0,0.690458248,0.09896139,-0.6745,1.144349582,1.09034039,0.547282529,-0.813176158,0.272317439,-0.530832368,-0.105717964,-0.303713085,-1.357666356,-0.705505009,0.866288331,-0.781462216,0.562343758,-0.071385307,2.009248981,7.471570474
ethical consideration,8802,1,-0.775004151,-0.6745,0,-0.373041085,-0.411460955,-0.298182304,-0.303536243,-0.455031314,-0.145070343,-0.113246527,-0.056184241,0.059353773,-0.206405074,-0.146676525,0.97088338,0.979128447,1.330250504,1.50196205,1.494605737,2.4115107,2.072852614,1.515154157,1.737588925,3.275390246,7.405451263
well-rounded,623,1,-1.940998019,-0.285371224,-0.346632816,-0.693994395,-0.564897166,-0.925661901,0,-0.875207248,-0.956664669,-0.323221323,0.6745,0.005283528,-0.555028508,0.150155427,-0.33725,-0.2952247,0.254368455,0.101890098,1.705197823,1.198404279,0.826082587,3.547797731,3.73754925,4.127573797,7.321390357
revolutionize,32593,1,-0.749734399,-0.82290607,-0.735671872,-0.841278739,-0.610589017,-0.6745,-0.603455817,-0.507541372,-0.432074317,-0.252883233,-0.110794867,-0.035483715,0,0.059617631,0.24136074,0.334677587,0.647178451,0.708714898,0.994534618,1.152261339,1.436805046,1.609771968,1.653585746,3.656643154,7.143850008
ingenious,2136,1,-0.727975352,-0.456302151,-0.211251542,-0.031019363,-0.6745,0,-0.173085214,-0.136211359,0.701382268,-0.258193706,0.081791734,-0.125234187,-0.284090389,-0.456426087,-0.115360634,0.718886726,1.336895602,0.826988262,1.972768941,2.92090741,3.176592892,4.649623131,4.508395322,7.023879183,7.12609672
offer,779246,1,-1.198301065,-1.117245626,-1.007207508,-0.881394693,-0.831562513,-0.6745,-0.613112683,-0.498456615,-0.46738969,-0.331197203,-0.162742619,-0.075521814,0,0.059500627,0.173770785,0.247106376,0.425228422,0.625738188,0.716320683,0.745150477,0.904363578,1.149772112,1.291160594,2.4524394,7.046209842
expansive,6847,1,-0.757512481,-0.767241653,-0.310180257,-0.768394896,-0.269019989,-0.374950541,-0.357484161,-0.362285843,0,-0.060576676,-0.546448163,0.26354733,-0.079825339,-0.151200556,0.197183474,0.876296444,1.117324095,0.6745,1.475856659,1.797904828,1.572812889,2.413694308,2.834942287,4.015086639,7.01657809
actionable,16013,1,-0.6745,-0.594026912,-0.676082753,-0.643982547,-0.563361076,-0.58957542,-0.524286867,-0.526265308,-0.407064237,-0.398034632,-0.382333724,-0.232466818,0,0.464933636,0.910082863,1.468992447,2.037794236,2.45821295,3.081421867,3.463740753,3.917313192,4.639444159,5.331898511,5.588848537,6.939347206
valuable,345639,1,-1.194943372,-1.050470745,-1.012932362,-0.949844127,-0.765475576,-0.701791146,-0.644591825,-0.536079701,-0.463633732,-0.432847427,-0.271552667,-0.090739433,0,0.079639507,0.211299646,0.253520787,0.413438794,0.542826392,0.6745,0.824139943,0.897205451,1.157188899,1.445096201,3.063138089,6.934451166
particularly,862961,1,-1.492171492,-1.46686846,-1.363291327,-1.264625592,-1.088149816,-0.994747077,-0.823024598,-0.609821717,-0.632546922,-0.492810825,-0.292573683,-0.183299764,0,0.166631556,0.365354972,0.299416532,0.551877078,0.6745,0.669543196,0.644539137,0.694655295,1.075917305,1.113206032,2.178571501,6.875013422
endeavor,21266,1,-1.216617778,-0.966393954,-1.039262811,-0.870692716,-0.874691491,-0.839021594,-0.716779269,-0.703075697,-0.652811311,-0.496026205,-0.295515641,0,0.101328528,-0.027183378,0.040683903,0.10291975,0.181411754,0.389053811,0.6745,0.512050309,0.673198844,0.837807459,0.988782946,2.436140364,6.845814696
effectively,460855,1,-1.168076438,-1.094904807,-0.956756309,-0.88370754,-0.742208208,-0.6745,-0.589430713,-0.4812574,-0.413309881,-0.307694965,-0.238711999,-0.164577207,0,0.101555281,0.229455635,0.325430552,0.438342697,0.625301559,0.913512987,1.22979104,1.425619669,1.884369097,2.6408239,3.614880104,6.53336556
thereby,353807,1,-1.559691231,-1.399938015,-1.259593385,-1.166605249,-0.911803446,-0.73327267,-0.6745,-0.549155575,-0.490252767,-0.4146249,-0.213939246,-0.076912512,0,0.010617352,0.115375253,0.239001519,0.284455737,0.429228832,0.479632486,0.767929183,0.805462127,1.025800322,1.313515373,2.387399876,6.479995111
foster,74189,1,-0.969092031,-0.874670697,-0.854103579,-0.737994262,-0.6745,-0.615719583,-0.494775859,-0.340141691,-0.376805593,-0.231311438,-0.1560069,-0.118150512,0,0.18576894,0.250441365,0.327542392,0.66932062,0.862277905,0.922142183,1.06288907,1.159635694,1.586099596,1.935370557,2.7023068,6.451498993
employ,724743,1,-1.40100776,-1.235444456,-1.192520591,-1.101449323,-0.909046047,-0.6745,-0.573101021,-0.531360421,-0.437340014,-0.337796783,-0.251204742,-0.13163433,0,0.064840451,0.132333531,0.255307477,0.319391645,0.464994045,0.710783531,0.794235931,0.77707166,1.057897566,1.36964692,2.544824536,6.432305596
utilization,290925,1,-0.71317641,-0.803676652,-0.6745,-0.498238335,-0.590574035,-0.560206113,-0.232393874,-0.385113033,-0.413394358,-0.372849119,-0.209255225,-0.203708126,0,0.188734295,0.572749447,0.7248368,1.002911803,1.421336843,1.843978629,2.279384909,2.408828536,2.775843217,3.235223011,4.234936762,6.287491299
game changer,1909,1,-0.6745,-0.6745,-0.624481589,-0.6745,-0.6745,-0.6745,-0.6745,-0.6745,-0.640716733,-0.610046766,-0.314257353,-0.092530625,0,0.063301198,0.2403805,0.382143504,0.733796082,0.995200612,1.16691996,1.558388935,2.495905694,3.027007833,3.499702031,4.026816026,6.276978437
predominantly,230799,1,1.173515573,1.505608092,1.498460608,1.072985621,1.085205662,0.898561611,0.65424497,0.363807088,0.331116262,0,0.085508147,-0.201769908,-0.065126111,-0.151691614,-0.393864469,-0.700381512,-0.6745,-0.659230306,-0.891822686,-0.815394644,-1.040737018,-0.589222911,-0.861454678,0.324709387,6.205541695
transcend,4893,1,-1.152787032,-1.399902955,-2.053654624,0,-1.568441922,-0.998443537,-0.767645238,-0.500512266,-0.258357589,-0.679633312,-0.297703423,-0.110122449,-0.544389179,0.6745,0.343473065,0.19001858,0.493400191,0.509603104,0.569768963,0.53532702,0.698933418,1.689404549,1.516850702,2.290202806,5.936374298
navigate,39505,1,-0.975518593,-0.95450237,-0.889259437,-0.838220714,-0.714973699,-0.6745,-0.572914208,-0.418884291,-0.409987096,-0.367644796,-0.241447859,-0.115783678,0,0.133717185,0.130006859,0.266199703,0.479963185,0.642152026,0.833775278,0.998316469,1.452462297,1.942830836,2.188126558,2.911464696,5.915347658
multifaceted,49253,1,-1.00155556,-0.938277601,-0.936520736,-0.87406727,-0.682584404,-0.683470542,-0.586858382,-0.449503138,-0.422359061,-0.346487668,-0.212985197,-0.046694336,0,0.032837192,0.256698771,0.324264867,0.364308032,0.465661672,0.6745,0.766989692,0.953964812,1.251585179,1.285660396,2.226740248,5.887963275
essence,11524,1,-1.213134047,-0.907881255,-0.417659876,-0.507729286,-0.045710298,0.6745,-0.338716179,0.767674261,0.049361372,-1.547394191,0.267074631,0.713799356,0.879046394,0.203856427,-0.176775232,-0.679128527,-0.409207783,-0.52132738,0,-0.445546032,1.009363865,2.553681954,3.051349224,3.546457868,5.80589775
knowledge gap,32952,1,-0.71966956,-0.6745,-0.687741679,-0.6956035,-0.615786554,-0.617364099,-0.567269556,-0.446617763,-0.442897571,-0.341454827,-0.305538901,-0.081408821,0,0.192388116,0.477911466,0.670639451,1.028488843,1.309136445,1.636750321,2.005312028,2.44687033,3.150875768,3.535198229,4.409112639,5.759547807
align,103403,1,-1.300830026,-1.192146681,-1.153776305,-0.974729629,-0.746988001,-0.6745,-0.557266763,-0.531820246,-0.417676272,-0.286547752,-0.103604284,-0.00594122,0,0.141099697,0.206333605,0.249256355,0.455645446,0.642184375,0.785658852,0.96022059,0.911320768,1.11066405,1.37380886,2.365533279,5.63563175
subsequently,388534,1,-1.23542475,-1.099435928,-0.982803844,-1.037718898,-0.743357076,-0.659755122,-0.53245377,-0.393261125,-0.32592461,-0.316140308,-0.227824614,-0.097724924,0,0.101082829,0.355336311,0.412291957,0.426115883,0.6745,0.94523332,1.15741846,1.074566142,1.203768195,1.469623049,2.472891107,5.535820636
essential,915763,1,-1.757827573,-1.511502871,-1.28446537,-1.131303197,-0.933803782,-1.062456772,-0.707561034,-0.633639946,-0.62556164,-0.454476215,-0.173480014,-0.211759486,0.003130886,0,0.104498374,0.065069287,0.202603896,0.438891459,0.50418069,0.6745,1.286909852,2.076260668,2.631571782,3.505862161,5.485751473
strategically,9160,1,-1.174580414,-1.35027634,-0.800918973,-0.968630113,-1.163450725,-0.986703094,-0.659296232,-0.70778696,-0.579244157,-0.554677155,-0.536593963,-0.292169654,0.108029459,0,0.22539152,0.38252435,0.314480086,0.480179713,0.651566714,0.6745,0.921272775,1.191172841,1.376528112,1.90713859,5.465065337
additionally,648274,1,-0.886498088,-0.822689161,-0.762788376,-0.733786686,-0.6745,-0.595586144,-0.519067552,-0.443907303,-0.383320808,-0.319259267,-0.214140323,-0.105039548,0,0.129555737,0.281436648,0.432564908,0.555145954,0.747909285,0.946953087,1.07413027,1.162181185,1.399051653,1.6457698,2.65782716,5.426126412
exhibit,1386494,1,-0.959575463,-0.917945932,-0.860887604,-0.763002007,-0.6745,-0.592093396,-0.506352955,-0.442981038,-0.39746298,-0.324325231,-0.169697349,-0.09397783,0,0.18843191,0.346276446,0.422876231,0.4960654,0.734967807,0.904231494,1.018671538,0.78332946,0.757348137,0.90059176,1.975713152,5.256117672
innovative,164030,1,-0.957679204,-0.900236064,-0.79054688,-0.793555727,-0.6745,-0.6421698,-0.556685098,-0.475314828,-0.375822333,-0.367836436,-0.269290987,-0.127722014,0,0.154068139,0.249466448,0.371050813,0.524980277,0.678358093,0.798442237,0.934602468,1.105184116,1.380279243,1.642583716,2.344669519,5.184299234
foundation,146692,1,-0.848371014,-0.842070215,-0.864521917,-0.772975854,-0.623203218,-0.6745,-0.527156875,-0.507441691,-0.388013774,-0.238254072,-0.176988739,-0.129337925,0,0.176988739,0.34036296,0.428857329,0.605846068,0.701147697,0.92578725,1.232113914,1.233312672,1.595187252,2.185406576,2.972175298,5.148347826
harness,39825,1,-0.93134918,-0.883398179,-0.837749839,-0.79707283,-0.6745,-0.571875893,-0.554422922,-0.486168719,-0.419560099,-0.353134481,-0.284481131,-0.174293397,0,0.080567251,0.275282008,0.387477007,0.528912072,0.771938073,0.96292073,1.027935643,1.295645378,1.599197685,1.647716427,2.647824148,5.01586183
comprehensive,592107,1,-0.956448147,-0.921718649,-0.824977527,-0.79055125,-0.709655979,-0.6745,-0.55275918,-0.489115321,-0.436493647,-0.349106397,-0.239773802,-0.139631461,0,0.098846665,0.214900546,0.318490823,0.470684257,0.59052329,0.735275167,0.889520847,1.076131128,1.414665728,1.675575119,2.475766573,4.878269261
enhance,1859012,1,-1.199218182,-1.103979824,-0.981521043,-0.896281228,-0.755708934,-0.6745,-0.566319986,-0.477667829,-0.421548299,-0.34944736,-0.184294595,-0.118688645,0,0.105289635,0.163717993,0.265999093,0.313538902,0.502086302,0.720847525,0.777965715,0.681798192,0.731748426,1.021687464,1.754820915,4.865339129
outperform,91957,1,-0.833834699,-0.815797622,-0.802974415,-0.760185728,-0.6745,-0.618805966,-0.489181587,-0.420220438,-0.383211865,-0.291534556,-0.209129196,-0.082696055,0,0.117670927,0.29615888,0.394688787,0.569761218,0.731833927,1.102863979,1.285839937,1.323591851,1.837409118,2.471390067,3.225703056,4.699341927
deeper,76106,1,-0.9443,-0.913169231,-0.8094,-0.913169231,-0.664123077,-0.560353846,-0.518846154,-0.570730769,-0.373569231,-0.373569231,-0.249046154,-0.093392308,0,0.114146154,0.300930769,0.435830769,0.6745,0.892415385,0.996184615,1.0792,1.328246154,1.442392308,1.625446419,2.332699102,4.494774608
ultimately,183638,1,-1.172984886,-1.031830426,-0.941289988,-0.867890038,-0.744656323,-0.6745,-0.576076979,-0.530798039,-0.426850643,-0.360992652,-0.155965467,-0.157888148,0,0.101141348,0.116632065,0.278583596,0.503587584,0.601175973,0.76365896,0.879947323,1.056484146,1.245911347,1.468435035,2.355793504,4.382343221
shed light,84170,1,-1.007579378,-0.928241068,-0.900479808,-0.844033102,-0.75117583,-0.6745,-0.533292819,-0.559550226,-0.371541304,-0.320506043,-0.240553755,-0.090839505,0,0.052997276,0.15544948,0.281774653,0.432656104,0.627144321,0.787772234,0.979368534,1.165713495,1.415712082,1.656884104,2.681673462,4.35320156
vital role,40824,1,-0.820937988,-0.833210904,-0.775381771,-0.6745,-0.472831107,-0.600251922,-0.593381465,-0.429947353,-0.354982906,-0.24208433,-0.131739441,-0.121352097,0,0.195472119,0.448511692,0.625586501,0.851303851,1.295296482,1.784715419,2.221943379,2.727374824,3.311437929,3.78022508,4.139342881,4.274797788
address,906912,1,-1.190914063,-1.064445313,-1.001210938,-0.897876905,-0.769351563,-0.6745,-0.600726563,-0.484796875,-0.358328125,-0.305632813,-0.189703125,-0.094851563,0,0.0843125,0.221320313,0.316171875,0.46371875,0.621804688,0.769351563,0.895820313,1.074984375,1.338460938,1.538703125,2.23428125,4.268320313
thoughtfully,1035,1,-0.519442529,-0.418655172,-0.465172414,-0.6745,-0.643488506,-0.093034483,-0.837310345,-0.302362069,-0.961356322,-0.91483908,0,0.224833333,-0.131798851,-0.558206897,0.077528736,0.364385057,1.403270115,1.411022989,1.635856322,1.356752874,2.13204023,1.147425287,2.0235,3.3725,4.240821839
further research,188812,0,-0.954311882,-0.972021494,-0.904724966,-0.809093057,-0.70283538,-0.6745,-0.582410014,-0.387604273,-0.384062351,-0.320307745,-0.16092123,-0.086540856,0,0.12674274,0.198576825,0.299770615,0.432263666,0.607536412,0.76764973,0.88770957,1.002291827,1.325791907,1.605913352,2.289457297,4.214348403
thoroughly,53154,1,-1.042387822,-1.055648642,-0.882908677,-0.877404186,-0.834585159,-0.66361287,-0.633760592,-0.608863655,-0.404677579,-0.379080396,-0.232891315,-0.053792266,0,0.105902965,0.15271551,0.248870261,0.482491067,0.6745,0.806133374,0.865189675,1.017037593,1.234890664,1.75522592,2.383379665,4.131096212
juxtapose,4666,1,1.386333024,0.698887568,2.154207343,2.056991147,0.764450037,0.508213534,0.34439088,0.693500588,0.229426882,-0.008727743,0,-0.210927408,0.00626393,-0.648692608,-0.041425458,-0.098886578,-0.635287797,-0.823999133,-1.472858779,-0.6745,-0.566802161,-1.467889395,-1.425879303,1.119614877,4.055351907
interplay,112430,1,-1.425370136,-1.349361425,-1.264325995,-1.148061021,-1.106936193,-1.023966231,-0.835040818,-0.6745,-0.557041941,-0.508444268,-0.302538876,-0.244431523,0,0.057548035,0.214143084,0.278720454,0.320467596,0.420549889,0.50620445,0.548381102,0.688743202,0.904382891,0.751810605,1.376306682,3.987253508
insight,839913,1,-1.094523161,-1.032474285,-0.929059491,-0.873374603,-0.769959809,-0.6745,-0.586995175,-0.491535366,-0.419940509,-0.33234961,-0.197549223,-0.105416904,0,0.088464514,0.184274741,0.282251428,0.396983777,0.551814178,0.689339227,0.805937975,0.908614785,1.124757033,1.335739678,1.989428087,3.986100381
journey,27336,1,-0.849478068,-0.888175589,-0.946420634,-0.68965019,-0.823545576,-0.6745,-0.629415057,-0.489004648,-0.478376939,-0.409329961,-0.179593796,-0.123991569,0.036363891,0,0.205239186,0.18147346,0.342390856,0.584423361,0.75611079,0.813131354,1.151510134,1.583101598,1.941344451,2.487112007,3.968289684
elucidate,458892,1,-1.341069483,-1.139770067,-0.953874055,-0.884989913,-0.774799668,-0.6745,-0.647985582,-0.43775721,-0.34538615,-0.333575874,-0.203701289,-0.116138065,0,0.096550543,0.20641352,0.258984181,0.366518922,0.577374284,0.716716999,0.818738914,0.737146145,0.9183895,1.038766501,1.437264122,3.940339883
intriguing,36645,1,-2.132085213,-2.52541263,-1.655564289,-1.615898755,-1.442814055,-1.130695475,-1.17778842,-0.785018757,-0.297310237,-0.6745,0,-0.056914046,0.410376066,-0.098378333,0.379234857,0.218978476,0.319369368,0.217393528,0.682145864,0.781365475,0.481517462,0.385616481,0.333861651,1.576716606,3.784874681
scholarly,10918,1,-0.612306523,-0.530875888,-0.74420648,-0.684005722,-0.701895053,-0.504848008,-0.6745,-0.52465912,-0.329785364,-0.442873794,-0.111979214,-0.055022268,0,0.454269053,0.481373904,0.55743258,1.150753454,1.393878101,1.578523855,1.837222667,1.854544492,2.321930668,2.446962516,2.96177412,3.748807942
in summary,131170,1,-0.86160067,-0.846221619,-0.697446963,-0.6745,-0.71366379,-0.618150085,-0.57692969,-0.527203613,-0.468344874,-0.442348586,-0.288614834,-0.142546285,0,0.018735561,0.087017932,0.282145039,0.476537065,0.76872461,1.058896987,1.335227138,1.434507232,1.546270193,1.888570272,2.048427898,3.683234831
compellingly,320,1,-1.099886106,-2.282821419,-2.318175208,-2.371273348,-0.527059677,0.536715278,-0.950449658,-0.6745,0.625912304,-0.607787738,-0.799127471,0.502894611,0.253363708,0.596476366,1.429145475,0.740559152,1.368249877,-0.581764529,0,0.271485207,0.519912263,0.712932297,-1.337955391,-0.330265097,3.673267834
aim to,1835378,0,-0.928955398,-0.877790074,-0.821462994,-0.733958683,-0.6745,-0.598744872,-0.53461665,-0.463154445,-0.417005757,-0.339067429,-0.225053437,-0.119759922,0,0.150488859,0.285210902,0.451152271,0.608381859,0.804498954,1.019357059,1.288129443,1.653029526,2.157035119,2.536745367,2.903234111,3.660987081
excellently,2038,1,-1.247825,-0.964535,-0.114665,-0.66101,-0.600305,-0.438425,-0.33725,-0.9443,0.465405,-0.21584,-0.708225,0.86336,-0.39121,0.28329,0.29678,0,-0.98477,0.6745,0.748695,0.559835,1.585075,1.59182,2.59008,2.52263,3.6485054
unearth,2357,1,-0.5467,-0.825966667,-0.6745,-0.705266667,-0.598766667,-0.355,-0.229566667,-0.821233333,-0.5396,-0.4118,-0.196433333,-0.002366667,0,0.2414,0.407066667,0.1846,0.7597,0.8023,0.8165,1.067106333,1.264604667,1.570496333,1.885570667,2.255433333,3.613687
effortlessly,941,1,-0.903874429,-1.514124428,-1.387093449,-1.012940346,-0.70579136,-0.586382574,-0.358393564,-0.331051444,-0.238491123,-0.135938268,-0.006632494,0,-0.05157899,0.334307975,0.360957386,0.517868031,0.465484861,0.6745,1.701788191,0.855766948,1.05693138,1.389376206,2.696256283,2.367251118,3.607885873
accurately,221987,1,-1.377215594,-1.268833618,-1.229464317,-1.133298606,-0.911401057,-0.751812399,-0.6745,-0.569194818,-0.506768742,-0.4387398,-0.232743838,-0.239206945,0,0.050778926,0.121611403,0.137102049,0.233859472,0.361873023,0.559287068,0.69930616,0.763087496,1.143619397,1.653396093,2.370974363,3.588036913
significant,4394084,1,-1.817224305,-1.664152683,-1.562104935,-1.358009439,-1.204937816,-1.00084232,-0.847770698,-0.74572295,-0.6745,-0.611932842,-0.39734745,-0.236446571,0,0.152127987,0.234364848,0.238028821,0.248085882,0.337434655,0.408879968,0.442657058,0.431624727,0.747907997,1.003501225,1.485166494,3.561082912
highlight,1002509,1,-0.954977925,-0.912143701,-0.866879837,-0.810714934,-0.744683051,-0.6745,-0.589945116,-0.500662432,-0.422162116,-0.316621084,-0.214713397,-0.118864248,0,0.102843561,0.213554843,0.303076616,0.447044199,0.585684803,0.713659064,0.823902964,1.031629042,1.324300847,1.432918918,1.888214853,3.543562871
capability,261570,1,-1.114744366,-0.983477603,-0.9167918,-0.929929747,-0.836949734,-0.6745,-0.627340501,-0.518796475,-0.450971745,-0.369827888,-0.26673307,-0.13080071,0,0.058507906,0.211987679,0.265818153,0.384874002,0.531723374,0.717032505,0.856792751,0.814515814,0.934226221,1.252116586,1.741206017,3.52856504
landscape,125161,1,-0.811149064,-0.743202333,-0.723779923,-0.699732737,-0.6745,-0.600495701,-0.495049902,-0.409315022,-0.345567619,-0.293399978,-0.212136802,-0.180286737,0,0.150568788,0.24101511,0.406909778,0.572223675,0.736131418,0.92570485,1.026264376,1.209517618,1.488512771,1.704122564,2.173022802,3.448373043
models,4922986,0,-11.62272164,-9.365489759,-8.467607862,-7.174859635,-5.641662834,-3.783518106,-2.859881177,-1.198844966,-0.564385334,-0.426207041,-0.03375005,0.312423413,1.043715942,0.658539585,0.20496284,0.141693504,0,0.644065618,0.6745,0.732838607,-0.586091997,0.09443486,0.418550703,0.873111139,3.387392737
explore,1451561,1,-1.060233385,-1.004220536,-0.939864184,-0.862822164,-0.763102184,-0.6745,-0.579880426,-0.504501036,-0.422156132,-0.339591775,-0.230873666,-0.109459233,0,0.10501396,0.239151522,0.330038483,0.449274752,0.6434766,0.844912177,1.043237243,1.226534521,1.59605344,2.021385499,2.241001172,3.355704675
efficacy,1196170,0,-1.256550052,-1.166546135,-0.976294102,-0.841119033,-0.765331986,-0.6745,-0.565214053,-0.45584915,-0.434797753,-0.315745253,-0.197537415,-0.074640114,0,0.105464355,0.227040108,0.347520445,0.476878747,0.644595149,0.753302369,0.860321238,0.987396629,1.318992982,1.524765213,1.807001696,3.174388196
illuminate,42308,1,-0.978958089,-0.902510169,-0.919498596,-0.732625902,-0.758108542,-0.573359402,-0.361004068,-0.297297467,-0.233590867,-0.148648734,-0.021235533,-0.042471067,0,0.191119801,0.191119801,0.276061934,0.450981146,0.6745,0.954838771,0.867594705,0.923614042,1.018362745,0.901157466,1.478706638,3.150592923
facilitate,737852,1,-1.144745141,-1.064724365,-0.98747094,-0.894117962,-0.731265319,-0.6745,-0.618692416,-0.503991687,-0.412917034,-0.310852949,-0.188270607,-0.109371394,0,0.119939092,0.195620231,0.263642206,0.407985364,0.569066695,0.686151604,0.812500055,0.85853126,1.083343327,1.199027543,1.640730596,3.097872502
finding,3144876,1,-1.397158512,-1.346665306,-1.267375349,-1.145635981,-1.076052924,-1.001229039,-0.872396599,-0.700435707,-0.559323192,-0.45645783,-0.2796246,-0.140457343,0,0.024560883,0.084785776,0.157055189,0.221453986,0.453413911,0.583499029,0.6745,0.66341887,0.97058169,1.177755512,1.633649538,3.091797958
integrate,602202,1,-1.041681127,-0.968456396,-0.905209168,-0.845085693,-0.726859586,-0.6745,-0.551481628,-0.476383269,-0.4198168,-0.297710008,-0.203875721,-0.111691483,0,0.07719245,0.16501168,0.264906339,0.406096716,0.525358599,0.679558402,0.810102578,0.817920773,1.107545729,1.414386635,1.708234059,3.015981019
significance,668198,1,-1.452063552,-1.253047013,-1.164678195,-1.120649527,-0.993708012,-0.957609927,-0.941402569,-0.712365537,-0.601962567,-0.333362858,-0.051894089,-0.084546391,0.080279022,0.04922466,0,0.128998728,0.254196303,0.370234609,0.594421168,0.6745,0.640490479,0.856549398,1.096766413,1.544085956,2.823916827
fortify,17204,1,-1.564286446,0.172092477,0.989283234,0,-1.212987922,-1.054454717,-0.276000299,1.462351164,1.017131773,0.598083485,0.426550153,0.6745,0.914715004,0.664435386,0.048490317,-0.156234497,0.682203779,-0.110602033,-0.707567228,-0.055464101,-0.510639383,-0.891712391,-1.289497628,-0.15600152,2.770844198
critical,1121848,1,-1.602593678,-1.525668547,-1.357271494,-1.209723337,-1.021108428,-0.89826494,-0.755503381,-0.622702606,-0.508078684,-0.444397346,-0.220813702,-0.119830739,0,0.040442834,0.150215279,0.181286282,0.343015273,0.533249284,0.610647985,0.6745,0.998530488,1.250517367,1.388274641,1.657250755,2.745705935
milestone,20555,1,-0.879737159,-0.759996656,-0.863987976,-0.6745,-0.597281907,-0.647623386,-0.398374289,-0.434616937,-0.367235861,-0.339095637,-0.107682594,0,-0.090015021,0.280360721,0.556877003,0.606586676,0.935902733,1.164394156,1.292903349,1.236737775,1.272823429,1.891778172,1.604440789,2.038311047,2.650396344
soil,269135,1,-2.826866767,-1.172326641,-1.0863959,-0.873082476,-0.803181959,-0.461792821,-0.231780492,0.017529292,0,-0.193465916,-0.416200804,-0.361274108,-0.281707381,-0.097593626,0.102995515,0.200574781,0.53853623,0.6745,1.121395171,1.382917269,1.423583153,1.566007712,2.171568072,2.360262069,2.61231338
complexity,256336,1,-1.273515681,-1.085937683,-0.977719845,-1.002463962,-0.840768598,-0.72942548,-0.601940956,-0.537873955,-0.403224163,-0.322015729,-0.230608249,-0.089746847,0,0.092408745,0.242681536,0.279350249,0.389642334,0.538977541,0.67622215,0.6745,0.6895236,0.886940512,1.060916896,1.354342961,2.52626139
emerge,754465,1,-1.217456416,-1.130964753,-1.046000234,-0.939604766,-0.850218684,-0.757966982,-0.680014587,-0.574261499,-0.467207129,-0.327223577,-0.186310666,-0.119652124,0,0.099884902,0.184269598,0.262048669,0.384636556,0.464202398,0.601067475,0.6745,0.941093184,1.187183603,1.211941378,1.476702114,2.491097288
pipeline,52059,1,-0.809388068,-0.790246509,-0.701888593,-0.677384547,-0.627139029,-0.57602072,-0.486676534,-0.468237797,-0.380012551,-0.267531079,-0.221536033,-0.122434285,0,0.136590009,0.370906662,0.465673663,0.6745,0.789920256,1.036691275,1.278572667,1.352329286,1.704813899,1.978058166,2.282393292,2.36633469
examine,2481219,0,-0.908877463,-0.598214801,-0.6745,0,-0.007014984,0.154641468,0.604776646,1.109920213,0.809180073,0.328675261,0.649176247,1.038997796,0.934954755,0.80899814,0.442389502,0.057413284,-0.082104081,-0.103596248,-0.249635264,-0.745400839,-2.23621394,-1.324795767,-1.120734627,-0.811554082,2.341279612
potential,3443010,1,-1.139324644,-1.062169489,-0.976075564,-0.88810059,-0.78246782,-0.6745,-0.60107348,-0.494679197,-0.415003321,-0.347936463,-0.199538566,-0.103534699,0,0.09471212,0.205412195,0.278011544,0.382834191,0.560662491,0.688424471,0.79046039,0.870900499,0.987898516,1.083752355,1.423009561,2.267962497
analysis,8062813,0,-2.36075,-1.98134375,-1.854875,-1.517625,-1.0960625,-0.80096875,-0.71665625,-0.63234375,-0.6745,-0.46371875,-0.33725,-0.168625,0,0.12646875,0.12646875,0.168625,0.168625,0.29509375,0.54803125,0.80096875,0.505875,0.843125,1.0960625,1.01175,2.23428125
primary outcome,238244,0,-0.839243896,-0.811316606,-0.773861693,-0.729530125,-0.6745,-0.623554768,-0.582733158,-0.497960804,-0.43892472,-0.355634677,-0.26877149,-0.165527745,0,0.132005357,0.256523072,0.41175054,0.605659451,0.852636874,1.054628288,1.338238636,1.48977266,1.734842927,1.929695455,2.002983315,2.191099223
ecosystem,220799,1,-1.831280474,-1.335821596,-1.144060081,-1.095248187,-1.123685651,-0.920255443,-0.425289868,-0.068233442,0,-0.190363954,-0.155375522,-0.262110121,-0.04888836,0.233585604,0.199860232,0.475010726,0.553709013,0.444565935,0.6745,0.721083011,0.712059646,0.914144055,1.208606691,1.546116479,2.171719101
understanding,1377918,1,-1.22830858,-1.152228555,-1.057059225,-0.980015475,-0.8765384,-0.778043855,-0.6745,-0.585417999,-0.489520353,-0.384387673,-0.205917667,-0.104958643,0,0.09645164,0.22131757,0.281931481,0.403644924,0.540583776,0.639129901,0.710972906,0.778710458,0.958937462,1.044156593,1.318047164,2.159756764
safety,876135,0,-1.303926549,-1.12635108,-0.985730062,-0.87557574,-0.767202359,-0.6745,-0.590522735,-0.494926305,-0.4191907,-0.340153711,-0.220047924,-0.143668995,0,0.138985672,0.210676292,0.365382625,0.492949685,0.649211807,0.727172009,0.862297294,1.145962155,1.370621269,1.467221467,1.543619232,2.125985626
registered with,25868,0,-0.718497691,-0.698860563,-0.744236459,-0.653609791,-0.688394298,-0.619487706,-0.619809717,-0.45523653,-0.314227161,-0.212317241,-0.123081658,-0.157122781,0,0.216109606,0.425243541,0.6745,0.625269177,0.980969465,1.114835719,1.194098172,1.131939083,1.460038461,1.715418642,1.835881894,2.112189084
exhaustive,20344,1,-1.962181818,-2.59580303,-1.972401515,-2.013280303,-1.471636364,-1.400098485,-0.510984848,-0.388348485,-0.694939394,-0.684719697,0.183954545,0,-0.194174242,0.480325758,0.43944697,-0.398568182,0.347469697,0.122636364,0.57230303,0.6745,0.429227273,0.746037879,0.937084894,1.159945826,2.074557606
this study,5464359,0,-1.200939024,-1.102231707,-1.052878049,-0.954170732,-0.888365854,-0.773207317,-0.6745,-0.559341463,-0.509987805,-0.411280488,-0.246768293,-0.131609756,0,0.098707317,0.197414634,0.279670732,0.34547561,0.444182927,0.559341463,0.69095122,0.740304878,0.954170732,1.233841463,1.398353659,2.03995122
versatile,84237,1,-1.071295138,-0.98800172,-0.876261049,-0.868260017,-0.710576242,-0.6745,-0.635074669,-0.511248214,-0.425561085,-0.277341944,-0.186822468,-0.015806916,0,0.08294454,0.298839715,0.373237092,0.479484162,0.583928578,0.777140358,0.913897766,0.836878538,0.910705215,0.968161297,1.274319028,2.037502858
two groups,403106,0,-1.061455077,-0.98047763,-0.968215545,-0.697296889,-0.87648857,-0.669191122,-0.687978861,-0.6745,-0.693541332,-0.626452288,-0.536697656,-0.348331097,0,0.236174897,0.419255805,0.409851507,0.355654978,0.275316493,0.432289099,0.615743524,0.944263975,1.427971449,1.983472011,1.746346257,1.848600452
to assess,1361731,0,-1.170075503,-1.114770226,-1.042464791,-0.953968255,-0.880421859,-0.761093088,-0.657093625,-0.543610288,-0.502112552,-0.415373536,-0.301066791,-0.135451642,0,0.121211914,0.228617938,0.316128277,0.42041565,0.5752292,0.6745,0.75144858,0.842920708,1.05935432,1.100459113,1.253769478,1.832576635
include in,598456,0,-0.910575,-0.858243103,-0.79610921,-0.709387931,-0.6745,-0.616353448,-0.523318966,-0.453543103,-0.395396552,-0.360508621,-0.244215517,-0.139551724,0,0.151181034,0.32562069,0.453543103,0.593094828,0.755905172,0.872198276,1.058267241,1.279224138,1.616474138,1.872318966,1.942094828,1.802543103
identify,4078630,0,-1.223151583,-1.154633994,-1.051712657,-0.937096818,-0.834011679,-0.730776044,-0.645524669,-0.523728248,-0.461842801,-0.359345223,-0.228264262,-0.114318906,0,0.136974428,0.243168592,0.312240409,0.420351627,0.574888985,0.6745,0.793868913,0.855922245,1.067022864,1.19730675,1.314595271,1.736980028
secondary analysis,44963,0,-0.810287464,-0.767843272,-0.725993183,-0.67950928,-0.696607253,-0.597683661,-0.536278008,-0.416788693,-0.313578154,-0.24949166,-0.199125795,-0.101377493,0,0.084477862,0.199956985,0.268413453,0.486723038,0.6745,0.810201669,1.002188087,1.070050453,1.223897155,1.387838063,1.616424513,1.695758407
logistic regression,512557,0,-1.095111188,-1.00236651,-0.998709575,-0.884993837,-0.836485928,-0.711953402,-0.636031229,-0.552091809,-0.44363103,-0.340814967,-0.250164938,-0.124846031,0,0.137177723,0.224247651,0.365812928,0.439906109,0.574953909,0.6745,0.825070186,0.959769674,1.287616277,1.521470003,1.469480946,1.674036934
proportion of,476135,0,-0.843125,-0.843125,-0.87685,-0.87685,-0.74195,-0.640775,-0.47215,-0.438425,-0.438425,-0.370975,-0.20235,-0.06745,0,0.20235,0.370975,0.370975,0.5396,0.6745,0.910575,1.0792,1.2141,1.652525,1.82115,1.719975,1.647111126
aptly,874,1,-1.50380892,-0.683354196,-0.906811037,-0.6745,-0.952430607,-1.622157526,-0.44407699,-0.660074729,-0.663041629,0.415579872,-0.379828266,0,0.263505336,0.036263141,0.842487907,1.588277206,-0.163774724,0.229297634,-0.280906808,0.726248683,0.564631705,1.297539636,1.101696354,2.546641612,1.580083354
to identify,1227209,0,-1.151668042,-1.079567603,-0.980285604,-0.858375055,-0.798427686,-0.6745,-0.616201382,-0.509985957,-0.434881623,-0.349210856,-0.226545173,-0.101126842,0,0.127711574,0.262214444,0.354222275,0.486527827,0.638285741,0.748410214,0.902852826,0.982877229,1.185108639,1.278350364,1.330874739,1.485880769
were collected,717610,0,-1.247825,-1.124166667,-1.0792,-0.978025,-0.888091667,-0.764433333,-0.6745,-0.5396,-0.460908333,-0.4047,-0.292283333,-0.1349,0,0.123658333,0.236075,0.258558333,0.382216667,0.505875,0.633516706,0.786916667,0.9443,1.177200241,1.329434441,1.286079717,1.455842711
to investigate,1436188,0,-1.490454933,-1.380490508,-1.252560335,-1.074281126,-0.965466137,-0.774776777,-0.6745,-0.560309017,-0.468025211,-0.38940507,-0.27198672,-0.163456537,0,0.159514623,0.283435401,0.390408605,0.397913281,0.520303461,0.665896639,0.791522872,0.732814501,0.830763932,0.983406951,1.150485689,1.455221578
regression analysis,534377,0,-1.678218089,-1.443812409,-1.469857485,-1.391722258,-1.365677183,-1.105226427,-1.053136276,-0.881523971,-0.6745,-0.422984789,-0.267673315,-0.13331198,0,0.188002471,0.068942096,0.130805922,0.197562316,0.233314912,0.304623725,0.365520237,0.526459009,1.037582418,1.295252861,1.061890287,1.441052152
adverse events,284494,0,-1.012513124,-0.944176492,-0.853243287,-0.737861296,-0.676902831,-0.591229948,-0.536382237,-0.42853738,-0.373279691,-0.26865968,-0.170508305,-0.103760313,0,0.122779513,0.231190432,0.35144583,0.499541856,0.6745,0.714158956,0.852769886,0.951610461,1.115181054,1.246556724,1.2941805,1.435212381
primary endpoint,77085,0,-0.951482064,-0.927682601,-0.872293347,-0.820734416,-0.781868359,-0.740838667,-0.669858379,-0.563492212,-0.487383212,-0.41192211,-0.240170707,-0.097889554,0,0.064447886,0.153485264,0.26332694,0.385703796,0.530027201,0.6745,0.784957931,0.977324814,1.161415834,1.206618731,1.274334115,1.411234971
investigate,3773222,0,-1.8886,-1.700703571,-1.541714286,-1.397178571,-1.204464286,-0.963571429,-0.819035714,-0.6745,-0.578142857,-0.433607143,-0.289071429,-0.144535714,0,0.144535714,0.289071429,0.33725,0.33725,0.529964286,0.722678571,0.770857143,0.578142857,0.6745,0.819035714,0.963571429,1.397178571
association between,875036,0,-1.17669591,-1.103480427,-1.058174221,-0.958162093,-0.894486922,-0.777512499,-0.6745,-0.560762068,-0.500636372,-0.378035554,-0.267746548,-0.145397997,0,0.155002687,0.279134121,0.384637217,0.438071251,0.552257308,0.650889536,0.746231877,0.775676651,0.96633772,1.089802852,1.165272453,1.374450762
statistically,725858,0,-1.68625,-1.596316667,-1.461416667,-1.28155,-1.0792,-1.101683333,-0.854366667,-0.6745,-0.6745,-0.60705,-0.449666667,-0.20235,0,0.247316667,0.292283333,0.382216667,0.359733333,0.382216667,0.427183333,0.517116667,0.517116667,0.8094,1.101683333,1.169133333,1.371483333
difference in,1486809,0,-1.363351064,-1.234191489,-1.176787234,-1.106497159,-1.033276596,-0.832361702,-0.774957447,-0.617095745,-0.530989362,-0.502287234,-0.344425532,-0.18656383,0,0.100457447,0.200914894,0.272670213,0.401829787,0.545340426,0.588393617,0.746255319,0.6745,0.961521277,1.248542553,1.291595745,1.363351064
patients who,944388,0,-0.851769089,-0.860480632,-0.738619626,-0.607741341,-0.6745,-0.530648122,-0.688016446,-0.537517757,-0.55815936,-0.487169921,-0.3311925,-0.183359647,0,0.177817659,0.34703742,0.475238074,0.64240847,0.772245543,0.8526116,0.937191639,1.280957294,1.555659938,1.521606422,1.501310936,1.332169976
retrospective,1580931,0,-1.029359752,-1.047380049,-0.939492644,-0.844191525,-0.816275291,-0.636827486,-0.56579952,-0.526326121,-0.405255554,-0.369068919,-0.257959344,-0.09146027,0,0.16811072,0.323696429,0.403244493,0.509552575,0.6745,0.854987956,0.962436169,1.093877915,1.318047107,1.340392074,1.361614678,1.316599832
fundamental,258448,1,-1.430183874,-1.35116819,-1.224743097,-1.129924276,-0.987696046,-0.794107621,-0.683485664,-0.588666843,-0.521503512,-0.347669008,-0.201489993,-0.138277446,0,0.071114115,0.213342346,0.308161166,0.43458626,0.517552728,0.636076253,0.677911107,0.6745,0.82014961,0.740022175,0.98109073,1.307536125
enhancement,348325,1,-1.707543221,-1.525339243,-1.387776683,-1.210308057,-0.373740156,0.33892943,0.820751666,0.674429223,1.013611254,0.877681448,0.573160047,0.215122638,0.661990763,0.8754117,0.626927435,0.226811227,0,-0.414281385,-0.510385055,-0.522864395,-1.098685294,-1.219456604,-1.1074586,-0.6745,1.305576436
were assessed,992394,0,-1.392768132,-1.334957502,-1.260737749,-1.115116679,-1.066451525,-0.933451969,-0.829323903,-0.610606147,-0.498679844,-0.418542844,-0.290095121,-0.10940137,0,0.194151867,0.308781054,0.349317911,0.432185634,0.574158388,0.649658046,0.6745,0.678381523,0.780186138,0.766853134,0.747992191,1.234252004
to examine,686600,0,-2.249285319,-2.029394534,-1.954370247,-1.720211196,-1.491814488,-1.200545634,-0.985305641,-0.72274585,-0.604869221,-0.605245621,-0.404074708,-0.135956442,0,0.13943337,0.264786134,0.362202806,0.467404657,0.507085874,0.6745,0.627695997,0.356044252,0.7122315,0.945023265,1.01530491,1.162527781
driving force,27340,1,-2.343587854,-2.175101152,-1.652775254,-1.669285423,-0.760244874,-0.750689128,-0.371534778,-0.45353243,-0.018755868,-0.502740241,-0.164871192,0.093627871,0,-0.046356234,0.15719235,0.187216227,0.475021334,0.6745,1.054359012,0.809564641,0.476048692,0.794648194,1.287727319,1.611266042,1.147512717
median follow-up,139331,0,-1.213595984,-1.074556712,-1.042993696,-0.915490083,-0.87338359,-0.769009961,-0.704344709,-0.612719177,-0.538008083,-0.440574582,-0.264255411,-0.128442275,0,0.099491456,0.212526092,0.295165378,0.393305964,0.530873945,0.557233152,0.6745,0.752918911,0.941353714,0.941814811,1.01704361,1.124063915
control group,604702,0,-1.959906487,-1.779316154,-1.627536909,-1.352979616,-1.270347336,-0.847579297,-0.801221173,-0.759860007,-0.6745,-0.666493094,-0.5034239,-0.293735551,0,0.237581268,0.342128362,0.608007486,0.543411638,0.481673886,0.611697819,0.726408928,0.521056279,0.63830383,1.013155799,0.735707156,1.08756664
this trial,46762,0,-0.673686162,-0.740355824,-0.70287988,-0.628536891,-0.686445482,-0.451679913,-0.50596466,-0.557908392,-0.494182734,-0.32785047,-0.201626808,-0.038299635,0,0.343910463,0.409758405,0.6745,0.728881304,0.874402575,0.952471876,1.075251015,0.914436295,0.677264683,0.900715347,0.914836317,1.081373518
evaluate,3768007,0,-1.388851954,-1.291351535,-1.160144997,-1.02512005,-0.959069041,-0.839126481,-0.730992959,-0.587648199,-0.507760048,-0.414684711,-0.258780195,-0.123412793,0,0.096950029,0.202204086,0.255861641,0.336400736,0.467701626,0.57311758,0.6745,0.703015639,0.84254858,0.908715718,0.903503165,1.07977382
cross-sectional,795454,0,-1.126915457,-1.062053256,-1.044864857,-0.950078616,-0.883013583,-0.778165309,-0.681296353,-0.570812284,-0.431296429,-0.340265083,-0.242288026,-0.118304846,0,0.122724838,0.213729368,0.273579727,0.358005293,0.45005996,0.60246243,0.6745,0.732351617,0.927090956,0.912130663,0.84788485,1.022033756
most common,609956,0,-1.198372981,-1.140074485,-1.038020043,-0.924663972,-0.839221776,-0.775284664,-0.6745,-0.591056086,-0.506247134,-0.420208152,-0.262894924,-0.161264975,0,0.129124675,0.324670644,0.368120658,0.466129053,0.577489993,0.671725102,0.843896407,1.016937532,1.240475638,1.351317372,1.366408735,1.020580879
associate with,4188425,0,-1.591980099,-1.503844647,-1.368128725,-1.257251791,-1.147813954,-1.007619837,-0.859394733,-0.6745,-0.574417169,-0.450315805,-0.315570431,-0.161451814,0,0.154090768,0.246649792,0.316610292,0.386685772,0.534844168,0.589373355,0.672547373,0.680293518,0.907834909,0.889376972,0.839020715,0.947749134
cohort study,663006,0,-1.476800549,-1.369324415,-1.178706864,-0.940870235,-0.89800563,-0.862933572,-0.88985115,-0.619426536,-0.303899502,-0.267177866,-0.299705657,-0.118746888,0,0.132986006,0.181162815,0.22609759,0.279670151,0.510592253,0.756160578,0.836114344,0.73466693,0.809869316,0.6745,0.555382629,0.933077468
increased risk,351929,0,-2.013694713,-1.849286931,-1.736724885,-1.496564302,-1.330920234,-1.009873349,-0.948224796,-0.760901798,-0.6745,-0.538030886,-0.278374009,-0.158443271,0,0.224264865,0.337796894,0.375703805,0.411216447,0.475193311,0.402674606,0.548086252,0.579335205,0.878136338,0.824488905,0.85946647,0.911831409
ratio,1804884,0,-1.512806595,-1.434697276,-1.342868687,-1.223188231,-1.095965787,-0.918381743,-0.836334237,-0.6745,-0.564264086,-0.436443197,-0.304743541,-0.200968625,0,0.17057488,0.249089366,0.343387484,0.415351582,0.536087889,0.638245336,0.725481072,0.643249168,0.75736215,0.863891812,0.811635557,0.889063242
to evaluate,1576794,0,-1.280122943,-1.194196465,-1.072211409,-0.938525543,-0.920426071,-0.770506684,-0.677225094,-0.56296886,-0.484284967,-0.400836999,-0.282690992,-0.137840845,0,0.100215606,0.227412123,0.273476424,0.344666634,0.46135758,0.556381583,0.6745,0.721293657,0.851891855,0.913346617,0.852281587,0.884224902
end point,262805,0,-1.824105327,-1.62763001,-1.439431731,-1.346498349,-1.177227624,-1.035081763,-0.884538704,-0.740615596,-0.658571528,-0.476313047,-0.283952216,-0.112342344,0,0.098626372,0.182051345,0.248878755,0.408016232,0.510965752,0.582950194,0.621282133,0.6745,0.750009564,0.72505333,0.814174727,0.878144198
transform,438954,1,-1.469551251,-0.825021189,-1.507798572,-1.384149232,-0.583936475,0.320754527,0.610462938,0.933320905,0.397465591,-0.221763903,0.0990766,0.220090341,0.23535399,1.059244154,1.073621364,0,-0.601583725,-0.349027186,0.72893595,0.754740514,-0.6745,-1.621943152,-1.067663842,-0.562707892,0.808758444
were performed,1978864,0,-1.16292839,-1.044720363,-0.997422518,-0.838825789,-0.802160614,-0.6745,-0.64074685,-0.53872086,-0.449828048,-0.386904154,-0.262351622,-0.114902408,0,0.177238675,0.344618779,0.433345457,0.467792443,0.586137383,0.810863727,0.976428588,1.112119674,1.254161732,1.334550528,1.200373041,0.806817049
was used,3494576,0,-1.274263771,-1.119761444,-1.045640601,-0.92710436,-0.786897303,-0.6745,-0.579332162,-0.481213937,-0.44435216,-0.395411411,-0.252059821,-0.17311161,0,0.068933729,0.177977039,0.256006729,0.322428862,0.45315798,0.676598794,0.846832543,0.868178035,1.05536698,1.377723117,1.315485659,0.760152718
to compare,600683,0,-1.523617028,-1.396119946,-1.224005119,-1.102934611,-0.922322178,-0.819528653,-0.816599712,-0.653725024,-0.629968179,-0.46952239,-0.350470208,-0.129505664,0,0.143466743,0.264299189,0.349708187,0.417885019,0.5646306,0.624733245,0.689538229,0.6745,0.854223519,0.899373195,0.901186454,0.710918437
effect of,3683181,0,-1.358559155,-1.68081828,-1.157032921,-0.933288839,-0.937706745,-0.337493527,-0.405886963,-0.241152032,-0.348207722,-0.561835764,-0.44274575,-0.33176488,0,0.21074367,0.355871476,0.2975976,0.385066509,0.930702762,1.400633716,1.730941543,1.186587473,1.479775773,2.242890724,1.594596932,0.6745
less likely,108124,0,-1.459390227,-1.412445008,-1.324902193,-1.194083799,-1.022023482,-0.922663318,-0.715578828,-0.655175242,-0.532827727,-0.428551554,-0.236382213,-0.188475538,0,0.016633689,0.081483127,0.241964697,0.405068877,0.59669054,0.600919939,0.717217833,0.722517418,1.057511772,1.277649912,0.984373679,0.6745
more likely,348447,0,-1.318024293,-1.299403368,-1.241122825,-1.088062285,-1.038577448,-0.788279905,-0.633622779,-0.511142458,-0.442516334,-0.34823926,-0.221054507,-0.093137945,0,0.172937372,0.217966278,0.291823426,0.469513499,0.529987285,0.709623033,0.698156385,0.73825571,1.094623953,1.220653385,1.029132457,0.6745
were reported,440242,0,-1.22041333,-0.864747704,-0.938926346,-0.821496419,-0.678378695,-0.638801184,-0.493201401,-0.534970708,-0.577076782,-0.311478139,-0.20211784,-0.097696618,0,0.140731227,0.424562293,0.373894983,0.595567784,0.903398213,1.232995838,1.391001824,1.653950791,1.823153379,1.716436112,1.474024811,0.6745
study period,141429,0,-1.102142286,-0.995203757,-0.929286923,-0.808407626,-0.836073761,-0.721676221,-0.6745,-0.576467296,-0.49038591,-0.438081977,-0.231778301,-0.13017272,0,0.079360716,0.268726421,0.394238451,0.544636722,0.591457117,0.685232613,0.769069115,0.93328298,1.160680805,1.153604309,0.861080093,0.64361872
were enrolled,284181,0,-1.443542018,-1.284289056,-1.200153724,-1.100944825,-0.982006534,-0.863199715,-0.738297613,-0.650431805,-0.605752373,-0.465322442,-0.360968846,-0.158006746,0,0.131260568,0.203106551,0.339059237,0.469582651,0.516149313,0.6745,0.749023484,0.830488044,0.998212632,1.076559608,0.877550789,0.628400338
undoubtedly,13107,1,0,0.569810892,1.674233646,0.900782251,0.365668099,-0.871533439,0.507584722,-0.587932019,-0.045611918,-0.031451166,0.064447843,-0.144775821,-0.202520006,-0.919038609,-0.6745,-1.213014278,-0.848312124,-0.712422997,-1.038951008,0.009833319,1.56600918,3.265202841,2.199997451,2.026281921,0.51480999
sought to,225747,0,-1.471231604,-1.360620359,-1.305522548,-1.174493478,-1.089251904,-0.846269722,-0.718711471,-0.621327412,-0.502958499,-0.272189681,-0.248826502,-0.115883342,0,0.218684966,0.310237693,0.361537382,0.480551252,0.68713047,0.737806355,0.736222166,0.6745,0.78195474,0.688316108,0.672050054,0.472402825
independently associated,107918,0,-1.702311184,-1.548856523,-1.518210973,-1.433311074,-1.20206362,-1.121829323,-0.995613391,-0.806448266,-0.617343355,-0.506685982,-0.369397721,-0.116981702,0,0.228697567,0.355567609,0.462438498,0.549617641,0.61865411,0.6745,0.797258404,0.78315131,1.061385016,0.908881097,0.666438984,0.433141099
to receive,150056,0,-1.888740556,-2.151710816,-0.6745,-0.142606182,-0.731216058,-0.088201746,-0.710152997,-0.700958781,-0.680467819,-0.531725383,-0.012394477,0,0.239926639,-0.063285014,0.477050871,0.197675644,0.624861107,0.955048463,0.815558324,0.762954398,0.082925091,1.191167894,1.680787486,1.364478576,0.401269738
in addition,1665573,1,-1.328482396,-1.089698518,-1.089894426,-0.968769698,-0.769750701,-0.777032525,-0.626550186,-0.554565654,-0.580233523,-0.488641377,-0.283421709,-0.13271169,0,0.059365906,0.213510168,0.307307813,0.413328902,0.6745,1.033559233,1.222076081,0.935141942,1.162395815,2.195830299,1.931602133,0.388122104
common grade,3830,0,-3.741918462,-3.318021154,-3.196092308,-2.791392308,-2.825117308,-2.581259615,-1.971615385,-1.795207692,-1.063634615,-0.6745,-0.441019231,-0.492903846,0,0.466961538,0.415076923,0.285365385,0.33725,1.400884615,0.907980769,0.959865385,0.466961538,0.466961538,0.518846154,0.33488925,0.366175673
treatment allocation,3609,0,-2.58839375,-2.366370833,-2.515322917,-2.01506875,-2.675516667,-2.060035417,-2.481597917,-1.978533333,-1.287170833,-0.702604167,-0.5901875,-0.281041667,0.056208333,0,0.533979167,0.983645833,0.6745,0.6745,1.208479167,0.2529375,0.505875,0.309145833,0.281041667,0.140520833,0.33725
one of,1161057,0,-1.459599579,-1.225247717,-1.009769,-0.971996563,-0.730613977,-0.701220454,-0.6745,-0.651271814,-0.547862658,-0.551280413,-0.301816743,-0.20122467,0,0.101811937,0.217927813,0.324834465,0.466801051,0.650239101,0.945274802,1.398238814,1.542530963,2.007722159,2.394037873,1.934118957,0.272648718
randomly,440781,0,-4.002005944,-3.362825751,-3.343250668,-2.455817591,-2.219399394,-1.739089859,-1.364320604,-1.173377852,-0.837809392,-0.620674955,-0.582001198,-0.310903939,0.125839106,0.428398424,0.739128067,0.930162947,0.78342079,0.545271255,0.556042738,0.6745,0.210471356,0,0.475254956,0.073869067,0.223753529
lower in,272304,0,-1.577500892,-1.364326157,-1.285172138,-0.886571021,-0.977056345,-0.796717306,-0.949376123,-0.510899424,-0.515264586,-0.664249165,-0.403532965,-0.16483494,0,0.373363175,0.506478957,0.6745,0.557170456,0.615741048,0.686673719,0.889478189,0.711688835,0.759468356,0.821439061,0.483979058,0.163873899
treatment assignment,2966,0,-1.186324381,-1.381677199,-0.571850974,-0.83824118,-0.699718273,0,-0.983867825,-0.653543971,-0.404913112,-0.349891103,0.974100184,0.379872433,0.843107241,0.6745,0.919721064,1.691932991,1.248268984,1.613614271,0.616924197,0.793807293,-0.060523855,-0.289949755,-0.199163973,0.013461585,0.162533544
reportedly,18395,1,-0.849998114,-1.086245574,-1.011996372,-0.6745,-0.740851787,-0.897247606,-0.472002177,-0.836498259,-0.04000682,0.020594029,-0.133716063,-0.135660042,0,0.108734581,-0.035882614,0.400459696,0.651152001,0.669748051,1.590768901,0.959495437,1.199732104,1.643607333,1.530363801,0.96754135,0.158839293
objective of,465565,0,-4.098339946,-4.045931794,-3.570286191,-3.358580562,-2.765538964,-2.146196349,-1.475843441,-1.218734812,-0.903129464,-0.662045516,-0.306731627,-0.001452803,0.283625191,0.419392012,0.575754826,0.448367773,0.6745,0.954597785,1.008205689,0.8968206,0.598953714,0.320264355,0,0.064583699,0.067470815
higher in,559188,0,-1.669817814,-1.439332515,-1.446497502,-1.20358399,-1.050733942,-0.909481529,-0.839619976,-0.71339727,-0.672323833,-0.686341253,-0.493957114,-0.233682789,0,0.231292118,0.33955333,0.494322207,0.482674041,0.51168737,0.567215268,0.6745,0.714831205,0.902258649,0.867202382,0.576718054,0.050682973
difference between,697504,0,-2.296613087,-2.141378626,-1.784171746,-1.491322636,-1.378504793,-0.835083219,-0.904294683,-0.619636792,-0.547421096,-0.291684591,-0.1469331,-0.135743961,0.258661572,0.545163191,0.655647979,0.687683163,0.565116629,0.546392533,0.754494456,0.766231436,0.43714856,0.759905743,0.837952641,0.6745,0
fresh,162841,1,-2.084794647,0.958772687,-0.09073329,0.463955107,0.344864166,2.006539983,2.171144501,2.869380828,3.232768774,3.892036944,3.480235287,2.37209341,-0.192776756,-0.206455318,-0.6745,-0.762231703,-0.091985701,-0.467163097,-0.205573733,0.014052885,-0.884820998,-0.955533212,-0.307452776,0.040489941,0
outcome measure,314116,0,-3.473879015,-3.613903346,-3.487881448,-3.137820623,-3.034024787,-2.038188552,-2.002661579,-0.64066172,0.254018138,0.07101894,0.357774766,0.307517234,0.405726098,0.576327542,-0.188378932,-0.509988215,-0.022681141,0.6745,1.247866027,2.086079674,1.126256296,0.843974248,0.086966311,-0.781936468,0
our results,903679,0,-1.649112241,-1.584522599,-1.466065668,-1.307548843,-1.159555146,-1.008555573,-0.811719075,-0.604737663,-0.507638097,-0.373112539,-0.189044459,0,0.168525594,0.356002579,0.49988876,0.642261536,0.700915127,0.911934181,0.952179299,0.945082822,0.738148409,0.6745,0.590967702,0.422710655,-0.048830877
no difference,358938,0,-0.674921831,-0.6745,-0.616737013,-0.25739175,-0.57339229,-0.350652765,-0.432030783,-0.283293662,-0.363195273,-0.255671237,-0.179886224,0,0.460508647,0.720456006,0.692412821,0.777194394,1.295958521,1.581793873,1.802510966,1.754848365,1.526587567,1.729589906,1.235907583,0.784296997,-0.509216189
time of,550384,0,-0.859799801,-1.27840894,-1.199277262,-0.836270987,-0.570962599,-0.401454057,-0.243482619,-0.244598369,-0.510144444,-0.617836771,0,0.318467447,-0.172756562,0.471392052,0.628329662,0.6745,0.71428622,0.899542176,1.027544144,1.266812991,2.899125675,3.250279853,2.696523103,1.549729913,-0.659748338
aim of,1281949,0,-1.635717053,-1.486192976,-1.361408148,-1.161598829,-1.011972107,-0.796758727,-0.666914739,-0.458190917,-0.372913069,-0.197483122,0,0.181499812,0.360055489,0.50312555,0.678547543,0.731129571,0.788031784,0.836443989,0.848078119,0.828034175,0.532410074,0.33649164,0.050166028,-0.233273772,-0.6745
captive,16698,1,-1.255208725,-1.536717045,-1.37756165,-1.860114155,-1.395143694,-1.361923658,-1.570047121,-0.553149666,0.009206731,0.570817297,0.981782275,0.884494154,0.733078282,0.275529447,0,0.651794955,0.565364174,0.898628258,0.769024879,0.527033363,-0.13162079,0.512887032,-0.455213528,-0.376400002,-0.6745
potent,341240,1,0.887205204,0.830263592,0.842675764,0.953244159,0.967222055,0.79466655,0.638290522,0.508089288,0.251776537,0.197327027,0.374748135,0.200487875,0,-0.078996788,-0.226930267,-0.518517646,-0.602429371,-0.531749555,-0.6745,-0.789875197,-1.164240621,-1.27111646,-1.396621022,-1.268631833,-0.763010727
is known,626652,0,-2.093974303,-1.795999998,-1.639759916,-1.371236898,-1.156005551,-0.930253515,-0.704501478,-0.586616022,-0.464668642,-0.285427652,0,0.207102661,0.511205812,0.651322683,0.670170398,0.6745,0.795441816,0.971391018,0.880461323,0.720051923,0.495698582,0.421541618,0.15523871,-0.074831963,-0.941073165
dose of,428696,0,1.405024886,1.228348426,1.143153962,1.161090093,0.885731686,0.796128818,0.696917193,0.471797457,0.287961022,0.034755914,0.117125068,0.052299041,0,-0.218093464,-0.24451147,-0.376669568,-0.502120119,-0.533284971,-0.669759636,-0.789133878,-0.930424807,-0.896846015,-0.6745,-0.86618356,-1.175269318
placebo group,43183,0,2.143432779,1.358133092,0.948704036,1.961502229,1.719450904,1.547238483,0.909701506,1.184628713,0.204625148,-0.180524834,0.168182159,-0.189219148,0,0.0601289,-0.244870883,0.28429594,-0.09195659,-0.23581092,-0.567624943,-0.552503337,-0.6745,-1.400751482,-1.4029535,-1.90216963,-1.227393362
catalyze,201259,1,-1.8886,-0.06745,0.5396,0.6745,0.978025,0.640775,-0.1349,1.0792,0.6745,0.33725,1.450175,1.719975,0.6745,0,0.303525,0.5396,-0.87685,-0.505875,0,-0.168625,-3.338775,-4.5866,-4.417975,-3.443359598,-1.827092345
at least,756550,0,1.269627736,1.29234966,1.432428022,1.22911575,1.114454156,1.053012001,0.887294938,0.840378511,0.400626282,0.061827399,0.241500699,0,0.035712726,-0.045667642,-0.306655243,-0.411618285,-0.435758352,-0.283443855,-0.42443182,-0.611527107,-0.92771387,-0.6745,-0.945457406,-1.377871862,-1.999891737
compared with,1991039,0,-1.529498104,-1.329392165,-1.03832898,-0.656308551,-0.6745,-0.365245367,-0.401628265,-0.128756529,-0.146033858,0.061652276,0.23706678,0.511754022,0.874669973,1.106623318,1.221723891,1.185260223,0.877756334,0.778306411,0.671342874,0.780994198,0.391831624,-0.063253124,0,-1.050276942,-2.433975312
was found,2033616,0,0.43516129,0.6745,0.522193548,0.543951613,0.566494926,0.805048387,0.783290323,0.826806452,0.304612903,0.065274194,0,0.065274194,0.087032258,-0.087032258,-0.195822581,-0.543951613,-0.91383871,-1.087903226,-1.10966129,-1.066145161,-1.370758065,-1.370758065,-1.349,-1.631854839,-2.567451613
suggest that,3005916,0,0.914462189,0.782083054,0.7753941,0.660595834,0.583783406,0.6745,0.618403521,0.585937522,0.375684134,0.211092207,0.130135905,0.088313835,0,-0.077599007,-0.303737453,-0.49619478,-0.760595627,-0.790027602,-1.05355214,-1.379855175,-1.938054515,-2.184771243,-2.490524793,-2.595248013,-2.594636766
thought,278819,1,0.6745,0.6745,0.6745,0.5396,0.60705,0.4047,0.5396,0.47215,0.33725,0.06745,0.20235,0.1349,0,-0.20235,-0.33725,-0.6745,-0.897085,-0.897085,-1.139905,-1.33551,-1.773935,-1.84813,-2.030245,-2.030245,-2.596825
basis of,372637,0,0.528333857,0.538297747,0.799837889,0.71760581,0.6745,0.552599511,0.520746476,0.415136964,0.242979598,0.163968804,0.220737319,0,0.011958673,-0.176700586,-0.404173826,-0.713599905,-0.847043921,-1.14901667,-1.373774747,-1.601071977,-2.072219201,-2.237464636,-2.455894884,-2.807467999,-3.200471485
purpose of,729763,0,-2.969399214,-2.74968112,-1.972374104,-1.417833312,-0.916824384,-0.848705236,-0.418432101,0,0.062722653,-0.133383243,0.352010624,0.594140867,0.6745,0.649415739,0.860994289,0.798513779,0.498186408,0.875149021,0.919056479,0.612792856,0.060533227,-0.195373598,-0.213172218,-1.465481728,-3.550059511
end of,375641,0,3.770001863,3.08321209,3.021471274,3.881374455,1.964937285,3.035699049,1.652821539,2.313305081,1.857385089,-0.6745,-0.264310753,-0.06979312,0.220170449,-0.029275796,-0.110126932,-0.196522368,-0.100397992,-0.24630429,0.198126711,-0.289866252,0,0.055131588,-1.553852721,-2.551048237,-3.792334772
to determine,1584540,0,-0.967541356,-1.004424856,-0.709073731,-0.38885821,0,-0.130498442,-0.021017657,0.234648368,-0.060391588,0.20959684,0.284613908,0.603262799,1.082983426,1.162269496,1.26593676,0.904107647,0.740183078,0.772441108,0.564815365,0.415779988,-0.585205291,-0.6745,-1.013835425,-1.860587135,-4.211109545
results suggest,748688,0,1.175963103,0.956741222,0.929495904,0.6745,0.463568749,0.563836407,0.454527683,0.482706039,0.104752171,0.041451993,0.063127978,0.058353768,0,-0.176576046,-0.31528663,-0.498236379,-0.776010038,-0.693430419,-1.000268859,-1.436724425,-2.24902393,-2.765513101,-3.202720645,-3.642838635,-4.569369774
hypothesis,570580,0,0.314766667,0.4047,0.629533333,0.584566667,0.6745,0.6745,0.6745,0.8094,0.5396,0.359733333,0.4047,0.089933333,0,-0.314766667,-0.764433333,-1.169133333,-1.393966667,-1.573833333,-1.843633333,-2.248333333,-2.8329,-3.012766667,-3.552366667,-3.957066667,-4.5866
all patients,513230,0,-2.056399122,-1.505005877,-0.415370537,0.6745,-1.002870638,0.549823381,-0.157499231,-0.514467451,-0.165444893,-0.159426139,0.096155546,0.313893324,0.4004455,1.680873076,1.139528091,0.03610969,0,0.857476923,0.807765529,-0.309849651,1.651405551,0.891543524,-1.533722475,-4.300051202,-8.211637737
treatment of,1621352,0,-9.932189352,-6.985886754,0.6745,4.210063117,2.147651299,1.839214665,0.08523948,2.442281559,-0.504021039,-0.209390779,-0.41569678,0,0.027477218,-0.182608889,-0.227242427,1.071959167,-0.607168147,-0.695843016,0.600158893,-0.063316043,3.620802598,1.558390779,0.96913026,-0.643313387,-9.617889576
