Word,Group,2000,2001,2002,2003,2004,2005,2006,2007,2008,2009,2010,2011,2012,2013,2014,2015,2016,2017,2018,2019,2020,2021,2022,2023,2024
delve,1,-0.863819767,-0.875152321,-0.757936615,-0.81427061,-0.531188196,-0.6745,-0.298250036,-0.390475349,-0.356229731,-0.524252747,-0.263892378,-0.035902338,0.002870791,0,0.276077169,0.488934485,0.551401284,1.017637601,1.222101113,2.051526489,2.371923677,3.749223837,5.075720361,29.20336988,100.2746075
underscore,1,-2.512160047,-2.246576605,-2.022206465,-1.683547472,-1.444059521,-1.201567625,-1.110642104,-0.955920566,-0.556109843,-0.323696488,-0.280899473,-0.249660493,0,0.268399385,0.287969982,0.143937991,0.437035114,0.658750748,0.653022818,0.468214833,0.6745,1.367853329,1.58081461,8.897017742,34.90688872
meticulous,1,-0.6745,-0.756567733,0.689945855,-0.081912655,-0.871357107,-0.592153125,-0.323928726,-1.078449418,-0.561757668,-0.333357521,0.40965632,0,0.813915896,-0.201509473,-0.299364234,-0.548327838,0.540884053,1.351636341,0.902527958,0.034272428,1.794758679,2.9158858,1.342238562,8.956827769,27.79804099
commendable,1,-0.80199832,0.419476142,-0.726198807,-0.881866785,-0.185872111,-0.597040246,-0.480027298,-0.790090856,-0.6745,-0.095497861,-0.485178126,-0.168459997,-0.132887298,0.028924931,0.293692497,0,0.548947699,0.726797582,1.149260797,1.022912397,1.541955351,1.592368152,1.914148655,7.566458519,27.18492405
showcase,1,-0.716395044,-0.70986314,-0.6745,-0.626351256,-0.554228871,-0.556031846,-0.605882553,-0.517005196,-0.281213311,-0.185455306,-0.165326318,-0.052413245,0,0.210623595,0.503061061,0.715823397,0.945859305,1.404215615,2.146967953,2.39747708,3.249203597,4.167676869,5.16689182,10.40984153,24.36760491
intricate,1,-1.320247144,-1.468942475,-1.140708053,-1.109370606,-1.102383496,-0.882379574,-0.70899123,-0.546545291,-0.367645088,-0.344023663,-0.166302498,0,0.135978559,-0.038783394,0.203718091,0.30763029,0.539200986,0.575867338,0.6745,0.550727102,0.838531542,1.162552208,1.169838433,6.631466732,21.05617122
tapestry,1,1.743192464,1.578794633,4.535397962,-0.6745,0.182869497,-0.201802954,0.00277075,-0.646899068,2.105237123,2.621378107,-0.111647014,-0.430531915,-0.348759269,-0.243719428,-0.723854871,-2.282486971,0.439057299,-1.807988938,-0.055059775,0,1.586787181,0.910155835,-0.06330098,5.615137903,18.202797
symphony,1,0.543188783,-5.40376953,-0.6745,0.373862367,0.532243612,-0.029228231,-1.991712758,-0.452667596,2.223442062,-0.495184189,-1.870853408,1.049657288,-0.003545619,-0.578552475,0.216806875,-4.171620789,0,-0.63330916,-1.455615212,0.273536774,1.556958244,6.394847031,4.920239635,9.024277849,17.02097374
impressively,1,-0.649950348,-0.303453388,-0.623444781,-0.434736958,-0.680081297,-0.618360295,-0.35321063,-1.155167409,-0.940782037,0.191948288,-0.210952449,-0.199874894,-0.003705946,0,0.087846128,0.6745,2.095367595,2.674399214,3.801669088,4.846584615,3.901255186,6.70054208,8.535432724,11.50784278,15.16661365
realm,1,-1.223891011,-0.699809254,-0.953179032,-0.906376247,-0.746619335,-0.608852071,-0.349463229,-0.398717415,-0.477454072,-0.336228583,0,-0.188115825,0.167723964,-0.023018361,0.06308709,0.411207885,0.701852088,0.435371693,0.956418383,0.6745,0.775255489,0.88688907,0.893798226,4.779567555,15.04376492
cutting-edge,1,-0.869910294,-0.558815716,0.04611347,-0.899835301,-0.718045712,-0.752594615,-0.645984364,-0.572610178,-0.6745,-0.298960471,-0.342177973,0,0.276352611,-0.046905035,-0.136554563,0.311210417,0.548158552,0.858780123,1.464539486,1.385093419,1.892177486,2.808403969,3.944830235,8.14621431,12.44182354
prowess,1,-1.736090103,-1.431807468,1.90587317,3.667081266,1.790712636,0.616910632,0.999550482,0.709028139,-0.478561459,-0.27269403,-0.539590899,-0.353726857,0.327598684,-0.070812717,-0.497026823,0.421681947,0,-1.016969264,-0.6745,-0.899888477,-0.764351427,0.192999008,0.668275106,4.020553302,11.55518653
captivate,1,-0.54759766,-1.196391058,-1.206215407,-0.93430463,-1.152405065,-0.939817083,-0.6745,-0.352139079,-0.421825992,-0.601341525,0,-0.449928028,0.577154229,0.073249383,-0.141157902,0.073061885,0.348877743,0.583216678,0.80377732,1.658042851,0.708721303,1.576958307,1.43241407,5.280256657,11.46128413
noteworthy,1,-0.744041864,-0.790031629,-0.6745,-0.735531024,-0.505319559,-0.555309207,-0.261035752,-0.162508056,-0.208689475,-0.389159732,-0.074787494,-0.110892902,0.037088521,0.127967818,0,0.122314037,0.831261997,3.946946174,3.986877556,3.827066847,3.461416623,3.398618127,3.210130361,6.140109297,11.39006925
groundbreaking,1,-1.300855816,-1.377114487,-0.957340322,-1.172619009,-0.614232992,-1.086948142,-0.596722051,-0.539919205,-0.384291792,-0.169426502,-0.111606734,-0.050298384,0.096755838,0,0.381616049,0.514513603,0.588314567,0.6745,0.769424332,0.897908829,1.068657503,1.520882464,1.586136401,4.409725374,11.36861037
unlock,1,-0.817575426,-0.620709695,-0.6745,-0.817604355,-0.715517864,-0.566933463,-0.552437805,-0.504666247,-0.458880609,-0.406511723,-0.286973367,-0.246066527,0,0.033252445,0.438114446,0.465385672,0.765322254,1.260590561,1.483256061,1.561997037,2.230173365,3.159099524,3.406135555,6.264227351,11.27273512
compel,1,-4.647703349,-3.148099153,-3.166986579,-2.230875422,-1.432146273,-1.85001696,-1.125183504,-0.942261703,-0.605843661,-0.6745,-0.293908953,0.097190516,-0.414097163,0,0.320175054,0.774433996,0.435629027,0.754328346,0.297880562,0.605160267,0.34201395,0.396328918,0.120841892,3.30205099,10.42509664
leverage,1,-0.733791014,-0.731338783,-0.722504129,-0.6745,-0.672419015,-0.58278716,-0.552013868,-0.520995754,-0.442261477,-0.383081837,-0.33481583,-0.142027725,0,0.135674399,0.312538053,0.590658581,0.886427347,1.260467836,1.708066227,2.192995923,2.753472196,3.799248407,4.528185127,6.787577915,10.23174547
notable,1,-0.833686397,-0.866532665,-0.815288585,-0.682135818,-0.708836793,-0.6745,-0.593115912,-0.493174609,-0.405872435,-0.332006398,-0.198145839,-0.190473145,0,0.143321168,0.118447365,0.275025045,0.330600332,0.51819354,0.868267051,0.968830495,1.172369822,1.555909365,1.761989603,3.810482363,10.2052209
unveil,1,-0.874602451,-0.811595812,-0.718420274,-0.693183217,-0.6745,-0.63511514,-0.575783866,-0.458330763,-0.424348084,-0.325611793,-0.210969974,-0.091333152,0,0.157390276,0.279835695,0.422470759,0.587203702,0.800619439,1.037294122,1.386648637,1.673951974,2.034724981,2.148070007,4.240078271,9.894998653
ingeniously,1,-0.6745,-0.679938587,-0.873034318,-0.339498718,-0.211880692,-0.571087545,-0.027241577,-0.738623082,0.137406001,-0.270612774,-0.648555943,-0.562205824,0,-0.229404087,0.442441655,1.228366587,0.772341685,0.667323984,1.238825001,2.483090704,2.478554142,1.849484264,2.99300446,5.756362671,9.890883414
pivotal,1,-1.599963417,-1.39488983,-1.231191052,-1.016666059,-0.73171605,-0.699812476,-0.58303066,-0.516638825,-0.470851113,-0.323217642,-0.047187626,-0.024933745,0.043239709,0,0.098287478,0.227128188,0.403006817,0.530891779,0.6745,0.748593348,0.926402312,1.204541122,1.256962565,2.68241455,9.76166098
bolster,1,-0.811990732,-1.00060615,-0.698217514,-0.684193105,-0.6745,-0.518621352,-0.195383685,-0.361824919,-0.294375724,-0.033289857,0,-0.098525095,-0.022026856,0.193580317,0.388819088,0.554109064,0.598130573,1.038571078,1.18891886,1.248945262,1.66005688,2.283378254,2.692944128,4.633448932,9.454770198
holistic,1,-0.940633304,-0.743522946,-0.634077722,-0.329708503,-0.316060083,-0.17696096,-0.054916915,-0.146032288,-0.163868209,-0.176910114,-0.072563981,-0.220056265,0,0.310750346,0.6745,0.997889117,1.422846017,1.379917776,1.909845484,2.262082234,3.381023907,4.61120856,5.699541162,6.960734386,9.112532444
safeguards,1,-0.975728331,-0.961514595,-0.793711284,-0.910577978,-0.557497937,-0.6745,-0.883038525,-0.557849896,-0.507757982,-0.346105835,-0.358218645,-0.2139966,0,0.093983932,0.085217441,0.355803664,0.439921909,0.515744748,0.761688413,0.883130576,1.925243825,2.208110716,2.475615942,4.46754791,8.567693747
elevate,1,-2.173148775,-2.337015099,-1.716764355,-1.365806686,-1.214888324,-0.841728796,-0.777281969,-0.336667444,-0.036421678,-0.647155068,-0.356946755,-0.040957212,0,0.25790768,0.374572199,0.269902884,0.6745,0.82669249,0.842528249,0.84940877,0.559000593,0.574517253,0.579302616,1.791235008,8.142648542
unwavering,1,-0.818542958,-0.827936508,-0.192484672,-0.8542779,-1.161452284,-0.639928521,-0.6745,-0.929296621,0.147474901,-0.329048223,-0.19215408,-0.266677827,-0.491270066,0.267850423,0.353280039,0,0.4015939,0.798937598,0.05441976,1.157236785,1.510330524,1.08750205,1.098607005,3.159434631,8.13430843
transformative,1,-0.716900334,-0.667625525,-0.753328338,-0.743559789,-0.692369093,-0.6745,-0.669239708,-0.585500184,-0.450705755,-0.369825246,-0.290325854,-0.186690249,0.017405923,0,0.233101106,0.343323803,0.670461332,0.742351497,1.250876024,1.092000686,1.358175514,1.737945591,2.08421729,3.516707453,7.895188315
pineer,1,-1.167339235,-0.843211749,-0.6745,-0.272215754,-0.605982023,-0.737311818,-0.555810781,-0.226004675,-0.295249692,-0.325091364,-0.207377038,0.263210377,-0.041606495,0,0.419755228,0.585679992,0.892055593,0.864775083,1.294262729,1.199455659,1.149537779,1.462192359,1.657099566,3.049380456,7.833405864
enigma,1,2.805608962,2.35201252,3.88554475,0.499081505,-2.469153279,-1.064300298,0.065635614,0.545569914,0.245736395,0.296321805,-1.224166915,-2.206443597,0,-0.353261745,-0.120568861,-0.586121854,-1.179685199,-0.6745,-0.527342445,-0.634867795,1.413381431,-0.141555535,0.893731313,1.63880005,7.751775071
embark,1,-0.615305505,-1.000898878,-2.835567718,-0.384656066,-1.056848851,-2.752507964,0.492662587,-0.396624746,-0.053210155,-0.070730572,0,0.283138589,1.973894869,0.979629236,2.049311972,-1.167811491,0.956629182,-0.100219669,0.772484554,0.307724853,-0.6745,0.399076162,0.554741101,1.340203741,7.546396847
invaluable,1,-3.267220825,-2.411339606,-3.006339648,-2.590390025,-2.087962082,-2.606326523,-0.646277655,-1.12754586,-0.489805113,-0.3273792,-0.296769891,0.539355687,0.6745,0.414685936,0.924808329,0.627294267,0.915274512,0,0.622295683,-0.302077376,0.413913683,0.926886392,0.535957773,2.520831071,7.450348006
testament,1,-0.348912887,-0.188161244,-1.34180607,3.896973853,0.374389574,-0.019082082,0.6745,0.079874426,-0.697128181,1.129897589,1.075790513,0.530170865,-0.835949236,0.25396754,-0.553031577,-0.125610383,-0.324627922,-1.383341934,-0.728955873,0.853592532,-0.802769958,0.548889617,0,2.01976497,6.814018131
nuance,1,-0.781399234,-0.807432339,-0.757168792,-0.6745,-0.615546029,-0.555786028,-0.511840806,-0.54990201,-0.41496076,-0.30417907,-0.214444241,-0.179765992,0,0.126124706,0.414948907,0.629952627,0.766219085,1.05579479,1.248485707,1.509482913,1.725728868,2.390044444,2.527842358,3.4160185,6.575518001
mitigate,1,-0.771962302,-0.755758806,-0.728832541,-0.709112059,-0.661651281,-0.610343798,-0.569778286,-0.479816395,-0.412156117,-0.335760313,-0.220083437,-0.116664703,0,0.144912487,0.303821415,0.437144465,0.6745,0.863873697,1.177881594,1.489553,2.19568138,2.765696692,3.058548049,3.974446596,6.185501881
game-changer,1,-0.6745,-0.6745,-0.624489002,-0.6745,-0.6745,-0.6745,-0.6745,-0.6745,-0.64072155,-0.610056237,-0.314297396,-0.09261076,0,0.063198847,0.240196344,0.382040949,0.733606632,0.994976726,1.333635104,2.297404093,2.686744287,3.298398948,3.588417376,4.928667332,6.17324373
valuable,1,-1.195929133,-1.051335532,-1.013755362,-0.950625994,-0.766097959,-0.702112659,-0.644910131,-0.536551107,-0.463728858,-0.433289045,-0.272131143,-0.090946876,0,0.079549017,0.211838812,0.253431503,0.413112637,0.542820558,0.6745,0.82339872,0.89678041,1.153721896,1.449982071,3.065523597,6.114475406
endeavor,1,-1.215875708,-0.965798163,-1.038607175,-0.870142643,-0.874109827,-0.83826023,-0.716114023,-0.702601578,-0.652390609,-0.495711679,-0.295269488,0,0.101643567,-0.027157405,0.040500064,0.102964581,0.178092615,0.388821324,0.673410888,0.501877793,0.6745,0.82364625,0.977861219,2.42471981,6.109426442
imperative,1,-0.961113937,-0.993045314,-0.916679337,-0.737799319,-0.6745,-0.625507778,-0.506791318,-0.458381705,-0.458597049,-0.382555563,-0.196656218,-0.014127153,0,0.158444468,0.204525121,0.392577906,0.592607354,0.756577016,1.049974287,1.181061224,1.58592406,1.970917729,2.086564801,3.055563866,6.103195405
crucial,1,-1.226641162,-1.049314606,-0.97549715,-0.835352037,-0.759545891,-0.6745,-0.532883917,-0.450840865,-0.398063477,-0.283633098,-0.159387799,-0.072159405,0,0.1017961,0.203742647,0.30819576,0.418285244,0.613118158,0.72993174,0.912209278,1.124887488,1.393340289,1.718788166,3.262256312,5.95005862
revolutionize,1,-0.749905946,-0.823045685,-0.735817092,-0.841403162,-0.610732047,-0.6745,-0.603482582,-0.507702354,-0.432262835,-0.253110163,-0.11099619,-0.035736529,0,0.059350647,0.240932597,0.334451414,0.644957771,0.708349222,0.991764211,1.150190079,1.435118271,1.60245549,1.639602103,3.656006117,5.808552828
unleash,1,-0.823718443,-0.65950268,-0.978656756,-0.770299668,-0.798972456,-0.550413084,-0.431495267,-0.253769268,-0.239190126,-0.396158137,-0.047431678,0.150834041,0,-0.031655117,0.114509601,0.6745,0.339893706,1.108855202,1.118095934,1.810477668,2.412838762,1.934136206,2.295932283,4.138836149,5.576494139
effectively,1,-1.167751498,-1.095440473,-0.956338394,-0.884128814,-0.742520237,-0.6745,-0.589425956,-0.481446155,-0.413203036,-0.307844012,-0.238485001,-0.164645889,0,0.101401695,0.22977335,0.326122806,0.438958127,0.625051537,0.912948718,1.229469332,1.426755714,1.883529594,2.644573722,3.624052602,5.483276455
employ,1,-1.400641237,-1.23512028,-1.191886607,-1.101167009,-0.909075076,-0.6745,-0.57293327,-0.531521296,-0.4373657,-0.338081774,-0.251046847,-0.132144924,0,0.064430765,0.131931453,0.254979152,0.318619675,0.464023035,0.708890844,0.793695857,0.774711858,1.055075669,1.369223726,2.543492478,5.326288647
digital world,1,0,-0.406424638,-0.604873922,-0.791179097,-0.132487403,-0.49035668,-0.510298007,-0.523356584,-0.287840748,-0.191000785,-0.343895177,-0.068612577,-0.11468054,0.6745,0.956257632,0.883679546,0.684150389,1.228069886,0.767337581,1.363607275,1.713149405,4.102895345,4.541872135,5.128143774,5.220675829
occurrence of,0,-1.416927049,-1.043236629,-0.63327744,-0.716176152,-1.223135814,-0.746121033,-0.6745,-0.877516874,-0.428119981,-0.474218662,-0.261376536,-0.32197154,0.026030314,0,0.508944906,0.128815645,0.303830942,0.35826361,0.614425385,1.002504943,1.325667941,2.13801039,2.966270523,3.270957388,5.162870478
foster,1,-0.969018888,-0.874621365,-0.854050728,-0.737995632,-0.6745,-0.615553747,-0.494683206,-0.340294254,-0.37696251,-0.231543458,-0.156213237,-0.118423446,0,0.185360045,0.249842389,0.326222559,0.667771978,0.859739539,0.920741543,1.061540822,1.154797719,1.576639559,1.927275805,2.664846685,5.04875819
demystified,1,-0.125990944,-0.738934552,0.146549232,-1.107394821,-0.652436427,-0.04000155,-0.111432889,-0.022774402,-0.923736137,-0.267822223,0,-0.02828681,-0.020718573,-0.526968152,0.703309479,0.234294792,0.68813119,0.6745,1.079721275,2.469203679,2.621014439,2.944427666,3.448732919,4.817496751,5.000500356
multifaceted,1,-1.005239923,-0.939473236,-0.937708162,-0.87519137,-0.683498921,-0.684280542,-0.587575563,-0.448543516,-0.423020004,-0.347075536,-0.213397847,-0.048231647,0,0.032645515,0.257682824,0.323422515,0.364461452,0.465917861,0.6745,0.768951392,0.952938193,1.249048982,1.276157589,2.235008074,4.992535938
navigate,1,-0.976218736,-0.955154373,-0.889776911,-0.838638249,-0.715134992,-0.6745,-0.572713725,-0.418451871,-0.409548067,-0.367124711,-0.24064507,-0.114756272,0,0.13524405,0.131431302,0.269314338,0.482188283,0.644701323,0.837421718,0.999621121,1.447504176,1.94339269,2.191398725,2.875065477,4.88769273
unravel,1,-1.398894285,-1.285760672,-1.256694275,-1.136679069,-0.99732817,-0.889813523,-0.637617338,-0.62013186,-0.555326545,-0.45882436,-0.290401599,-0.099196884,0,0.059428216,0.165568184,0.258461495,0.385243511,0.540287066,0.6745,0.79643921,0.845264908,1.103082791,1.046775616,2.07959947,4.825419438
ever-evolving,1,-0.73715375,-0.905660259,-0.990707428,0,-0.950413059,-0.669739064,-0.705975787,-0.56747041,-0.454156724,-0.246909214,-0.764838658,-0.6745,0.188603701,-0.328564163,0.15967644,0.001063659,0.273079472,0.41449502,0.703235803,0.674002208,0.676631572,1.069581122,1.463760261,2.608342083,4.820394729
streamline,1,-0.771889374,-0.780155085,-0.6745,-0.712667711,-0.638681918,-0.639669863,-0.548503675,-0.426777822,-0.414227152,-0.326074051,-0.124756324,-0.179808916,0,0.228716547,0.365218119,0.488647525,0.695556849,0.790208369,0.993475912,1.240273883,1.412468958,1.653217576,1.734733191,2.584360232,4.790137562
intersection,1,-1.215045643,-1.05216464,-0.956348326,-0.934850575,-0.721776741,-0.498104818,-0.43849595,-0.46734451,-0.356142656,-0.172192027,-0.077633159,-0.092499026,0,0.307807721,0.422569197,0.371727448,0.633618193,0.6745,0.971510379,1.38750693,1.662085225,2.300323927,3.070150187,3.726106223,4.787269546
utilize,1,-0.941022408,-0.84789506,-0.812418094,-0.773953742,-0.6745,-0.58043068,-0.519938515,-0.426321041,-0.346355952,-0.306422755,-0.206553499,-0.073723051,0,0.06871475,0.230790148,0.332588587,0.50089781,0.690262112,0.92887868,1.094500077,1.190505121,1.449596301,1.806950917,2.888752689,4.763591783
harness,1,-0.931300777,-0.883356814,-0.83771634,-0.797051631,-0.6745,-0.571819737,-0.55438295,-0.486216117,-0.419635363,-0.35323036,-0.284567968,-0.17443126,0,0.080364229,0.274929043,0.387259755,0.528599439,0.771561998,0.962029802,1.027844166,1.294746294,1.598376025,1.637781666,2.635676162,4.698342667
shed light,1,-1.006514167,-0.927135639,-0.898144816,-0.843001613,-0.750195839,-0.6745,-0.532372901,-0.558703844,-0.370838828,-0.319843293,-0.239912647,-0.091032998,0,0.052784739,0.155682197,0.28209144,0.432805292,0.627157156,0.786673463,0.978069748,1.164140561,1.412172123,1.652278333,2.680930777,4.527482406
strategically,1,-1.171025324,-1.346159979,-0.798483731,-0.965668362,-1.159858644,-0.983441399,-0.657042521,-0.705597726,-0.577471024,-0.552989836,-0.534891061,-0.291280334,0.108104042,0,0.224514382,0.381468828,0.313522079,0.478711569,0.648858373,0.6745,0.920431605,1.184858976,1.359199647,1.905318463,4.48551356
seamless,1,-1.020087356,-0.930252212,-0.739136866,-0.6745,-0.632892122,-0.476465437,-0.433805526,-0.504218049,-0.465661065,-0.354198241,0.039177684,-0.093020698,-0.008647706,0,0.660297564,0.4850395,0.752508196,0.842257073,0.86070972,1.219810431,0.905031842,1.443125331,1.513138082,2.562529798,4.476734161
encounter,1,-1.990575982,-1.627036624,-0.940797749,-1.278871207,-1.405150439,-0.780572839,-0.662332028,-0.966870515,-0.604134182,-0.47571355,-0.147971119,-0.203902923,0,0.07574588,0.106199524,0.406620721,0.333522984,0.410631759,0.6745,0.519792054,1.153803664,1.780581921,1.836611804,2.574845005,4.387028915
essential,1,-1.755235392,-1.508206666,-1.282625346,-1.128745326,-0.931511217,-1.060661408,-0.704155526,-0.631978742,-0.624717168,-0.453321463,-0.172668373,-0.211363378,0.002757153,0,0.103956075,0.062969088,0.201781247,0.438028529,0.500783738,0.6745,1.283815526,2.068666464,2.628644592,3.497447146,4.376316446
align,1,-1.300979561,-1.192298178,-1.153923476,-0.974913222,-0.747185257,-0.6745,-0.557309681,-0.532056833,-0.417957724,-0.286862934,-0.103887533,-0.006300197,0,0.140718337,0.206476108,0.248962752,0.454551268,0.641718835,0.781960091,0.956321581,0.905329416,1.106637861,1.373160427,2.355602819,4.344298968
additionally,1,-0.887033546,-0.822979868,-0.762668015,-0.733835044,-0.6745,-0.596019297,-0.518878424,-0.443785871,-0.383181919,-0.319092002,-0.213878568,-0.10495851,0,0.129965236,0.28188995,0.432799538,0.555784639,0.748250127,0.947570314,1.075240198,1.162839592,1.39864254,1.648032667,2.660288101,4.33226564
pave,1,-0.806363538,-0.76995217,-0.713091802,-0.6745,-0.63155158,-0.546405909,-0.539886702,-0.53181587,-0.406550564,-0.355487125,-0.184757318,-0.083286439,0,0.18543966,0.323653307,0.515283324,0.758054957,1.042949912,1.357841547,1.496988209,1.793120979,2.155558979,2.463478495,3.037649666,4.29550653
these findings,0,-1.069858668,-1.01554932,-1.010689725,-0.932223863,-0.863424321,-0.786651757,-0.73408167,-0.576528832,-0.524450302,-0.484539457,-0.291393086,-0.025486145,0,0.110890477,0.109311019,0.20085242,0.31079789,0.617266321,0.688757514,0.6745,0.394550601,0.684131312,0.853980677,1.994131894,4.294787948
poised,1,-2.116321438,-1.894356596,-1.586594442,-1.262969776,-1.213543464,-1.194211793,-1.351893008,-0.796619277,-0.437187503,-0.676853634,-0.358463352,0,0.363722253,0.071050324,-0.21038055,0.731036248,0.243282391,0.503702179,0.469353834,0.390997437,0.454373935,0.6745,0.193377996,1.175836287,4.291201779
innovative,1,-0.9577666,-0.900302606,-0.790586148,-0.793595224,-0.6745,-0.642060439,-0.556564847,-0.475271262,-0.375770761,-0.36778706,-0.269185652,-0.127616928,0,0.153902307,0.249856875,0.370730415,0.525529904,0.678349707,0.797704762,0.93504817,1.104159781,1.379922604,1.636958848,2.338182502,4.227098655
synergy,1,-1.04836585,-0.992714629,-0.849568749,-0.659731338,-0.635950032,-0.639733542,-0.552892855,-0.467881703,-0.412479362,-0.334315066,-0.273535322,-0.210062906,0,0.258636925,0.411001967,0.6745,0.801473957,1.166176247,1.164947732,1.642257761,1.681400806,2.040145855,2.442437012,3.025214035,4.153457219
comprehensive,1,-0.956820218,-0.921471047,-0.82706748,-0.790880678,-0.709607607,-0.6745,-0.552619617,-0.489087581,-0.43648467,-0.349236004,-0.239982706,-0.139651243,0,0.098710917,0.214912313,0.318243856,0.470102984,0.590357776,0.734200466,0.889821206,1.075102152,1.41221569,1.672544323,2.471772588,4.146314441
burgeon,1,-0.876908919,-1.1480325,-1.074604293,-0.960511231,-0.828973841,-0.510798972,-0.450953773,-0.579755623,-0.573926819,-0.464357919,-0.057951363,-0.337902321,0.025493129,0.084191505,0.119658834,0,0.269092968,0.6745,0.754482982,0.943677139,0.937774685,1.045228801,0.772074608,2.084513064,3.969973506
have shown,0,-2.420056694,-2.000796092,-1.334031695,-1.410758789,-0.830680371,-0.539550322,-0.394152319,-0.651083957,-0.6745,-0.423332744,0.055240669,0.06543938,0.049768728,0,0.098036098,-0.3337089,-0.003723416,0.124930837,0.743002052,1.252451801,1.610941059,2.507403417,3.220242492,4.125957718,3.954246186
dive,1,-0.824263254,0.46842712,-2.01668744,0.6745,-1.990737521,-1.124694334,-1.008004505,-0.787006182,0.065468421,-0.631448011,-1.43386019,-0.831104082,0,0.133763631,-0.037341876,0.23855268,0.017384749,0.692732786,0.331327878,0.401573572,-0.344020158,0.78341616,-0.116463686,2.156585202,3.916854658
aptly,1,-1.503793216,-0.68336313,-0.906792127,-0.6745,-0.95239121,-1.621982543,-0.443835415,-0.660038125,-0.663023502,0.415544081,-0.379775353,0,0.263894347,0.036261641,0.842239152,1.588378911,-0.163758649,0.229297449,-0.2813509,0.728171693,0.566273092,1.30042484,1.110216305,2.673940276,3.903097366
unparalleled,1,-0.876923564,-0.6745,-0.405566708,-0.702333923,-0.320694847,-0.241396517,-0.789716282,-0.501380036,-0.537405603,-0.259546631,-0.109511042,-0.054337908,0.437064384,0,0.011709233,0.666446489,0.946022494,0.853135671,0.940882639,1.039583923,1.275583592,2.001363286,1.370927908,1.936793853,3.842716451
ultimately,1,-1.170663361,-1.029818107,-0.939477062,-0.866250692,-0.744071294,-0.6745,-0.574875413,-0.530566714,-0.426241502,-0.360547904,-0.155931778,-0.157911823,0,0.100510976,0.116205996,0.278467369,0.50241619,0.597020806,0.761119952,0.872786531,1.049396964,1.23732472,1.467028928,2.346445976,3.758507532
vital,1,-0.963412878,-0.892978246,-0.805851082,-0.6745,-0.721853233,-0.583328615,-0.58246784,-0.427551859,-0.4540845,-0.339878926,-0.208535984,-0.125127858,0,0.177070673,0.271394978,0.392763099,0.590148073,0.816698481,1.012211726,1.288038782,1.655976954,2.097186451,2.440984652,2.783288402,3.593863777
interaction between,0,-3.735501926,-3.228031738,-2.987663794,-2.605452241,-1.748927969,-0.948780125,-0.770462055,-0.6745,-0.542104649,-0.77574255,-0.478782367,0,0.090851214,0.029914074,0.054143476,0.061118021,-0.250645761,0.145373918,0.57141121,0.776973792,0.31736737,0.534303038,0.768427449,1.707335181,3.581503075
journey,1,-0.854293527,-0.888372199,-0.946621326,-0.689802882,-0.823704943,-0.6745,-0.629423378,-0.489093371,-0.4784783,-0.409422663,-0.179597179,-0.124020841,0.036623835,0,0.209226111,0.181587658,0.342470406,0.584550468,0.753937544,0.811366917,1.153297366,1.577728389,1.928339879,2.462941838,3.577293552
characterized by,0,-4.235396164,-3.848074126,-3.390105432,-3.305032844,-2.716781542,-1.95872754,-1.550718421,-1.076784876,-1.042379054,-0.690037867,-0.203505142,-0.097139945,0,0.296411473,0.202969507,0.261151684,0.121519923,0.181594932,0.440790245,0.6745,0.333362039,0.33553762,0.423970158,1.603000987,3.552804452
enhance,1,-1.199962144,-1.104390565,-0.981985777,-0.896715194,-0.755924368,-0.6745,-0.566142623,-0.477886409,-0.421788076,-0.349674381,-0.184423874,-0.118813775,0,0.105253955,0.163548418,0.266029443,0.313543262,0.501846753,0.719660522,0.778648557,0.681352146,0.730491677,1.020447654,1.752657103,3.537787168
tailored,1,-1.089680121,-1.025324652,-0.940298537,-0.901911404,-0.806778702,-0.6745,-0.616604791,-0.548141049,-0.485720873,-0.35479618,-0.22353485,-0.116253855,0,0.105137852,0.219346521,0.372209844,0.492948388,0.632648533,0.849321843,0.954701854,1.03515278,1.227373368,1.370507018,1.971840294,3.487330231
scholarly,1,-0.612440919,-0.531012958,-0.744289869,-0.68410062,-0.701973636,-0.504848204,-0.6745,-0.524765139,-0.329941536,-0.443014793,-0.112144789,-0.05523097,0,0.45396943,0.480946593,0.562322973,1.145323709,1.393411735,1.577390313,1.829559731,1.851849418,2.316979811,2.42290902,2.892352922,3.374298907
embrace,1,-1.289298789,-1.006282461,-1.168320892,-0.872651676,-0.6745,-0.762545053,-0.864769388,-0.570444971,-0.306712271,-0.404077662,-0.123961976,0,-0.067573682,0.019538846,0.049222578,0.351100445,0.462478247,0.699913751,0.650278899,0.670122042,1.12091919,1.64220048,1.473820881,2.185921257,3.354173436
interplay,1,-1.424457389,-1.346962199,-1.263870879,-1.147075697,-1.104630556,-1.022043737,-0.835721926,-0.6745,-0.554053891,-0.50954732,-0.304428057,-0.24615691,0,0.058944879,0.215172245,0.277987732,0.31899728,0.416648245,0.495875343,0.550771441,0.682199069,0.897344492,0.740874455,1.365505486,3.263843888
paramount,1,-0.889769805,-0.847995366,-0.856053574,-0.668606602,-0.705715282,-0.59458654,-0.687461458,-0.5219494,-0.348921706,-0.313188639,-0.206128279,-0.042728052,0,0.125359856,0.271644382,0.279264148,0.439964299,0.6745,0.764135923,0.885334228,1.289112403,1.557283954,1.477887491,2.039833811,3.208474993
landscape,1,-0.810426713,-0.742551052,-0.723147459,-0.69912598,-0.6745,-0.599939984,-0.494604801,-0.4090135,-0.345342357,-0.293233919,-0.212035269,-0.180239236,0,0.149935152,0.240529225,0.405786002,0.571467389,0.735198112,0.923332202,1.025172302,1.207888002,1.484059126,1.695465536,2.163936292,3.169592945
elucidate,1,-1.341433495,-1.141134476,-0.954261633,-0.885393653,-0.775166876,-0.6745,-0.648049271,-0.438200712,-0.345893773,-0.33347779,-0.203855012,-0.116693383,0,0.095954,0.205519583,0.258302981,0.365452278,0.576682117,0.715404277,0.817221493,0.736635806,0.915902882,1.038273256,1.438228642,3.10505074
capability,1,-1.116110034,-0.984126693,-0.917074582,-0.930282009,-0.836780483,-0.6745,-0.625897892,-0.517646788,-0.448759619,-0.367189366,-0.264090473,-0.126877304,0,0.062953685,0.21712173,0.270609487,0.39046298,0.537460478,0.724681085,0.866415611,0.823203948,0.938940601,1.257530975,1.752387982,2.977323602
explore,1,-1.060603456,-1.004465613,-0.940071705,-0.86299307,-0.763278646,-0.6745,-0.579778484,-0.504536725,-0.422218576,-0.339667067,-0.230743756,-0.109213165,0,0.105242175,0.239818102,0.330245266,0.449974382,0.643949002,0.844875532,1.044209114,1.22676453,1.595310031,2.021087064,2.237851629,2.887409708
excellently,1,-1.248818993,-0.962825332,-0.114339509,-0.658562419,-0.59863307,-0.436858198,-0.332640568,-0.944690858,0.463631986,-0.215901998,-0.708969652,0.86482774,-0.390784099,0.285117599,0.297490284,0,-0.982368244,0.6745,0.749079793,0.562552812,1.547245989,1.560818204,2.575155955,2.609726691,2.886023024
new era,1,-1.389101183,-1.254128587,-1.193124604,-0.606212783,-0.94442941,-1.204771464,-1.007074685,-0.511901619,-0.849715813,-0.48614596,-0.435841938,0.16345059,-0.194903427,0,0.011110284,0.262441015,0.512067326,0.371894676,0.6745,0.857014828,0.648420817,0.926296289,1.195712795,1.950004837,2.869870103
state-of-the-art,1,-0.872720705,-0.790984018,-0.812824611,-0.768790826,-0.6745,-0.623792473,-0.585831784,-0.517290882,-0.469544053,-0.386423109,-0.206856288,-0.135756486,0,0.144075345,0.311843962,0.417204734,0.634635895,0.859730944,1.200415189,1.363183368,1.520053726,1.997109454,2.505353218,2.861025452,2.794436653
vibrant,1,-1.416905544,-0.93517501,-1.246867314,-1.655542139,-1.168502029,-0.997197717,-0.669782081,-1.01473587,-0.574973053,-0.40641243,-0.140253106,0,-0.001103607,0.149639896,0.472224187,0.262814782,0.257673813,0.386099932,0.906459773,0.6745,0.374527388,1.140209841,1.070621296,1.294653492,2.74163539
treasure trove,1,-0.681009998,-0.696582915,0,-0.740258148,-0.776218089,-0.240737689,-0.307614317,-0.608025137,-0.405578229,-0.6745,0.250426472,-0.359421747,-0.323574865,0.24256279,-0.07753651,0.274976503,0.713767937,0.607805075,0.766401104,0.74386999,0.780826267,1.292833727,1.589281414,2.272836257,2.642550443
facilitate,1,-1.145912084,-1.065284612,-0.988157493,-0.894692711,-0.731399639,-0.6745,-0.618660948,-0.50405256,-0.413052291,-0.310720471,-0.188322736,-0.109109683,0,0.12061031,0.196286861,0.264409219,0.408714842,0.569497795,0.686849512,0.813440754,0.857810144,1.081689388,1.19534006,1.632749074,2.601970295
enrich,1,-0.82959108,-0.719413517,-0.746868487,-0.709427508,-0.6745,-0.590858782,-0.54037821,-0.402347055,-0.35376227,-0.333195193,-0.202285718,-0.057788994,0,0.123578429,0.235229096,0.342023763,0.4618591,0.744699411,0.9531081,1.278154893,1.450601812,1.798966531,2.284860356,2.426168107,2.482823005
keen,1,-0.610612682,-0.267975632,-0.756211054,-0.575777571,-1.421028132,-1.855241595,-1.228295652,-0.446040878,-0.382532202,-0.6745,0,0.893940546,-0.028570299,0.114969635,-0.254069125,0.486417938,0.360743047,0.901857617,0.876213192,0.59326397,0.744411176,0.901823195,1.565755626,1.474158561,2.417873386
overarching,1,-0.741757551,-0.711888638,-0.688970636,-0.715995714,-0.6745,-0.522785375,-0.539326021,-0.484506543,-0.391593096,-0.307714317,-0.168174689,-0.090932076,0,0.028535518,0.358376711,0.480676526,0.594818596,0.785435379,1.069145733,1.187499399,1.325223562,1.667374845,2.089375806,2.1965025,2.38539625
due to,0,-1.050414442,-0.957450486,-0.934079155,-0.868927136,-0.730590207,-0.647418564,-0.579676435,-0.440521563,-0.384562042,-0.339119259,-0.27086672,-0.175815379,0,0.120945295,0.2128135,0.301800084,0.477342777,0.6745,0.93233796,1.096978173,1.351496951,1.725781644,1.92326147,2.242335548,2.363529049
aethetic,1,-1.865843422,-1.688211774,-1.459202521,-1.362415775,-1.467820883,-1.646145962,-0.94302069,-0.835797093,-0.337425127,-0.316462979,-0.227795748,0,0.177437062,0.166335084,-0.08311978,0.310795239,0.214602862,0.311021665,0.385264816,0.434905305,0.6745,1.042531631,1.399461285,1.925464369,2.362510113
correlation between,0,-1.483830179,-1.332865608,-1.378334896,-1.058367913,-1.047377259,-0.899429507,-0.812162263,-0.686809115,-0.616351137,-0.6745,-0.571953999,-0.213296755,0,0.00971341,0.194944568,0.260351673,0.29287074,0.192261958,0.459520779,0.529202082,0.463665863,0.723414171,1.139889546,1.420293253,2.356010491
spearhead,1,-1.340170507,-0.599856002,-1.07345178,-1.186737076,-0.319575749,0.037420129,0.391777408,-1.169793346,-0.001242976,0.091173402,1.010408894,0.03131428,-0.586706621,-0.732680014,-0.6745,0.252847548,-0.842454447,0.290791035,0,-0.003685316,0.733094339,1.37268197,0.782944231,0.868796822,2.330144434
methodical,1,-0.6745,-2.061800525,-1.444540085,-0.672290229,-1.189376566,-0.665335951,-0.891382492,-0.230336096,0,0.594168337,-0.338614858,-1.118338938,1.543394826,-0.084101272,0.520530979,-0.504802611,0.701147235,0.674240027,1.138096888,0.484264743,1.155060127,0.443448979,0.923814126,0.960470322,2.328643332
relationship between,0,-1.234293013,-1.228054422,-1.100898451,-1.052881821,-0.907836994,-0.796534453,-0.6745,-0.503510375,-0.440243318,-0.449567835,-0.322681329,-0.124257421,0,0.202315729,0.292220352,0.366885895,0.365239067,0.410436901,0.598174615,0.731837476,0.830943312,1.250770636,1.874946612,1.985194482,2.264952168
cornerstone,1,-1.382309303,-1.096715963,-1.147720735,-0.784744754,-0.925785734,-0.639918412,-0.705951263,-0.607109835,-0.418134574,-0.348058124,-0.289265331,-0.0775464,0,0.132418414,0.215120088,0.296275495,0.472408236,0.597482669,0.760451669,0.6745,1.013069523,1.337776179,1.494172757,1.755583234,2.154019435
our study,0,-1.051507895,-0.977181253,-0.88136275,-0.853739968,-0.807313595,-0.6745,-0.602489462,-0.508793445,-0.423084597,-0.362384409,-0.243313134,-0.122684175,0,0.135882223,0.255187522,0.373700657,0.496957278,0.63375037,0.752257608,0.910951857,1.017563084,1.184713313,1.425426522,1.687992839,2.016739627
complexity,1,-1.274631451,-1.08589987,-0.977683939,-1.002943678,-0.841202408,-0.729625477,-0.60173468,-0.538253683,-0.403252056,-0.32241403,-0.23060098,-0.090115241,0,0.092056609,0.242659968,0.279353104,0.388570783,0.538611296,0.6745,0.674711106,0.687871058,0.883810523,1.055712065,1.344649925,2.00848646
versatile,1,-1.072704723,-0.988098238,-0.876371132,-0.868370823,-0.710695453,-0.6745,-0.635096423,-0.511400786,-0.425742941,-0.277555086,-0.187006095,-0.01605817,0,0.082070024,0.297825016,0.37300645,0.479160921,0.583587455,0.776239177,0.913598294,0.836162541,0.906052779,0.958765408,1.262655752,1.974733134
hurdle,1,-1.226502646,-1.133456984,-1.04940806,-0.958135353,-0.872838476,-0.6745,-0.706261123,-0.642558138,-0.608909307,-0.263871792,-0.119404726,-0.024465618,0.175204008,0,0.221624994,0.473243895,0.580171959,0.641645842,0.611347836,0.715625075,0.892378266,1.081206479,1.132779934,1.213265736,1.959188817
beacon,1,-2.978177999,-1.844157828,-0.67261182,-1.514985044,-0.6745,0.373440124,-1.252108372,0,-0.604392561,-1.165636703,0.331200829,0.916711586,0.740831078,0.943670607,1.266934085,0.498129964,1.151720114,0.540229393,0.392251996,0.545159642,-0.410749171,-0.09346493,-0.497605469,-0.75869886,1.952798134
paradigm shift,1,-0.983914831,-0.947909392,-0.889161181,-0.837235485,-0.819495048,-0.807388954,-0.693349609,-0.581260006,-0.565121707,-0.344785104,-0.200238781,-0.206116446,0,0.102492577,0.303221163,0.300961738,0.381748033,0.60779482,0.585036248,0.6745,0.765202486,0.86653217,0.873212484,1.112834781,1.943661715
resonate,1,-1.173732604,-1.171341601,-1.273137965,-1.012974209,-0.323739257,-0.602486536,-0.691731522,-0.861652035,-0.750589838,0,-0.394747055,-0.179927167,0.21020827,0.368114501,-0.032614693,0.093139858,0.171500316,0.617993794,0.733673165,0.683093536,0.500906862,0.6745,1.324719556,1.107269749,1.877650649
robust,1,-1.243838083,-1.202542083,-1.087256978,-1.014200996,-0.843172373,-0.748345212,-0.607390313,-0.493167237,-0.416730198,-0.315625291,-0.190608713,-0.091710846,0,0.13348928,0.207585537,0.301648444,0.420633004,0.549732695,0.6745,0.740917137,0.755951984,0.912975239,1.042301,1.26752014,1.823508344
optimize,1,-1.36307589,-1.268351003,-1.235757303,-1.131669361,-0.969783996,-0.852449277,-0.665108839,-0.528264435,-0.440320273,-0.382511289,-0.244440558,-0.144228332,0,0.065322411,0.184950756,0.196287246,0.298737241,0.424617642,0.6745,0.748930026,0.751160503,0.917979633,1.216764547,1.496264085,1.787908415
based on,0,-1.282354104,-1.156014631,-1.056418765,-0.990891627,-0.810368676,-0.6745,-0.562564427,-0.461044716,-0.419795315,-0.331863921,-0.206989713,-0.114958207,0,0.084565823,0.201300811,0.287438036,0.415460488,0.54275098,0.745556499,0.914988812,1.001839159,1.301964786,1.733518622,1.799483452,1.742363366
this study,0,-1.196065111,-1.110911461,-1.048228912,-0.955611533,-0.886413439,-0.771154555,-0.6745,-0.563426929,-0.500841971,-0.405237875,-0.238816564,-0.118684958,0,0.109800931,0.212816204,0.280815665,0.357432136,0.447588061,0.565105024,0.702385572,0.755839315,0.959798322,1.249816045,1.405870266,1.72371015
moreover,1,-0.920206445,-0.881934661,-0.834317366,-0.762352312,-0.6745,-0.619255648,-0.514572755,-0.41036281,-0.385484698,-0.327642161,-0.210862465,-0.131711887,0,0.122456169,0.255488415,0.387981134,0.564441013,0.794539589,0.991769719,1.201059749,1.24967402,1.408813762,1.64331175,1.620008992,1.702379014
dynamic,1,-1.533407736,-1.337087665,-1.270332935,-1.193511705,-0.893984984,-0.785320167,-0.578882258,-0.472753371,-0.360687726,-0.241508156,-0.133422483,-0.116249907,0,0.079558056,0.178993057,0.26573653,0.358890258,0.541031059,0.733244723,0.763913688,0.6745,0.817852151,1.115994018,1.35992079,1.688817114
compared to,0,-1.066112164,-1.053950852,-0.993707111,-0.932307207,-0.781636796,-0.6745,-0.58521351,-0.473910888,-0.42916227,-0.403323634,-0.24010095,-0.121837201,0,0.079103594,0.150727929,0.279411765,0.440821472,0.612443554,0.719475308,0.738603308,0.74864305,0.969379548,1.071418557,1.276751441,1.651207681
related to,0,-1.21237741,-1.07516649,-0.962837959,-0.887746085,-0.862842871,-0.6745,-0.549048031,-0.370949285,-0.290952059,-0.302824001,-0.150404893,-0.02717982,0,0.133537583,0.181099245,0.248022609,0.359079358,0.545623112,0.704307625,0.977201069,1.339530687,1.94381192,2.247283367,1.910921438,1.564077043
changes in,0,-0.879585247,-0.918647282,-1.00491357,-0.959295352,-0.829452027,-0.702167609,-0.845609511,-0.422936663,-0.6745,-0.986528973,-0.614787089,-0.333820643,0,0.381073067,0.26387796,0.205205899,0.322309617,0.5308321,0.595097379,0.481241365,0.278667753,0.988043878,1.215231879,1.354000311,1.428762777
effect on,0,-1.040271243,-1.09912172,-0.880473375,-0.593380489,-0.589427064,0.19878533,0.196966359,0.219137307,0,-0.861578038,-0.676568576,-0.6745,-0.374428373,0.061225021,-0.092203155,-0.395982994,-0.334869966,0.377479998,0.962422952,1.649223879,0.902170001,1.410721303,2.589295815,2.332295367,1.425319185
participants were,0,-0.955377687,-0.921728088,-0.876307075,-0.818079515,-0.740800329,-0.6745,-0.585587752,-0.476880153,-0.405492385,-0.3236429,-0.229766287,-0.109623087,0,0.149002195,0.247196248,0.357256519,0.45104718,0.563899032,0.681794061,0.789624294,0.846745617,1.066369151,1.268731344,1.291051426,1.367596308
unprecedented,1,-1.077205362,-0.979528967,-0.804771603,-0.764840036,-0.6745,-0.65061418,-0.611870585,-0.544880156,-0.554129367,-0.440696094,-0.250359686,-0.116673115,0,0.021595634,0.254414679,0.392161659,0.620944669,0.760720048,0.792871121,0.809181363,1.962273403,2.13071628,1.727535187,1.472982393,1.357516207
association between,0,-1.176640746,-1.103431499,-1.058129181,-0.95802296,-0.894464321,-0.777277048,-0.6745,-0.56073119,-0.500728847,-0.378165623,-0.267855959,-0.145439177,0,0.154748039,0.279001266,0.384303201,0.438088969,0.551690888,0.649865165,0.745477387,0.774857777,0.964913054,1.088055086,1.154614387,1.33966868
statistically significant,0,-1.500078903,-1.438518569,-1.334772084,-1.181276273,-0.983737168,-1.037344843,-0.81180588,-0.71795623,-0.6745,-0.62327842,-0.49415197,-0.259898138,0,0.227451515,0.275390998,0.378859898,0.348099597,0.372761409,0.442739297,0.565667251,0.606409257,0.895755993,1.168009768,1.294320366,1.314231881
undoubtedly,1,0,0.551393004,1.619902674,0.87167304,0.354163896,-0.841863466,0.492353228,-0.568362968,-0.043807925,-0.030145982,0.0628711,-0.139721862,-0.194388321,-0.888736451,-0.652670795,-1.172833832,-0.80573688,-0.6745,-1.006274009,0.014932821,1.520680715,3.157590732,2.132589956,1.952162607,1.302538182
significant difference,0,-1.664716929,-1.507852533,-1.386710583,-1.296029377,-1.089615146,-0.971459785,-0.927566482,-0.75694952,-0.6745,-0.596866228,-0.416093633,-0.225689728,0,0.201313557,0.293465106,0.459640249,0.360876445,0.464675616,0.518168323,0.648646395,0.627915109,0.900239548,1.165048253,1.161202596,1.30229625
no significant,0,-1.051587807,-1.010823929,-0.976038614,-0.96451776,-0.781821567,-0.727897923,-0.724555756,-0.6745,-0.650049636,-0.580047061,-0.430922869,-0.274724524,0,0.244155655,0.312008025,0.468900022,0.339807769,0.459774633,0.5703922,0.717299822,0.527420408,0.690106013,0.966008073,0.893467204,1.286983655
sample size,0,-1.124756823,-1.038550461,-1.030160768,-0.876981747,-0.819052686,-0.754043192,-0.6745,-0.540592835,-0.455161114,-0.431301778,-0.374705641,-0.201568018,0,0.073269275,0.163963147,0.258853798,0.354139014,0.469882194,0.580198057,0.704982904,0.745817218,0.820379332,1.008099431,1.152997905,1.236775545
were collected,0,-1.24784712,-1.118950409,-1.072242789,-0.969882182,-0.888956298,-0.759977484,-0.6745,-0.535124351,-0.462823141,-0.408502042,-0.296135543,-0.141846696,0,0.119143395,0.234547052,0.252875265,0.379296119,0.498065014,0.627525265,0.784409433,0.940679615,1.167369114,1.318589035,1.261769595,1.184019574
driving force,1,-2.347627945,-2.17885458,-1.655838484,-1.672363041,-0.762061692,-0.751860778,-0.372283908,-0.454959449,-0.01969627,-0.50431552,-0.16584563,0.09283689,0,-0.047305338,0.161566126,0.186821136,0.469637687,0.6745,1.053325154,0.804619352,0.475354683,0.796469171,1.287689012,1.619901198,1.167744198
exposure to,0,-2.384806416,-2.012697295,-1.447758262,-1.002991976,-1.258898588,-0.694602496,-0.145612954,-0.092550786,-0.431993964,-0.494850367,-0.581299746,0.041931466,-0.046482635,0.01786689,0.6745,0.195829213,1.009336526,1.018701589,1.263926252,1.57873861,0.989061056,0.361051851,0,0.121799681,1.156436076
over time,0,-1.249057311,-1.162789394,-1.123837364,-0.983401304,-0.9340199,-0.835608155,-0.730413786,-0.60261019,-0.528855056,-0.400878588,-0.286434726,-0.197033838,0,0.109344261,0.206797353,0.260517722,0.469342149,0.612190437,0.660311689,0.689812099,0.6745,0.95418426,1.02341015,1.07504179,1.142423149
defined as,0,-1.175475146,-1.098564329,-0.965868897,-0.916915011,-0.828821828,-0.6745,-0.61712601,-0.51941694,-0.42963643,-0.296182566,-0.163430144,-0.070456634,0,0.173776223,0.234781327,0.361278524,0.560006188,0.647358493,0.710605819,0.83056055,0.821938944,0.99310047,0.995703718,1.004799058,1.111541897
associated with,0,-1.593418203,-1.504816541,-1.369022059,-1.258007599,-1.148364484,-1.00769832,-0.859332144,-0.6745,-0.574221589,-0.450171232,-0.315087502,-0.160750937,0,0.155101648,0.247645772,0.317768065,0.38828901,0.535902267,0.589760019,0.672886248,0.680163866,0.907956902,0.888038485,0.831602018,0.984944007
prevalence of,0,-1.979820115,-1.807260575,-1.698194744,-1.472319572,-1.362129533,-1.236301085,-0.885681118,-0.775554304,-0.555932431,-0.433190454,-0.285056435,-0.241287127,0,0.136479836,0.22491268,0.161515699,0.225094801,0.263685899,0.349407847,0.513659632,0.6745,0.980781376,0.914483318,0.876499286,0.966247023
adventure,1,0.303895504,0.282746106,-0.095680645,2.668020797,2.444903353,0.094535701,1.972334761,-0.404247518,-0.66698917,0,1.202776966,-0.202884002,-0.189016445,-1.079388687,-0.725610281,1.798092668,0.194906035,1.360403638,0.6745,-1.083721153,-0.991905838,-0.88432694,-0.598622299,-0.399118171,0.912300201
was performed,0,-1.163189397,-1.044689917,-0.997521446,-0.838881831,-0.802160576,-0.6745,-0.640924655,-0.538984463,-0.450009134,-0.387411734,-0.262944341,-0.11544656,0,0.176748026,0.343478346,0.432547911,0.467749403,0.584763232,0.809339533,0.969428195,1.105231034,1.247660812,1.330631079,1.187351779,0.903687768
according to,0,-1.36325616,-1.258886459,-1.134027596,-0.993457972,-0.92926983,-0.705151758,-0.621875515,-0.53083401,-0.497577446,-0.374772635,-0.263023189,-0.162131102,0,0.158949117,0.269771637,0.360147344,0.42679017,0.47941754,0.6745,0.862652505,1.008503974,1.286784097,1.690441413,1.494273713,0.893353765
was used,0,-1.274224266,-1.119834917,-1.045331229,-0.926905598,-0.786501089,-0.6745,-0.579300639,-0.480597014,-0.443698402,-0.394775044,-0.251211702,-0.17221616,0,0.070007513,0.179624052,0.257056421,0.323893256,0.453621445,0.677151755,0.84738357,0.868528665,1.053972108,1.379522886,1.313517313,0.880546207
to evaluate,0,-1.284465896,-1.198355806,-1.076194127,-0.941771776,-0.923673503,-0.773079882,-0.679540153,-0.565186018,-0.486286518,-0.402516953,-0.284114834,-0.138752987,0,0.100216041,0.227624697,0.273949701,0.345861816,0.461811713,0.557209566,0.6745,0.722036223,0.852356356,0.91672124,0.847925628,0.772600769
in addition,0,-1.164024665,-0.955296979,-0.95540032,-0.849321217,-0.6745,-0.681036788,-0.549319162,-0.486099528,-0.508665376,-0.428345316,-0.248725011,-0.117297023,0,0.051295891,0.186327876,0.268104587,0.360987541,0.589497655,0.902122609,1.06897385,0.817892247,1.017293057,1.921444797,1.682474644,0.756062592
control group,0,-1.946228057,-1.767600855,-1.61597938,-1.344122425,-1.262684803,-0.843413107,-0.798800126,-0.756773262,-0.6745,-0.6638041,-0.501538262,-0.292521428,0,0.231864161,0.334992608,0.600021773,0.535892962,0.470875809,0.599839796,0.709711886,0.507143455,0.625819171,0.997690286,0.715374438,0.737364579
between groups,0,-1.0833813,-1.023925888,-0.971257359,-0.879786258,-0.848688424,-0.705355184,-0.6745,-0.560701814,-0.506158131,-0.321141243,-0.195502247,-0.159378009,0,0.207187099,0.288334761,0.396412534,0.543440121,0.645584188,0.661707853,0.737403439,0.734672356,0.799656905,0.750896017,0.683215247,0.717655608
current study,0,-1.069811019,-1.004804793,-0.966445205,-0.857404056,-0.802987331,-0.734797371,-0.6745,-0.640377565,-0.557590335,-0.467195805,-0.379429353,-0.20455675,0,0.124124046,0.253238655,0.313907657,0.419507039,0.554456338,0.706899363,0.848631529,0.794634183,0.889252736,1.006359158,0.863173492,0.645212751
was calculated,0,-1.681580201,-1.518586846,-1.432413546,-1.267293906,-1.204151126,-1.065727674,-0.915274452,-0.781130601,-0.6745,-0.593984304,-0.446784339,-0.258306872,0,0.1461118,0.291843571,0.34789454,0.383008892,0.549855787,0.674078757,0.737784354,0.644357597,0.762799318,0.853013231,0.746118215,0.628495428
higher than,0,-3.067957093,-2.471871396,-2.064351459,-1.33525944,-1.391394889,-0.6745,-0.940159573,-0.407485639,-0.540347706,-0.526642453,-0.46802642,-0.366250844,0,0.281415671,0.188131985,0.444261636,0.541410958,0.636210836,1.52889229,2.372090174,1.782978157,2.393554944,4.175853185,2.483522778,0.616484189
illustrious,1,0.440957581,-0.362902399,-0.420642837,0.166561267,0,0.096214027,-0.85676968,-1.428205262,-0.995656892,0.090623916,-0.703588614,1.341386229,-0.354266779,-0.972721407,0.134082521,0.6745,0.769431707,-0.348919106,-1.303024843,-0.779125241,-1.093129194,0.723408463,0.73781452,0.414750178,0.588865108
can be,0,-1.666688627,-1.437918224,-1.350752551,-1.337550937,-1.001164285,-0.846018297,-0.6745,-0.61691995,-0.536098367,-0.368957643,-0.233494412,-0.120102001,0.025130565,0,0.172280553,0.217378124,0.328588581,0.524820476,0.810652503,0.953685358,0.923856968,0.988294378,1.179656785,1.218915028,0.579662671
kaleidoscope,1,0.549843502,0,0.738882235,-3.105316129,-0.880883499,-0.422568472,-1.587901332,-0.150481462,-0.353069292,-1.319648428,-0.194588097,1.198182213,-0.644543042,-1.002753303,0.6745,0.882613171,0.041656267,-1.299233494,0.222166756,-0.798483848,0.004804644,1.196572657,0.409091445,1.037202604,0.566179293
defined by,0,-3.393567718,-3.618112698,-3.01812291,-2.31585287,-2.003056198,-1.855115189,-1.479731623,-1.490812845,-0.31726361,-0.942922024,-0.093564555,-0.107853398,0.101208492,0.004443972,0.510731408,0,0.658595863,0.6745,0.526218324,0.851856965,0.784217493,0.736248625,0.3383275,0.316195679,0.545693715
reportedly,1,-0.843776451,-1.080044871,-1.008996445,-0.6745,-0.737684005,-0.89436798,-0.488930565,-0.835938894,-0.037931894,0.019872605,-0.133540684,-0.135568912,0,0.107610259,-0.042109238,0.398043114,0.647320401,0.665822945,1.581044065,0.942877554,1.179569082,1.661676204,1.52391788,0.987290376,0.533074747
significant between,0,-1.60863164,-1.176358181,-1.345026661,-1.212417017,-0.93222301,-1.008822394,-0.757164188,-0.726157871,-0.631190155,-0.618088392,-0.434191008,-0.447930467,0.033838046,0,0.315690955,0.346933621,0.52346851,0.540472262,0.6745,0.756423925,0.935023524,0.894050412,0.96985156,0.640421145,0.515102646
significantly higher,0,-2.292103174,-2.061439965,-1.993701405,-1.61789559,-1.607939363,-1.247220467,-1.214950756,-0.904316477,-0.852008225,-0.829097166,-0.6745,-0.238523564,0,0.244599579,0.438937482,0.513171231,0.464288806,0.528814143,0.588858676,0.642037134,0.619410778,0.882018754,1.047278371,0.648657069,0.454770532
previous studies,0,-1.124986219,-1.21657316,-1.126960153,-0.908052516,-0.803806311,-0.715274198,-0.6745,-0.493696688,-0.493749248,-0.461716619,-0.246732516,-0.132778702,0,0.180103967,0.308936261,0.431428703,0.428012765,0.735235461,0.931422903,0.925846149,0.696085281,0.639604291,0.90446673,0.712182383,0.451193838
disruptive,1,-5.289740641,-2.44944601,-3.118260086,-1.924509245,-1.948205477,-1.124025007,-0.033661253,1.227749147,1.929506409,2.278252819,0.161814348,-0.388034969,-1.297489637,0.018288744,0.013848448,0.6745,0.042497882,-0.50631097,-0.316345439,-0.036269744,0.280280857,0.821528016,0.724794045,0,0.436555826
correlated with,0,-1.863511294,-1.75525606,-1.702191862,-1.487366541,-1.487806977,-1.252949202,-1.175380699,-0.914310244,-0.785107782,-0.77664658,-0.577529404,-0.266671807,0,0.268704781,0.348849347,0.45787652,0.402274244,0.492736561,0.547500973,0.6745,0.505070333,0.750191863,0.955718432,0.464282146,0.328184336
show that,0,-2.40481128,-2.199606171,-1.919486955,-1.769196546,-1.390407514,-1.044650756,-0.812016224,-0.568137645,-0.505867997,-0.411553316,-0.26259389,-0.164814214,0,0.084343373,0.202952388,0.164369016,0.224015813,0.470931867,0.6745,0.945227016,0.73588839,1.004972708,1.922796604,1.530680498,0.315556995
decrease in,0,1.483023175,1.121108603,1.070613946,1.200703261,0.907155063,0.921022689,0.595339172,0.514119768,0.204940231,0,0.177176587,0.006216574,-0.051965994,-0.188331653,-0.343622474,-0.465595527,-0.712641203,-0.81695821,-0.703785287,-0.724174315,-0.873699824,-0.817622155,-0.6745,-0.257445151,0.141371891
data set,0,-5.005023828,-4.284078615,-3.483830966,-2.586669034,-1.996165969,-1.563490342,-0.630835605,-0.179839044,0.078388311,-0.6745,-0.323958886,0.176998423,-0.040605923,0.182658306,-0.136939267,0,0.472025696,0.553369961,1.021760518,1.152527308,0.810866871,1.010884999,1.58070493,1.096056627,0.041968566
differences between,0,-2.49055225,-2.327870992,-1.948659255,-1.637863566,-1.518817645,-0.937747577,-1.012389852,-0.713260043,-0.636013309,-0.363271452,-0.212539777,-0.197890154,0.222278188,0.525171007,0.642348512,0.6745,0.548141748,0.524486104,0.742022935,0.755747178,0.400292145,0.746031293,0.827765513,0.639941914,0
our results,0,-2.0014079,-1.929012011,-1.796306453,-1.61876062,-1.452932052,-1.283367196,-1.062738125,-0.831503157,-0.722796121,-0.572137093,-0.36600161,-0.154209442,0.035422611,0.24467775,0.405612076,0.56588334,0.631127313,0.866761478,0.910958256,0.907022117,0.6745,0.602128025,0.507639415,0.321644113,0
were significantly,0,-1.476751083,-1.376686794,-1.220502902,-1.027068916,-0.996876873,-0.759812129,-0.699198129,-0.535452664,-0.513095576,-0.41929851,-0.224605777,0,0.183766229,0.379442641,0.575920216,0.6745,0.560116985,0.751005962,0.81633585,0.871392252,0.656842739,0.832563642,0.980052449,0.487340425,-0.021067455
increase in,0,1.585150022,1.414859025,1.360043964,1.408960822,1.087418441,0.962558359,0.870959408,0.706890571,0.457432094,0.110508587,0.074044947,0,0.046792476,-0.103344948,-0.248702823,-0.485411307,-0.659045665,-0.566184737,-0.6745,-0.825554192,-0.990951971,-0.733296947,-0.705965155,-0.438991963,-0.089393272
this paper,0,-4.378030179,-4.062357539,-3.449930321,-3.214589693,-1.761097126,-0.39523519,-0.089709306,0.431782539,-0.2709339,-0.083000468,0.156456643,0.6745,0.92443857,-0.042230941,0.073201097,-0.176387973,0,0.060506377,1.76354785,1.550985985,1.920194745,1.882691205,4.709151256,2.841886644,-0.120415928
this article,0,-3.324412402,-3.614879929,-2.811014305,-2.72900421,-1.783534437,-1.613251336,-1.577561274,-0.6745,-0.106858939,0.193405092,1.78424346,2.302703046,1.642025542,0.978095595,0.481303851,-0.203154738,0.271546671,0.176947765,0.775575368,0.161078089,0.084619577,-0.008101915,0.049872831,0,-0.232140958
follow up,0,-2.256462055,-1.98024461,-1.658319546,-1.111741409,-1.386361412,-0.467778696,-0.533283174,-0.072272425,0.03695423,-0.10108621,0,0.535830403,0.6745,1.173355162,1.184093991,0.975251823,0.939796835,1.078293557,1.117617802,1.276569087,0.547221682,0.38328921,-0.377944688,-0.584017881,-0.430967881
fresh,1,-2.286593236,1.166574757,0,0.61471148,0.480417876,2.363433656,2.543974798,3.336812923,3.747669498,4.493500111,4.028352948,2.773914202,-0.124841438,-0.150407412,-0.6745,-0.771483668,-0.020068043,-0.438413521,-0.147141902,0.108462431,-0.913808449,-1.005405015,-0.238113074,0.130260205,-0.61234448
potent,1,0.885337554,0.827718691,0.84108637,0.95146163,0.96555955,0.79272634,0.637901419,0.50723761,0.250703315,0.196355113,0.373699598,0.200600258,0,-0.078429724,-0.226520315,-0.516975477,-0.601346115,-0.531172885,-0.6745,-0.785786568,-1.160547204,-1.266832022,-1.384389307,-1.239642998,-0.784264405
in contrast,0,1.218210225,1.157119213,1.091245961,0.962121312,0.842839051,0.767441542,0.6745,0.520762309,0.436628676,0.201134383,0.150478876,0.104846104,0,-0.120082789,-0.240731921,-0.337862351,-0.417011362,-0.493942933,-0.598088941,-0.701583373,-0.913098311,-0.931062074,-0.998307576,-0.947410051,-0.869338309
subset of,0,-2.806885749,-2.481626551,-1.477033134,-1.222779699,-1.183794326,-0.534751884,0,-0.060417221,0.188583001,0.243439605,0.267587544,0.696439273,0.861154366,1.008012744,0.713881206,0.549185062,0.668238254,0.6745,0.626888409,0.231274047,-0.044634419,-0.10513586,-1.12394559,-0.781857159,-0.918082779
obtained from,0,-1.113937176,-0.163297587,-0.237560753,-0.501676806,1.216743684,2.367050188,2.17293022,2.229867545,1.34557758,0.690597477,0.564372243,0.681849576,0.631793143,0.288729665,0,-0.6745,-0.522940103,-1.063270425,-0.686721825,-0.065031129,-1.061408567,-0.462176054,0.302226206,0.404615534,-0.962552391
are presented,0,1.093946116,1.095057206,0.885844357,0.790638407,0.93074891,0.900867656,0.838177799,0.6745,0.577734369,0.402792956,0.308813192,0.167427378,0,-0.127871666,-0.191273149,-0.292226282,-0.358016412,-0.523704447,-0.46753235,-0.620494501,-0.719447222,-0.776498815,-0.864569702,-0.952743331,-1.176364141
is consistent,0,1.073221118,1.084200972,0.976484496,0.838435033,0.892445884,1.018768133,0.6745,0.58963224,0.51307375,0.228336621,0.075300838,0.129845095,0,-0.07642336,-0.32947206,-0.28586617,-0.492215229,-0.603831491,-0.590930786,-0.764449928,-1.012225027,-1.015546957,-0.966011377,-1.046188133,-1.301332524
indicate that,0,1.39754583,1.419413382,1.167950647,0.948352238,1.020423211,0.888677129,0.6745,0.752012378,0.354353089,0.050272683,0.04078662,0.086838484,-0.137149849,0,-0.061128833,-0.271881529,-0.426697713,-0.127305452,-0.01665406,-0.079122923,-1.067218141,-1.454729586,-1.230496874,-1.647154164,-1.376767395
results obtained,0,0.53582788,0.612337968,0.6745,0.714537648,1.024658835,0.956435177,0.825253416,0.988433718,0.680351843,0.412049252,0.377155706,0.239894653,0,-0.184211605,-0.220844143,-0.517203561,-0.598824627,-0.668176697,-0.659950993,-0.72664213,-0.894369204,-0.887615294,-0.943226573,-1.040841941,-1.529294182
significantly different,0,-0.715744725,-0.481821392,-0.374272925,-0.135079229,-0.376849343,-0.266414113,-0.040455089,-0.054360033,-0.585568587,-0.761405904,0,0.139267974,0.612186676,0.6745,0.909778569,1.178578118,0.852050645,0.932442968,1.095343105,0.872201062,0.812449465,0.923815732,1.083529778,-0.118682339,-1.558554789
are shown,0,0.891922979,0.815583289,0.685662405,0.594213833,0.721604413,0.720711398,0.609378279,0.506018754,0.426374852,0.393472343,0.312575256,0.130591643,0,-0.143301295,-0.257775354,-0.393762986,-0.544132608,-0.6745,-0.738378509,-0.856424914,-1.068311142,-1.191303608,-1.20835296,-1.342068447,-1.716900879
these results,0,1.653026773,1.510017004,1.35789263,1.138556711,0.993391674,0.891890016,0.6745,0.605454614,0.449838247,0.250257996,0.212043404,0.11246816,0,-0.05306373,-0.25667651,-0.384160611,-0.461854153,-0.414805971,-0.501560093,-0.692543348,-1.107718752,-1.357047146,-1.526018149,-1.658190102,-1.809766201
compared with,0,-1.526852085,-1.339565806,-1.048393583,-0.655653538,-0.667176911,-0.356297632,-0.392708435,-0.133601837,-0.144479673,0.063620192,0.240748537,0.516435914,0.883901353,1.113365145,1.228494176,1.192002978,0.885487514,0.783600304,0.6745,0.781482987,0.392825008,-0.067099112,0,-1.037531461,-1.993920414
present study,0,-1.286821457,-1.312433297,-1.090226341,-0.746512797,-0.6745,-0.371345589,-0.323718072,-0.033831486,0,-0.135252198,0.068239823,0.313796524,0.556204194,0.666562451,1.062905712,1.240289004,1.154166982,1.489717523,1.479655816,1.205222961,0.446285295,0.076701804,-0.349473626,-1.17161271,-2.023116172
consistent with,0,0.498122522,0.562796882,0.562013223,0.6745,0.706187433,0.830586893,0.700022174,0.589037263,0.499152777,0.245213901,0.155183651,0.197760587,0,-0.077889014,-0.38083331,-0.486803863,-0.755772371,-0.838442591,-0.98419155,-1.200552989,-1.546334616,-1.604214667,-1.72462118,-1.778391885,-2.03237817
determined by,0,0.5828755,0.647802051,0.693099921,0.6745,0.722098925,0.79757749,0.626231193,0.549719049,0.416748503,0.264953778,0.177840141,0.106336854,0,-0.218917912,-0.287416206,-0.497945969,-0.680866293,-0.782588508,-0.816872675,-0.882383647,-1.285174819,-1.537342356,-1.624330691,-1.909864479,-2.204979354
catalyze,1,-1.909629618,-0.07673719,0.515044911,0.67730589,0.973332327,0.649267301,-0.127446284,1.062646943,0.649169146,0.310225119,1.458023537,1.704555976,0.6745,0,0.291731294,0.543817973,-0.872557226,-0.502081633,-0.002430192,-0.168343226,-3.344461411,-4.599750112,-4.432689674,-3.471193531,-2.403852053
suggest that,0,0.912271931,0.781154547,0.774086037,0.659224882,0.582580293,0.6745,0.617941994,0.584852888,0.374131332,0.209909908,0.128810176,0.086542664,0,-0.079196372,-0.30545888,-0.497869217,-0.764348464,-0.792494858,-1.05797191,-1.382152885,-1.942324453,-2.189070011,-2.493950486,-2.606548622,-2.666946734
were determined,0,0.064443599,0.380452038,0.551532381,0.57236702,0.6745,0.879256592,0.682230473,0.723895598,0.367847644,0.090366525,0.074032742,0,0.019359834,-0.281101663,-0.27313439,-0.668793126,-0.993876812,-1.232873817,-1.211478751,-1.168177216,-1.845370502,-2.182127584,-2.347560461,-2.639387076,-3.126441792
to determine,0,-0.942834749,-0.97827257,-0.692198687,-0.380237329,0,-0.128129923,-0.01681462,0.228576919,-0.05853074,0.203120709,0.275448262,0.586820242,1.056709278,1.131911232,1.233060545,0.880848108,0.720090679,0.747090199,0.546390039,0.391996531,-0.585338917,-0.6745,-1.012896189,-1.902033415,-3.6162064
respect to,0,-0.161438397,0.156769957,0,0.22621434,0.6745,1.168594954,0.710772717,0.671303982,0.845738572,0.618604745,0.683059399,0.59732429,0.488591342,0.026385564,-0.14182296,-0.436978449,-0.583503576,-0.885401678,-1.077679295,-1.409447428,-2.207179167,-2.775033705,-3.477600262,-4.307990671,-5.390138711
with respect,0,-0.186267126,0.150335126,0.002463267,0.118753456,0.640225543,1.205823232,0.679742484,0.707379086,0.888385482,0.618274141,0.6745,0.651971435,0.512048292,0,-0.176589802,-0.514161035,-0.643525264,-0.978209721,-1.186109417,-1.519213159,-2.354757972,-2.916673726,-3.636028226,-4.475457606,-5.609480219
number of,0,-3.585083284,-3.233409839,-2.344555495,-2.041110832,-0.880866316,-0.139305349,0.275297459,0.632025859,-0.201068785,-0.260225842,0.682529762,0.6745,1.33725336,1.143207518,0.9511714,0.602560793,0.727922631,0.382617437,0,-0.222912294,0.102184165,0.180531401,-0.605384969,-2.682550175,-5.918612039
was measured,0,-0.682969944,-0.627656719,-0.041700977,-0.074541102,0,0.696585972,0.614839143,0.524294973,0.6745,0.47566576,0.6228282,0.887610352,1.409367064,1.437585845,1.24108496,0.911085299,0.407637034,-0.153929625,-0.046810012,-0.489793675,-2.136255656,-2.887840312,-3.829024836,-5.042657711,-6.14887836
percentage of,0,0,1.004290656,0.455316493,1.974698099,0.353016163,-0.232008437,-0.185741086,-0.807204439,0.744816718,-0.513752834,0.041518349,0.6745,1.356666621,1.349036733,0.136508888,0.155363214,0.049909127,-0.304271984,-0.359843181,-0.978331193,-1.952705758,-1.603751173,-3.115135564,-4.150874585,-6.802859114
