Word,Group,2000,2001,2002,2003,2004,2005,2006,2007,2008,2009,2010,2011,2012,2013,2014,2015,2016,2017,2018,2019,2020,2021,2022,2023,2024
delve,1,-0.863710189,-0.875048916,-0.757847175,-0.814177178,-0.531136909,-0.6745,-0.298320186,-0.390440458,-0.356187364,-0.524189322,-0.263885276,-0.03589495,0.002690514,0,0.276145941,0.488812272,0.55133505,1.017519454,1.222476039,2.049336283,2.369718687,3.755269278,5.070627748,29.3672759,107.748257
underscore,1,-2.497160376,-2.233115778,-2.01003605,-1.673282871,-1.43521317,-1.194548622,-1.104072341,-0.949830257,-0.552225145,-0.321104842,-0.278691165,-0.245520999,0,0.267614801,0.287420584,0.143645268,0.43527613,0.658857759,0.652755701,0.465818936,0.6745,1.369537299,1.578517065,8.930453477,54.02029314
meticulous,1,-0.6745,-0.756841639,0.690546222,-0.081845044,-0.872082689,-0.594268889,-0.325611057,-1.079348978,-0.562145408,-0.333525538,0.40956663,0,0.812336117,-0.201710634,-0.298763897,-0.549296015,0.541133237,1.352445127,0.906099439,0.025885008,1.844229247,2.939655485,1.376871388,9.10432229,33.23501604
boast,1,-0.6745,-0.701042798,-0.933491447,-0.486264509,-0.836714264,-0.333902776,-0.573452814,-0.404526907,0,-0.59813859,-0.243842967,-0.632166788,-0.118494018,0.200925137,0.686261136,0.634843421,0.452723492,0.993460631,1.537189638,1.346529703,2.127865753,2.203504988,2.409376451,9.775458426,31.0928039
commendable,1,-0.801983964,0.419627342,-0.726190413,-0.881880901,-0.185836424,-0.59715492,-0.480123362,-0.790116128,-0.6745,-0.095432642,-0.485186246,-0.168415748,-0.133043609,0.028989094,0.293899056,0,0.549050717,0.726918542,1.149982385,1.021532118,1.540504949,1.62824119,1.906264293,7.53619131,27.44394119
showcase,1,-0.716399476,-0.70986861,-0.6745,-0.626342272,-0.554211507,-0.556048684,-0.605897969,-0.516981451,-0.281141615,-0.185360097,-0.165249929,-0.052304498,0,0.210781426,0.503358125,0.716013415,0.946143046,1.404579244,2.148091041,2.396107039,3.261487696,4.183682541,5.188728117,10.4168243,26.99316784
surpass,1,-0.877061179,-1.03447441,-0.499125231,-0.833241613,-0.548933868,-0.6745,-0.477394269,-0.413768192,-0.376891408,-0.399757739,-0.271461045,-0.090528645,0.02029472,0,0.316308119,0.640700066,0.734685909,1.204950061,1.718556924,1.887380614,2.362952616,2.89870485,3.488148684,8.708847714,25.1015888
intricate,1,-1.319042275,-1.467626789,-1.13968472,-1.108377809,-1.101417171,-0.881775543,-0.708531396,-0.546077832,-0.36731508,-0.343708682,-0.16620517,0,0.135513372,-0.038752095,0.203689321,0.307251654,0.538708087,0.575339204,0.6745,0.554683606,0.839651935,1.165383081,1.167222616,6.64657908,23.13437394
tapestry,1,1.752573218,1.587442668,4.555264062,-0.6745,0.186061588,-0.200574249,0.00484944,-0.646865326,2.115781984,2.633923213,-0.109647256,-0.429638956,-0.348125582,-0.242151063,-0.723871574,-2.288732256,0.443224519,-1.812356825,-0.05191753,0,1.592220792,1.111591404,-0.070851739,6.025678341,22.47044904
emphasize,1,-1.3842101,-1.177736369,-1.284225963,-1.245778597,-1.229394563,-1.097545833,-0.939665331,-0.556390045,-0.451389306,-0.373064257,-0.375552677,-0.036596237,0.089136921,0,0.287536816,0.105327669,0.191969543,0.286621192,0.575340919,0.6745,1.105514742,2.078640658,2.890935973,6.620245422,21.70420186
grapple,1,-1.296690094,-0.787036132,-0.508420661,-0.313585368,-0.72248808,-0.460126891,-0.328269035,-0.956931327,-0.119371996,0.012628165,0.089261518,0.567181683,0,-0.883455015,-0.535848444,-0.419174955,0.247746038,0.714561219,0.6745,1.876131005,3.517687,4.806908768,4.39206618,9.183600843,21.34537723
intricacy,1,-1.367861829,-1.498730299,-1.322904436,-1.083964432,-1.202023322,-0.6745,-0.886073393,-0.614154724,-0.444724123,-0.292950999,-0.230408543,0,-0.358847347,0.002401081,0.021018991,0.059302902,0.720114832,0.704888926,0.584396558,0.553963803,0.649549714,1.545400844,1.761574404,6.19116959,20.18166169
symphony,1,0.543862078,-5.405036098,-0.6745,0.37414997,0.532358786,-0.030531526,-1.993153514,-0.452822619,2.224144552,-0.495196676,-1.87152085,1.050006927,-0.005057748,-0.578649513,0.217637351,-4.172981094,0,-0.6334829,-1.454009945,0.484341022,1.55072395,6.383371039,4.711291985,9.322138334,18.67638103
encompass,1,-1.171376458,-0.98017391,-1.067730034,-0.895920093,-0.827401265,-0.761240997,-0.6745,-0.436499244,-0.528176015,-0.430809439,-0.198532251,0,0.083694322,-0.033182226,0.138330282,0.311014836,0.608244875,0.605320389,0.749940165,0.63171472,0.883971341,1.396899513,1.285789942,5.586118928,17.94078487
adept,1,-1.69739174,1.259407646,-1.404830051,-1.103656996,-1.843757979,-1.958294528,-0.056027806,-0.177764463,0.125961439,1.408398643,-1.021309694,0.6745,-0.596431414,-0.335537615,0,-0.459503518,0.717538848,0.114051148,0.375825859,1.899552074,0.390495742,0.288327918,-0.240030565,3.045097339,15.10990743
garner,1,-0.869741685,-0.822225655,-0.859919517,-0.734115782,-0.756592003,-0.6894902,-0.551377885,-0.578175932,-0.461640971,-0.348120392,-0.231812417,-0.159099504,0,0.076939405,0.162390811,0.337992246,0.487867012,0.619151568,0.6745,1.03458713,1.459665086,1.60802358,1.9284062,5.267557317,14.81729099
realm,1,-1.227595855,-0.701886925,-0.956075939,-0.909133198,-0.748917491,-0.610987511,-0.350767811,-0.399920828,-0.478875971,-0.33719145,0,-0.181462164,0.167871164,-0.023024924,0.063549083,0.418247087,0.704104519,0.436792909,0.960298882,0.6745,0.789119623,0.899055219,0.90396613,4.81557577,13.87551012
cutting-edge,1,-0.869835864,-0.558765793,0.046152744,-0.899819219,-0.718075295,-0.752885333,-0.646234944,-0.57263768,-0.6745,-0.298945443,-0.34224079,0,0.275893205,-0.04691536,-0.136373104,0.311079724,0.54814709,0.858763453,1.465458209,1.382487527,1.889578851,2.809390192,3.993587925,8.165222535,13.84813023
impressively,1,-0.650003169,-0.303461654,-0.623554471,-0.434800839,-0.68024816,-0.618777768,-0.353556598,-1.155433851,-0.940979139,0.192012713,-0.211056851,-0.199914195,-0.004118619,0,0.088053393,0.6745,2.095790721,2.674949163,3.836981758,4.842999267,3.925755909,6.694676741,8.535609991,11.48767507,13.50678337
groundbreaking,1,-1.30082093,-1.377090067,-0.957315902,-1.172596333,-0.614227759,-1.087014425,-0.596830197,-0.539915717,-0.384274349,-0.169403826,-0.111631154,-0.050284429,0.096494194,0,0.381755592,0.514443831,0.588314567,0.6745,0.76994762,0.90863622,1.077780147,1.518388127,1.597910367,4.378485117,13.10400578
unlock,1,-0.817605122,-0.62068297,-0.6745,-0.817651267,-0.715545946,-0.567014541,-0.552498568,-0.504625578,-0.458817361,-0.406423772,-0.286878167,-0.245934677,0,0.033466512,0.438576338,0.465660828,0.765764486,1.261184622,1.490319564,1.566426746,2.229124697,3.165553536,3.435585041,6.272472241,12.96731549
comprehend,1,-0.832699001,-0.911807547,-0.757757237,-0.682085834,-0.707671439,-0.6745,-0.231259383,-0.356853772,-0.124183352,-0.098983671,0,-0.026447906,0.078125644,-0.040998476,0.23352066,0.294026427,0.322711491,0.555412061,0.867980967,1.079950141,1.565033445,1.904454272,2.963486085,7.203514796,12.82625765
leverage,1,-0.731838047,-0.731271812,-0.72244857,-0.6745,-0.672424474,-0.582930298,-0.550856349,-0.521182634,-0.442537118,-0.383425202,-0.335231097,-0.142659122,0,0.134712792,0.311441214,0.589103762,0.884571139,1.258936583,1.708727521,2.189922948,2.753607272,3.800520459,4.529739795,6.751071241,12.80150448
renowned,1,-0.910612746,-0.989639347,-0.964886476,-0.565063022,-0.609688121,-0.77941624,-0.6745,-0.375469989,-0.236892537,-0.227631607,-0.214098653,-0.024066713,0.181678083,0,0.278895901,0.655624089,0.761912644,0.701548352,0.731467154,0.413815798,0.909399901,1.215551903,1.061627349,3.303533139,12.02315942
pivotal,1,-1.596015797,-1.391469903,-1.228187269,-1.014177134,-0.729970995,-0.698494407,-0.581952404,-0.515415892,-0.469700909,-0.322411249,-0.047152076,-0.024864773,0.042600458,0,0.098293001,0.22642274,0.401246625,0.529591978,0.6745,0.74481568,0.924085355,1.201188121,1.254441661,2.676825381,11.51444431
noteworthy,1,-0.743965811,-0.789984205,-0.6745,-0.735517218,-0.50540041,-0.555648423,-0.26143089,-0.158163613,-0.208812588,-0.389234924,-0.071247076,-0.111041686,0.036487558,0.127754357,0,0.12198476,0.828111095,3.948544269,3.987167927,3.822017636,3.457049795,3.390887487,3.194948269,6.143365118,11.15351176
bolster,1,-0.81195063,-1.000603069,-0.698202827,-0.684177581,-0.6745,-0.518765022,-0.195516114,-0.361814308,-0.294344985,-0.033235485,0,-0.098490719,-0.014854523,0.193632126,0.389019421,0.554085776,0.598190424,1.038657217,1.195583777,1.247248532,1.668158882,2.284947652,2.700721316,4.64986819,11.07192523
compel,1,-4.648049117,-3.148323746,-3.167313003,-2.231054463,-1.432425938,-1.851586302,-1.126527529,-0.942479329,-0.605873201,-0.6745,-0.294209665,0.097234506,-0.415871666,0,0.321044249,0.774012821,0.443350122,0.754379692,0.300539417,0.604387344,0.341202381,0.386491313,0.141116827,3.230877981,10.86698627
unveil,1,-0.874636314,-0.811617046,-0.718421543,-0.69317835,-0.6745,-0.635167395,-0.575819009,-0.458280895,-0.422676971,-0.323987915,-0.210876097,-0.091188683,0,0.157591184,0.280159118,0.422672938,0.587501042,0.801996943,1.039147198,1.388469708,1.673819945,2.038201001,2.154567013,4.238701754,10.8651851
prowess,1,-1.737137104,-1.432670492,1.907137185,3.669481071,1.79181251,0.616901408,0.999802276,0.709459841,-0.478846918,-0.272839749,-0.539969724,-0.353942209,0.327378558,-0.070848545,-0.497187402,0.421822035,0,-1.017614584,-0.6745,-0.901552283,-0.765892801,0.241813914,0.660685444,4.00002869,10.7915811
elevate,1,-2.159269649,-2.329987596,-1.712188465,-1.361323808,-1.209168206,-0.84089468,-0.776005943,-0.331515541,-0.03247786,-0.642972396,-0.35360757,-0.037064519,0,0.261660951,0.379095317,0.273476139,0.6745,0.831061746,0.849289175,0.845223624,0.564526902,0.578719433,0.581278426,1.808675196,10.73488588
advancement,1,-0.817882414,-0.748863852,-0.775651875,-0.760463378,-0.610547691,-0.6745,-0.580718504,-0.454260378,-0.405831408,-0.321335691,-0.21166843,-0.085248791,0,0.104713263,0.228273271,0.27976329,0.545068706,0.72483539,0.917517236,1.130670647,1.352208584,1.877418962,2.203428974,4.233127405,10.61799748
holistic,1,-0.938570393,-0.741791509,-0.63252713,-0.328583779,-0.315034082,-0.176610291,-0.054673898,-0.145242162,-0.163006192,-0.176015497,-0.07193743,-0.21912718,0,0.310935807,0.6745,0.996903725,1.418634417,1.378587374,1.911762148,2.25560747,3.372801024,4.608714005,5.705307377,6.996485423,10.61768184
captivate,1,-0.547486902,-1.196264989,-1.206091516,-0.934196221,-1.152291618,-0.93978557,-0.6745,-0.352086943,-0.421757798,-0.601255553,0,-0.44985794,0.576853994,0.073278535,-0.141029081,0.073028554,0.348876959,0.583200104,0.80422312,1.656078992,0.707525905,1.574539719,1.457355422,5.290337556,10.32501268
transformative,1,-0.716865361,-0.66759415,-0.753297103,-0.743528875,-0.692343816,-0.6745,-0.669236919,-0.585479415,-0.45068597,-0.369803188,-0.290326166,-0.186679162,0.01727697,0,0.233167492,0.343263116,0.67042937,0.742317166,1.251264396,1.090784606,1.365947132,1.749689412,2.102121815,3.574347738,9.926179412
safeguard,1,-0.975485511,-0.961296001,-0.793475253,-0.910365407,-0.557252401,-0.6745,-0.883026228,-0.557604431,-0.507480798,-0.345790785,-0.357971018,-0.213665864,0,0.094371076,0.085770716,0.356124215,0.453002826,0.516200306,0.762891984,0.87777286,1.926865102,2.217354708,2.470637468,4.495767637,9.722197572
ingeniously,1,-0.6745,-0.679941776,-0.873079891,-0.339433586,-0.211803037,-0.571110477,-0.027210998,-0.738643156,0.137560072,-0.270537205,-0.64856351,-0.562189983,0,-0.229325664,0.442740609,1.228641019,0.772610629,0.66757218,1.239619764,2.481709216,2.477362141,1.847892973,3.044026121,5.797406377,8.890101758
pioneer,1,-1.167291349,-0.843192477,-0.6745,-0.272182902,-0.606059052,-0.745728161,-0.556291329,-0.233062772,-0.295257278,-0.325084863,-0.207493124,0.263237381,-0.042281909,0,0.420114499,0.585512997,0.892100902,0.864812656,1.295580257,1.199895129,1.166613825,1.476060551,1.654607423,3.058800847,8.854870548
notably,1,-0.9880106,-0.92237738,-0.874907186,-0.816272446,-0.6745,-0.631001752,-0.599877387,-0.492754365,-0.433111099,-0.335077239,-0.209520573,-0.088973704,0,0.10677431,0.243596565,0.34015748,0.532698229,0.772332091,0.916736776,1.052116368,1.151126241,1.411364436,1.630012103,2.946578631,8.099806035
embark,1,-0.6745,-1.098071118,-3.11246802,-0.421750499,-1.159972186,-3.023099343,0.539615831,-0.435128095,-0.057943199,-0.077099284,0,0.311325959,2.164875073,1.075986211,2.251473243,-1.282270332,1.050576693,-0.109712123,0.851970837,0.38430906,-0.65186099,0.42594584,0.525921605,1.551959512,7.936001878
nuance,1,-0.781417711,-0.807459206,-0.757186359,-0.6745,-0.615538751,-0.555813988,-0.511855064,-0.546869975,-0.414910212,-0.304103563,-0.214371778,-0.179667489,0,0.126280836,0.415249288,0.630147464,0.766496242,1.056128619,1.249309346,1.518488102,1.732006263,2.396077904,2.538999536,3.467706792,7.76955189
excel,1,-1.137208777,-1.01043597,-0.81323485,-0.865607336,-0.6745,-0.601319357,-0.497872306,-0.426100045,-0.350489253,-0.392846577,-0.32282789,-0.209623419,0.149481818,0,0.244869794,0.532350054,0.638406755,0.762804642,1.040044214,1.240306034,1.984576183,2.174813636,2.92653072,4.305732694,7.63780384
mitigate,1,-0.772607296,-0.756396752,-0.729455588,-0.709722497,-0.662237333,-0.610942094,-0.570348325,-0.480288497,-0.412578993,-0.33613202,-0.220403372,-0.116900291,0,0.144840846,0.303658263,0.437202046,0.6745,0.8652668,1.179887229,1.491195457,2.198440179,2.770727992,3.059213528,3.995436446,7.608559852
crucial,1,-1.226433166,-1.049181097,-0.975399233,-0.835299532,-0.759548253,-0.6745,-0.533347826,-0.450948519,-0.398166812,-0.283766697,-0.15945894,-0.07237382,0,0.101654474,0.203462788,0.307745079,0.417525739,0.612898807,0.730417058,0.912156495,1.124994977,1.394780141,1.719186843,3.26427747,7.550767067
unwavering,1,-0.818478642,-0.827875819,-0.192423877,-0.854220793,-1.161397998,-0.639939574,-0.6745,-0.92924479,0.147525642,-0.328994365,-0.192126163,-0.26662779,-0.491314398,0.267895359,0.353419721,0,0.401629342,0.798968311,0.054711847,1.155896677,1.50895293,1.290123806,1.093358414,3.14477415,7.479165228
testament,1,-0.327701094,-0.16774245,-1.316273295,3.899078764,0.39215621,0,0.690458248,0.09896139,-0.6745,1.144349582,1.09034039,0.547282529,-0.813176158,0.272317439,-0.530832368,-0.105717964,-0.303713085,-1.357666356,-0.705505009,0.866288331,-0.781462216,0.562343758,-0.071385307,2.009248981,7.471570474
invaluable,1,-3.273604287,-2.416057874,-3.012344577,-2.59554466,-2.09223034,-2.612428264,-0.64847111,-1.129850814,-0.490721965,-0.327921809,-0.29753132,0.540528598,0.6745,0.415575855,0.927388256,0.628224854,0.92809174,0,0.625650104,-0.298164456,0.426662756,0.920916208,0.553177232,2.568151012,7.467139904
revolutionized,1,-0.749734399,-0.82290607,-0.735671872,-0.841278739,-0.610589017,-0.6745,-0.603455817,-0.507541372,-0.432074317,-0.252883233,-0.110794867,-0.035483715,0,0.059617631,0.24136074,0.334677587,0.647178451,0.708714898,0.994534618,1.152261339,1.436805046,1.609771968,1.653585746,3.656643154,7.143850008
offer,1,-1.198301065,-1.117245626,-1.007207508,-0.881394693,-0.831562513,-0.6745,-0.613112683,-0.498456615,-0.46738969,-0.331197203,-0.162742619,-0.075521814,0,0.059500627,0.173770785,0.247106376,0.425228422,0.625738188,0.716320683,0.745150477,0.904363578,1.149772112,1.291160594,2.4524394,7.046209842
valuable,1,-1.194943372,-1.050470745,-1.012932362,-0.949844127,-0.765475576,-0.701791146,-0.644591825,-0.536079701,-0.463633732,-0.432847427,-0.271552667,-0.090739433,0,0.079639507,0.211299646,0.253520787,0.413438794,0.542826392,0.6745,0.824139943,0.897205451,1.157188899,1.445096201,3.063138089,6.934451166
particularly,1,-1.492171492,-1.46686846,-1.363291327,-1.264625592,-1.088149816,-0.994747077,-0.823024598,-0.609821717,-0.632546922,-0.492810825,-0.292573683,-0.183299764,0,0.166631556,0.365354972,0.299416532,0.551877078,0.6745,0.669543196,0.644539137,0.694655295,1.075917305,1.113206032,2.178571501,6.875013422
endeavor,1,-1.216617778,-0.966393954,-1.039262811,-0.870692716,-0.874691491,-0.839021594,-0.716779269,-0.703075697,-0.652811311,-0.496026205,-0.295515641,0,0.101328528,-0.027183378,0.040683903,0.10291975,0.181411754,0.389053811,0.6745,0.512050309,0.673198844,0.837807459,0.988782946,2.436140364,6.845814696
enigma,1,2.820392159,2.364653454,3.904125202,0.504091164,-2.476300622,-1.067951338,0.06665252,0.550344991,0.249569197,0.300440012,-1.226607841,-2.212460734,0,-0.351898444,-0.117019664,-0.586357498,-1.181697138,-0.6745,-0.522894897,-0.645706783,1.513028998,-0.154039515,0.899809023,1.82387822,6.556039266
effectively,1,-1.168076438,-1.094904807,-0.956756309,-0.88370754,-0.742208208,-0.6745,-0.589430713,-0.4812574,-0.413309881,-0.307694965,-0.238711999,-0.164577207,0,0.101555281,0.229455635,0.325430552,0.438342697,0.625301559,0.913512987,1.22979104,1.425619669,1.884369097,2.6408239,3.614880104,6.53336556
foster,1,-0.969092031,-0.874670697,-0.854103579,-0.737994262,-0.6745,-0.615719583,-0.494775859,-0.340141691,-0.376805593,-0.231311438,-0.1560069,-0.118150512,0,0.18576894,0.250441365,0.327542392,0.66932062,0.862277905,0.922142183,1.06288907,1.159635694,1.586099596,1.935370557,2.7023068,6.451498993
employ,1,-1.40100776,-1.235444456,-1.192520591,-1.101449323,-0.909046047,-0.6745,-0.573101021,-0.531360421,-0.437340014,-0.337796783,-0.251204742,-0.13163433,0,0.064840451,0.132333531,0.255307477,0.319391645,0.464994045,0.710783531,0.794235931,0.77707166,1.057897566,1.36964692,2.544824536,6.432305596
imperative,1,-0.961180539,-0.993146406,-0.916756204,-0.737798702,-0.6745,-0.625657726,-0.506878037,-0.458291042,-0.458487296,-0.38240697,-0.196481697,-0.013827823,0,0.158812646,0.205059344,0.392947162,0.59314884,0.756057744,1.052459519,1.185106872,1.586723169,1.980501092,2.089504947,3.08912775,6.339519114
game-changer,1,-0.6745,-0.6745,-0.624481589,-0.6745,-0.6745,-0.6745,-0.6745,-0.6745,-0.640716733,-0.610046766,-0.314257353,-0.092530625,0,0.063301198,0.2403805,0.382143504,0.733796082,0.995200612,1.16691996,1.558388935,2.478680301,3.027007833,3.483834305,4.026816026,6.309619001
demystify,1,-0.125749277,-0.738705577,0.146668003,-1.107173396,-0.65231305,-0.040388053,-0.1117361,-0.022723506,-0.923552693,-0.267685829,0,-0.028193593,-0.02118352,-0.526835536,0.703613403,0.23418242,0.688122954,0.6745,1.080707932,2.465260011,2.617363259,2.939011318,3.509412434,4.951703541,6.050110862
navigate,1,-0.975518593,-0.95450237,-0.889259437,-0.838220714,-0.714973699,-0.6745,-0.572914208,-0.418884291,-0.409987096,-0.367644796,-0.241447859,-0.115783678,0,0.133717185,0.130006859,0.266199703,0.479963185,0.642152026,0.833775278,0.998316469,1.452462297,1.942830836,2.188126558,2.911464696,5.915347658
multifaceted,1,-1.00155556,-0.938277601,-0.936520736,-0.87406727,-0.682584404,-0.683470542,-0.586858382,-0.449503138,-0.422359061,-0.346487668,-0.212985197,-0.046694336,0,0.032837192,0.256698771,0.324264867,0.364308032,0.465661672,0.6745,0.766989692,0.953964812,1.251585179,1.285660396,2.226740248,5.887963275
streamline,1,-0.771140184,-0.77935864,-0.6745,-0.712383113,-0.638969125,-0.640064728,-0.549569694,-0.428647971,-0.416176507,-0.328677846,-0.128901505,-0.183509089,0,0.221964446,0.357574719,0.479873853,0.685312244,0.779257994,0.983678423,1.230352873,1.39877083,1.644602731,1.721801004,2.572859776,5.881070057
utilize,1,-0.941073287,-0.847918868,-0.812688529,-0.773966245,-0.6745,-0.577620608,-0.520245878,-0.426210046,-0.346182665,-0.30606625,-0.206072243,-0.073277216,0,0.068970438,0.230852377,0.333010498,0.501951542,0.691425277,0.931584864,1.097725527,1.194285114,1.452207376,1.809579447,2.888545555,5.68163496
align,1,-1.300830026,-1.192146681,-1.153776305,-0.974729629,-0.746988001,-0.6745,-0.557266763,-0.531820246,-0.417676272,-0.286547752,-0.103604284,-0.00594122,0,0.141099697,0.206333605,0.249256355,0.455645446,0.642184375,0.785658852,0.96022059,0.911320768,1.11066405,1.37380886,2.365533279,5.63563175
unleash,1,-0.823288924,-0.659118169,-0.978218752,-0.769903244,-0.798586626,-0.550201267,-0.431303102,-0.25349632,-0.238905812,-0.395838418,-0.047226421,0.151036442,0,-0.031418337,0.114825304,0.6745,0.34004614,1.108829705,1.118660045,1.808293058,2.410431967,1.942675027,2.309416047,4.166697645,5.620588595
digital world,1,0,-0.406470253,-0.604936274,-0.791253271,-0.132530882,-0.490450343,-0.510386501,-0.52341844,-0.287885831,-0.191038164,-0.343954036,-0.068646043,-0.114813599,0.6745,0.956389812,0.88362842,0.68414041,1.228091343,0.767659025,1.36237225,1.711871366,4.040446628,4.588748916,5.356662912,5.530295657
essential,1,-1.757827573,-1.511502871,-1.28446537,-1.131303197,-0.933803782,-1.062456772,-0.707561034,-0.633639946,-0.62556164,-0.454476215,-0.173480014,-0.211759486,0.003130886,0,0.104498374,0.065069287,0.202603896,0.438891459,0.50418069,0.6745,1.286909852,2.076260668,2.631571782,3.505862161,5.485751473
strategically,1,-1.174580414,-1.35027634,-0.800918973,-0.968630113,-1.163450725,-0.986703094,-0.659296232,-0.70778696,-0.579244157,-0.554677155,-0.536593963,-0.292169654,0.108029459,0,0.22539152,0.38252435,0.314480086,0.480179713,0.651566714,0.6745,0.921272775,1.191172841,1.376528112,1.90713859,5.465065337
additionally,1,-0.886498088,-0.822689161,-0.762788376,-0.733786686,-0.6745,-0.595586144,-0.519067552,-0.443907303,-0.383320808,-0.319259267,-0.214140323,-0.105039548,0,0.129555737,0.281436648,0.432564908,0.555145954,0.747909285,0.946953087,1.07413027,1.162181185,1.399051653,1.6457698,2.65782716,5.426126412
seamless,1,-1.005510172,-0.9194727,-0.736414571,-0.6745,-0.634664665,-0.484997475,-0.444104029,-0.511420002,-0.474466758,-0.367698385,0.00905944,-0.117520789,0,-0.028427898,0.604221318,0.444104029,0.692377026,0.778335896,0.796575703,1.138204264,0.84316279,1.35144877,1.430202411,2.435246007,5.320128449
innovative,1,-0.957679204,-0.900236064,-0.79054688,-0.793555727,-0.6745,-0.6421698,-0.556685098,-0.475314828,-0.375822333,-0.367836436,-0.269290987,-0.127722014,0,0.154068139,0.249466448,0.371050813,0.524980277,0.678358093,0.798442237,0.934602468,1.105184116,1.380279243,1.642583716,2.344669519,5.184299234
intersection,1,-1.210502803,-1.048196913,-0.952720651,-0.931300073,-0.714792045,-0.496274245,-0.436850455,-0.4620303,-0.354605417,-0.171286808,-0.077111934,-0.091880675,0,0.307033649,0.421555792,0.370635297,0.631701777,0.6745,0.969051058,1.382825354,1.661161386,2.30131816,3.067358059,3.708011238,5.100834472
poised,1,-2.127123269,-1.904043687,-1.594714059,-1.269440494,-1.219809753,-1.200674564,-1.359103577,-0.800745424,-0.439431661,-0.680315717,-0.360389655,0,0.376284306,0.082110043,-0.211251005,0.734591639,0.244506558,0.506250804,0.472613286,0.3904786,0.454402205,0.6745,0.21258172,1.222890112,5.075038937
harness,1,-0.93134918,-0.883398179,-0.837749839,-0.79707283,-0.6745,-0.571875893,-0.554422922,-0.486168719,-0.419560099,-0.353134481,-0.284481131,-0.174293397,0,0.080567251,0.275282008,0.387477007,0.528912072,0.771938073,0.96292073,1.027935643,1.295645378,1.599197685,1.647716427,2.647824148,5.01586183
pave,1,-0.806388329,-0.769972721,-0.713100799,-0.6745,-0.631549217,-0.546444893,-0.539915667,-0.531791957,-0.4064915,-0.355413607,-0.184668648,-0.083153715,0,0.185631628,0.32325874,0.516838992,0.758369363,1.043329033,1.358792139,1.497160398,1.794230839,2.158508452,2.481706847,3.053609943,4.89980261
comprehensive,1,-0.956448147,-0.921718649,-0.824977527,-0.79055125,-0.709655979,-0.6745,-0.55275918,-0.489115321,-0.436493647,-0.349106397,-0.239773802,-0.139631461,0,0.098846665,0.214900546,0.318490823,0.470684257,0.59052329,0.735275167,0.889520847,1.076131128,1.414665728,1.675575119,2.475766573,4.878269261
enhance,1,-1.199218182,-1.103979824,-0.981521043,-0.896281228,-0.755708934,-0.6745,-0.566319986,-0.477667829,-0.421548299,-0.34944736,-0.184294595,-0.118688645,0,0.105289635,0.163717993,0.265999093,0.313538902,0.502086302,0.720847525,0.777965715,0.681798192,0.731748426,1.021687464,1.754820915,4.865339129
encounter,1,-1.966486433,-1.607423943,-0.929339517,-1.263464504,-1.388529649,-0.772899039,-0.655804445,-0.955391727,-0.596743212,-0.469775798,-0.146299078,-0.201226611,0,0.076866235,0.101137338,0.403109525,0.331374571,0.410656002,0.6745,0.526131042,1.172561458,1.795833456,1.837342111,2.624683861,4.706592829
tailored,1,-1.09306979,-1.02850738,-0.942319229,-0.904686468,-0.809250028,-0.6745,-0.618538294,-0.550386229,-0.486515806,-0.355745581,-0.223555459,-0.116413599,0,0.105713482,0.220417816,0.373598567,0.494808683,0.63612137,0.852875193,0.959410379,1.040770082,1.234286686,1.382360596,1.991488456,4.622801688
unravel,1,-1.396636424,-1.283668448,-1.254652369,-1.134798481,-0.995661039,-0.888451792,-0.636600194,-0.618980121,-0.554243547,-0.45786535,-0.289728204,-0.098737638,0,0.059666982,0.165818643,0.25833085,0.385028346,0.539861736,0.6745,0.793857163,0.843606031,1.103154129,1.04710341,2.07677916,4.585725001
burgeon,1,-0.876665897,-1.147791437,-1.074381767,-0.960301162,-0.828809694,-0.510879966,-0.45100974,-0.579618685,-0.573769477,-0.46421254,-0.057913476,-0.337781268,0.025237862,0.084266474,0.119887733,0,0.26913723,0.6745,0.755115979,0.941701521,0.935999594,1.054372425,0.811987959,2.094058707,4.55488172
unparalleled,1,-0.876913608,-0.6745,-0.405566099,-0.70234944,-0.320723129,-0.241630592,-0.789882905,-0.501416809,-0.53742608,-0.259540458,-0.109563403,-0.054356041,0.436711596,0,0.011822118,0.666359444,0.946026415,0.853136053,0.941512807,1.037776328,1.273833177,1.99833945,1.390014396,1.942232579,4.396687318
synergy,1,-1.060524647,-1.004237035,-0.859372273,-0.667226882,-0.643210048,-0.647363818,-0.559429833,-0.473103759,-0.416993017,-0.337867706,-0.276440137,-0.212121009,0,0.2622664,0.416730392,0.6745,0.811681626,1.182870612,1.180533781,1.661551144,1.704463614,2.068714464,2.476770174,3.060798369,4.389597645
ultimately,1,-1.172984886,-1.031830426,-0.941289988,-0.867890038,-0.744656323,-0.6745,-0.576076979,-0.530798039,-0.426850643,-0.360992652,-0.155965467,-0.157888148,0,0.101141348,0.116632065,0.278583596,0.503587584,0.601175973,0.76365896,0.879947323,1.056484146,1.245911347,1.468435035,2.355793504,4.382343221
shed_light,1,-1.007650139,-0.928222485,-0.900479808,-0.844033102,-0.75117583,-0.6745,-0.533292819,-0.559550226,-0.371541304,-0.320506043,-0.240553755,-0.090839505,0,0.052997276,0.15544948,0.281774653,0.432656104,0.627144321,0.787772234,0.979368534,1.165713495,1.415712082,1.656884104,2.681673462,4.35320156
ever-evolving,1,-0.737135942,-0.905651812,-0.990701311,0,-0.950412557,-0.669807197,-0.7060307,-0.567480269,-0.454159504,-0.246910354,-0.764850282,-0.6745,0.188388592,-0.328572782,0.159746753,0.000999827,0.273054754,0.414468518,0.703601334,0.672857732,0.675597682,1.067814741,1.457462034,2.570209405,4.232682679
further research,0,-0.952485693,-0.971218276,-0.902208448,-0.807030737,-0.701387428,-0.6745,-0.581617475,-0.388000043,-0.384318123,-0.31872808,-0.162147413,-0.086308628,0,0.126587591,0.198333742,0.299403658,0.431734521,0.606792711,0.76671003,0.886622902,1.001064896,1.324168971,1.603947513,2.286654714,4.209189511
juxtapose,1,1.386333024,0.698887568,2.154207343,2.056991147,0.764450037,0.508213534,0.34439088,0.693500588,0.229426882,-0.008727743,0,-0.210927408,0.00626393,-0.648692608,-0.041425458,-0.098886578,-0.635287797,-0.823999133,-1.472858779,-0.6745,-0.566802161,-1.467889395,-1.425879303,1.119614877,4.055351907
insight,1,-1.094372143,-1.029366726,-0.932033116,-0.876027139,-0.769956838,-0.6745,-0.587970633,-0.488292728,-0.418043881,-0.332242637,-0.197485638,-0.105382973,0,0.08843604,0.184215428,0.282160579,0.396856,0.551636566,0.68911735,0.805678568,0.908322329,1.124395007,1.335309744,1.98878775,3.984817375
interplay,1,-1.424753294,-1.347235992,-1.264114245,-1.147265518,-1.104822641,-1.022340434,-0.835931287,-0.6745,-0.553980782,-0.509447419,-0.30429034,-0.245946478,0,0.059289437,0.215743679,0.277823838,0.319448921,0.417634053,0.496976058,0.550125011,0.683985134,0.898888019,0.743128901,1.371074053,3.982718825
journey,1,-0.849478068,-0.888175589,-0.946420634,-0.68965019,-0.823545576,-0.6745,-0.629415057,-0.489004648,-0.478376939,-0.409329961,-0.179593796,-0.123991569,0.036363891,0,0.205239186,0.18147346,0.342390856,0.584423361,0.75611079,0.813131354,1.151510134,1.583101598,1.941344451,2.487112007,3.968289684
elucidate,1,-1.341069483,-1.139770067,-0.953874055,-0.884989913,-0.774799668,-0.6745,-0.647985582,-0.43775721,-0.34538615,-0.333575874,-0.203701289,-0.116138065,0,0.096550543,0.20641352,0.258984181,0.366518922,0.577374284,0.716716999,0.818738914,0.737146145,0.9183895,1.038766501,1.437264122,3.940339883
dive,1,-0.820562699,0.46901384,-2.010526677,0.6745,-1.98477745,-1.121769422,-0.967612498,-0.78381435,0.066784412,-0.628472905,-1.429321793,-0.827726229,0,0.134866157,-0.03519719,0.23901938,0.018698507,0.692521638,0.313249352,0.415710403,-0.347036398,0.774733024,-0.169837724,2.01154198,3.804145028
scholarly,1,-0.612306523,-0.530875888,-0.74420648,-0.684005722,-0.701895053,-0.504848008,-0.6745,-0.52465912,-0.329785364,-0.442873794,-0.111979214,-0.055022268,0,0.454269053,0.481373904,0.55743258,1.150753454,1.393878101,1.578523855,1.837222667,1.854544492,2.321930668,2.446962516,2.96177412,3.748807942
vital,1,-0.963984422,-0.892850015,-0.80578385,-0.6745,-0.721866125,-0.583068324,-0.582210435,-0.427204675,-0.454701459,-0.34052454,-0.207991891,-0.125434016,0,0.176954536,0.270721509,0.392061738,0.588816057,0.816816,1.012343078,1.289544923,1.656421581,2.09690584,2.443028421,2.786585063,3.674238525
aim to,0,-0.928955398,-0.877790074,-0.821462994,-0.733958683,-0.6745,-0.598744872,-0.53461665,-0.463154445,-0.417005757,-0.339067429,-0.225053437,-0.119759922,0,0.150488859,0.285210902,0.451152271,0.608381859,0.804498954,1.019357059,1.288129443,1.653029526,2.157035119,2.536745367,2.903234111,3.660987081
excellently,1,-1.248260581,-0.962374075,-0.114086449,-0.658201936,-0.598359271,-0.43706301,-0.332813342,-0.944344468,0.463723382,-0.215654583,-0.708719871,0.864821503,-0.391079427,0.285226229,0.297886032,0,-0.982000474,0.6745,0.750108465,0.559733061,1.58502211,1.593895426,2.596566616,2.546237332,3.64532919
unearth,1,-0.546919264,-0.826871867,-0.6745,-0.705232767,-0.599449863,-0.356377527,-0.229821374,-0.82094916,-0.5390799,-0.41248352,-0.19713409,-0.003861709,0,0.24090959,0.405200224,0.183651236,0.759599572,0.802161189,0.816013177,1.066181876,1.263644874,1.569481812,1.884499774,2.254296266,3.612306921
significant,1,-1.814639486,-1.674958978,-1.542176693,-1.353336417,-1.221003193,-0.996890215,-0.871026411,-0.725117571,-0.6745,-0.611932842,-0.39734745,-0.236446571,0,0.152127987,0.234364848,0.238028821,0.248085882,0.337434655,0.408879968,0.442657058,0.431624727,0.747907997,1.003501225,1.485166494,3.561082912
highlight,1,-0.954977925,-0.912143701,-0.866879837,-0.810714934,-0.744683051,-0.6745,-0.589945116,-0.500662432,-0.422162116,-0.316621084,-0.214713397,-0.118864248,0,0.102843561,0.213554843,0.303076616,0.447044199,0.585684803,0.713659064,0.823902964,1.031629042,1.324300847,1.432918918,1.888214853,3.543562871
embrace,1,-1.289168449,-1.006191864,-1.168248939,-0.872585573,-0.6745,-0.76283632,-0.864998043,-0.570448757,-0.306691297,-0.40404333,-0.124031084,0,-0.068042377,0.019533227,0.049431825,0.350935529,0.462436882,0.699863748,0.651069943,0.671143033,1.118468657,1.646538164,1.473413896,2.198700287,3.538453905
capability,1,-1.114744366,-0.983477603,-0.9167918,-0.929929747,-0.836949734,-0.6745,-0.627340501,-0.518796475,-0.450971745,-0.369827888,-0.26673307,-0.13080071,0,0.058507906,0.211987679,0.265818153,0.384874002,0.531723374,0.717032505,0.856792751,0.814515814,0.934226221,1.252116586,1.741206017,3.52856504
landscape,1,-0.811149064,-0.743202333,-0.723779923,-0.699732737,-0.6745,-0.600495701,-0.495049902,-0.409315022,-0.345567619,-0.293399978,-0.212136802,-0.180286737,0,0.150568788,0.24101511,0.406909778,0.572223675,0.736131418,0.92570485,1.026264376,1.209517618,1.488512771,1.704122564,2.173022802,3.448373043
treasure trove,1,-0.680991653,-0.696574244,0,-0.740253348,-0.776222415,-0.240878581,-0.307728171,-0.608037022,-0.405587492,-0.6745,0.250369254,-0.359434272,-0.323720592,0.242525973,-0.077483949,0.274878247,0.713708332,0.607758419,0.766764043,0.742638634,0.779694858,1.290840604,1.582576355,2.260772892,3.409334149
spearhead,1,-1.339799796,-0.600039802,-1.073320761,-1.186525539,-0.320024133,0.036303977,0.390431186,-1.169637434,-0.001895826,0.090476658,1.008928052,0.03063829,-0.587335589,-0.732834782,-0.6745,0.251839773,-0.842531192,0.28990883,0,-0.006363002,0.729696863,1.367413482,0.89426327,0.853056295,3.403290828
models,0,-11.62272164,-9.365489759,-8.467607862,-7.174859635,-5.641662834,-3.783518106,-2.859881177,-1.198844966,-0.564385334,-0.426207041,-0.03375005,0.312423413,1.043715942,0.658539585,0.20496284,0.141693504,0,0.644065618,0.6745,0.732838607,-0.586091997,0.09443486,0.418550703,0.873111139,3.387392737
explore,1,-1.060233385,-1.004220536,-0.939864184,-0.862822164,-0.763102184,-0.6745,-0.579880426,-0.504501036,-0.422156132,-0.339591775,-0.230873666,-0.109459233,0,0.10501396,0.239151522,0.330038483,0.449274752,0.6434766,0.844912177,1.043237243,1.226534521,1.59605344,2.021385499,2.241001172,3.355704675
vibrant,1,-1.420506632,-0.937546425,-1.250053704,-1.659780006,-1.171508897,-0.999906503,-0.671663216,-1.017351343,-0.576445002,-0.40744581,-0.140665157,0,-0.001426076,0.150017632,0.473598512,0.263384503,0.258316402,0.387071983,0.909402944,0.6745,0.37409285,1.174948075,1.082898577,1.213519735,3.250595115
aethetic,1,-1.867216999,-1.689487971,-1.460319639,-1.363456682,-1.469001438,-1.647771432,-0.944124381,-0.836487071,-0.337683736,-0.31669092,-0.228074255,0,0.176928829,0.166451895,-0.082926758,0.310845222,0.214739975,0.311234699,0.386513543,0.432397488,0.6745,1.045179529,1.391095394,1.947378469,3.231626129
efficacy,0,-1.256550052,-1.166546135,-0.976294102,-0.841119033,-0.765331986,-0.6745,-0.565214053,-0.45584915,-0.434797753,-0.315745253,-0.197537415,-0.074640114,0,0.105464355,0.227040108,0.347520445,0.476878747,0.644595149,0.753302369,0.860321238,0.987396629,1.318992982,1.524765213,1.807001696,3.174388196
paramount,1,-0.883855362,-0.845620276,-0.853669672,-0.666680223,-0.703721657,-0.59301832,-0.685632841,-0.520409745,-0.34778966,-0.312138692,-0.205389891,-0.04234999,0,0.125320545,0.271383273,0.278760215,0.439143104,0.6745,0.763070689,0.884340111,1.285621715,1.561285728,1.478876463,2.050666027,3.146205736
facilitate,1,-1.144745141,-1.064724365,-0.98747094,-0.894117962,-0.731265319,-0.6745,-0.618692416,-0.503991687,-0.412917034,-0.310852949,-0.188270607,-0.109371394,0,0.119939092,0.195620231,0.263642206,0.407985364,0.569066695,0.686151604,0.812500055,0.85853126,1.083343327,1.199027543,1.640730596,3.097872502
finding,1,-1.397158512,-1.346665306,-1.267375349,-1.145635981,-1.076052924,-1.001229039,-0.872396599,-0.700435707,-0.559323192,-0.45645783,-0.2796246,-0.140457343,0,0.024560883,0.084785776,0.157055189,0.221453986,0.453413911,0.583499029,0.6745,0.66341887,0.97058169,1.177755512,1.633649538,3.091797958
new era,1,-1.387358882,-1.25257868,-1.191671048,-0.605450859,-0.94331167,-1.203579878,-1.006110842,-0.51130727,-0.848687314,-0.485542901,-0.435377648,0.163263662,-0.195104608,0,0.01130196,0.26825997,0.511433373,0.371443551,0.6745,0.85908291,0.650351322,0.917578826,1.228028049,1.95772165,3.001308655
cornerstone,1,-1.403061385,-1.114314745,-1.165898821,-0.798890859,-0.941533565,-0.652732794,-0.719457751,-0.61932096,-0.428224249,-0.357359829,-0.297987195,-0.083859149,0,0.142276523,0.228084404,0.296519278,0.47465947,0.598645935,0.766504338,0.6745,1.020734227,1.351184363,1.53646672,1.789926032,2.99253552
reveal,1,-1.129051055,-1.026597239,-0.95783432,-0.854421558,-0.810540906,-0.6745,-0.566829622,-0.467931337,-0.40304286,-0.29359942,-0.170288665,-0.08171413,0,0.110333788,0.204919944,0.277202641,0.367060794,0.509336055,0.677031582,0.788357556,0.774027586,0.953216528,1.211257584,1.583893738,2.984620334
fortify,1,-1.564286446,0.172092477,0.989283234,0,-1.212987922,-1.054454717,-0.276000299,1.462351164,1.017131773,0.598083485,0.426550153,0.6745,0.914715004,0.664435386,0.048490317,-0.156234497,0.682203779,-0.110602033,-0.707567228,-0.055464101,-0.510639383,-0.891712391,-1.289497628,-0.15600152,2.770844198
methodical,1,-0.6745,-2.062484982,-1.44509707,-0.672484432,-1.189900183,-0.666502747,-0.89250641,-0.230489927,0,0.594397436,-0.338940476,-1.118835165,1.542559524,-0.084198718,0.521251832,-0.505322344,0.701352564,0.674434982,1.140356227,0.525217949,1.190160256,0.509873626,0.830283883,0.891986264,2.766659341
state-of-the-art,1,-0.872751962,-0.790998813,-0.812851088,-0.768805121,-0.6745,-0.62386098,-0.585881586,-0.517249953,-0.469480175,-0.38633316,-0.206748445,-0.135602828,0,0.144302317,0.312221413,0.417844584,0.634589495,0.860536793,1.20182434,1.362862791,1.521006369,2.002760665,2.48515935,2.760391276,2.722008435
keen,1,-0.61046519,-0.267844528,-0.756196024,-0.575728027,-1.421169985,-1.855715027,-1.228697183,-0.446040323,-0.382487495,-0.6745,0,0.894146284,-0.029056656,0.115090522,-0.253763756,0.486389138,0.36086714,0.90203014,0.877449035,0.590635055,0.825876914,0.898208708,1.610647611,1.414721749,2.567623749
enrich,1,-0.829592888,-0.719387216,-0.746870549,-0.709412319,-0.6745,-0.591017768,-0.540488662,-0.402223001,-0.353593446,-0.333010229,-0.202099181,-0.057485271,0,0.12396135,0.235825134,0.342118165,0.462108311,0.745909815,0.954539404,1.277452578,1.450911521,1.800621789,2.284980771,2.416379731,2.540404316
complexity,1,-1.273515681,-1.085937683,-0.977719845,-1.002463962,-0.840768598,-0.72942548,-0.601940956,-0.537873955,-0.403224163,-0.322015729,-0.230608249,-0.089746847,0,0.092408745,0.242681536,0.279350249,0.389642334,0.538977541,0.67622215,0.6745,0.6895236,0.886940512,1.060916896,1.354342961,2.52626139
overarching,1,-0.741761781,-0.711889702,-0.688969166,-0.715999705,-0.6745,-0.52280346,-0.539337821,-0.484472188,-0.391536041,-0.307638678,-0.168093411,-0.090816904,0,0.028669041,0.35865459,0.480840555,0.595052099,0.785705727,1.073384646,1.189947743,1.32441062,1.671160469,2.092192862,2.21581062,2.472208187
hurdle,1,-1.226218398,-1.133203598,-1.049175055,-0.957921366,-0.872662341,-0.6745,-0.706231559,-0.642432854,-0.608776692,-0.263805337,-0.119417133,-0.024457652,0.174880675,0,0.221707886,0.475328032,0.580036728,0.641494933,0.613836303,0.715975038,0.890726641,1.083565492,1.141676437,1.227970905,2.395630909
kaleidoscope,1,0.502031523,0,0.6745,-2.834981289,-0.804268054,-0.386189904,-1.449888795,-0.137487904,-0.322391481,-1.204798896,-0.177797805,1.093762445,-0.588857909,-0.915526012,0.615921249,0.805518143,0.03794131,-1.186185723,0.203413673,-0.730490847,0.002609836,1.089025264,0.365048041,1.191225557,2.36334887
examine,0,-0.908877463,-0.598214801,-0.6745,0,-0.007014984,0.154641468,0.604776646,1.109920213,0.809180073,0.328675261,0.649176247,1.038997796,0.934954755,0.80899814,0.442389502,0.057413284,-0.082104081,-0.103596248,-0.249635264,-0.745400839,-2.23621394,-1.324795767,-1.120734627,-0.811554082,2.341279612
potential,1,-1.139324644,-1.062169489,-0.976075564,-0.88810059,-0.78246782,-0.6745,-0.60107348,-0.494679197,-0.415003321,-0.347936463,-0.199538566,-0.103534699,0,0.09471212,0.205412195,0.278011544,0.382834191,0.560662491,0.688424471,0.79046039,0.870900499,0.987898516,1.083752355,1.423009561,2.267962497
primary outcome,0,-0.839243896,-0.811316606,-0.773861693,-0.729530125,-0.6745,-0.623554768,-0.582733158,-0.497960804,-0.43892472,-0.355634677,-0.26877149,-0.165527745,0,0.132005357,0.256523072,0.41175054,0.605659451,0.852636874,1.054628288,1.338238636,1.48977266,1.734842927,1.929695455,2.002983315,2.191099223
safety,0,-1.303926549,-1.12635108,-0.985730062,-0.87557574,-0.767202359,-0.6745,-0.590522735,-0.494926305,-0.4191907,-0.340153711,-0.220047924,-0.143668995,0,0.138985672,0.210676292,0.365382625,0.492949685,0.649211807,0.727172009,0.862297294,1.145962155,1.370621269,1.467221467,1.543619232,2.125985626
optimize,1,-1.358580626,-1.264788135,-1.232290505,-1.128479542,-0.967049104,-0.849430565,-0.663107672,-0.526711616,-0.438981905,-0.381320561,-0.243487136,-0.143682959,0,0.065149252,0.18462012,0.195962951,0.29849852,0.424580895,0.6745,0.746428233,0.750517868,0.916842847,1.215508487,1.490331224,2.123674075
registered with,0,-0.718497691,-0.698860563,-0.744236459,-0.653609791,-0.688394298,-0.619487706,-0.619809717,-0.45523653,-0.314227161,-0.212317241,-0.123081658,-0.157122781,0,0.216109606,0.425243541,0.6745,0.625269177,0.980969465,1.114835719,1.194098172,1.131939083,1.460038461,1.715418642,1.835881894,2.112189084
analysis,0,-2.259124712,-1.910708709,-1.771209294,-1.459867523,-1.076838143,-0.783496001,-0.709221236,-0.611321971,-0.6745,-0.472597412,-0.336014661,-0.180040991,0,0.118198641,0.107867779,0.151159461,0.155549815,0.282629286,0.513173991,0.731563545,0.451931718,0.779483351,1.02993818,0.948186588,2.105881901
robust,1,-1.240824378,-1.199633082,-1.084903744,-1.011732236,-0.840865393,-0.746632514,-0.606000026,-0.491312807,-0.415650479,-0.314224862,-0.18992305,-0.091386457,0,0.13328751,0.207339984,0.300973549,0.419756297,0.549172699,0.6745,0.739379491,0.754603976,0.911952322,1.040990454,1.262559656,2.065146409
this study,0,-1.196021841,-1.110902112,-1.04821673,-0.955542479,-0.886363233,-0.77134555,-0.6745,-0.563263981,-0.500654,-0.405088089,-0.238549331,-0.11838847,0,0.110143456,0.213115537,0.281200681,0.357719141,0.448360475,0.566285184,0.704003517,0.758050442,0.962577723,1.252331096,1.420381623,2.060978634
versatile,1,-1.071295138,-0.98800172,-0.876261049,-0.868260017,-0.710576242,-0.6745,-0.635074669,-0.511248214,-0.425561085,-0.277341944,-0.186822468,-0.015806916,0,0.08294454,0.298839715,0.373237092,0.479484162,0.583928578,0.777140358,0.913897766,0.836878538,0.910705215,0.968161297,1.274319028,2.037502858
paradigm shift,1,-0.989175206,-0.953080882,-0.89418364,-0.84212062,-0.82434594,-0.812299713,-0.697952439,-0.589511048,-0.569293538,-0.348371057,-0.203480482,-0.209342008,0,0.100080004,0.301456674,0.301516873,0.380064483,0.606709081,0.584333895,0.6745,0.763294191,0.87845891,0.888458355,1.128242275,1.897230067
resonate,1,-1.14416334,-1.141852351,-1.241098488,-0.987478298,-0.315612464,-0.587538213,-0.6745,-0.83999027,-0.731706,0,-0.384869911,-0.175418495,0.204558619,0.358853232,-0.031667769,0.090706311,0.167167542,0.602409787,0.715810731,0.689595451,0.508832795,0.675494808,1.323600789,1.089324298,1.893223422
dynamic,1,-1.531585688,-1.335454989,-1.26877432,-1.191658058,-0.892776686,-0.78361916,-0.57822486,-0.471886137,-0.359873348,-0.240776878,-0.132653139,-0.11542893,0,0.080006289,0.179603242,0.265882206,0.359098166,0.541743207,0.734840586,0.763595224,0.6745,0.820132821,1.119017584,1.353725068,1.858128558
two groups,0,-1.061455077,-0.98047763,-0.968215545,-0.697296889,-0.87648857,-0.669191122,-0.687978861,-0.6745,-0.693541332,-0.626452288,-0.536697656,-0.348331097,0,0.236174897,0.419255805,0.409851507,0.355654978,0.275316493,0.432289099,0.615743524,0.944263975,1.427971449,1.983472011,1.746346257,1.848600452
to assess,0,-1.170075503,-1.114770226,-1.042464791,-0.953968255,-0.880421859,-0.761093088,-0.657093625,-0.543610288,-0.502112552,-0.415373536,-0.301066791,-0.135451642,0,0.121211914,0.228617938,0.316128277,0.42041565,0.5752292,0.6745,0.75144858,0.842920708,1.05935432,1.100459113,1.253769478,1.832576635
include in,0,-0.902478779,-0.850631893,-0.78957973,-0.708847724,-0.6745,-0.609538039,-0.515282785,-0.446948794,-0.391458066,-0.354169901,-0.239134708,-0.137703686,0,0.148248041,0.313756148,0.443681446,0.583727659,0.739661686,0.854080371,1.041604993,1.261402949,1.591696019,1.844796814,1.909024382,1.773319787
identify,0,-1.223151583,-1.154633994,-1.051712657,-0.937096818,-0.834011679,-0.730776044,-0.645524669,-0.523728248,-0.461842801,-0.359345223,-0.228264262,-0.114318906,0,0.136974428,0.243168592,0.312240409,0.420351627,0.574888985,0.6745,0.793868913,0.855922245,1.067022864,1.19730675,1.314595271,1.736980028
secondary analysis,0,-0.810287464,-0.767843272,-0.725993183,-0.67950928,-0.696607253,-0.597683661,-0.536278008,-0.416788693,-0.313578154,-0.24949166,-0.199125795,-0.101377493,0,0.084477862,0.199956985,0.268413453,0.486723038,0.6745,0.810201669,1.002188087,1.070050453,1.223897155,1.387838063,1.616424513,1.695758407
logistic regression,0,-1.095111188,-1.001927626,-0.998709575,-0.884993837,-0.836485928,-0.711953402,-0.636031229,-0.552091809,-0.44363103,-0.340814967,-0.250164938,-0.124846031,0,0.137177723,0.224247651,0.365812928,0.439906109,0.574953909,0.6745,0.825070186,0.959769674,1.287616277,1.521470003,1.469480946,1.674036934
proportion of,0,-0.798888091,-0.796119239,-0.833707198,-0.823080042,-0.718363827,-0.595202963,-0.437298409,-0.42438722,-0.397918745,-0.360045772,-0.186499375,-0.049884391,0,0.209316531,0.364698397,0.383392474,0.527057404,0.6745,0.904670581,1.04787126,1.192441511,1.613986096,1.766627186,1.678456176,1.606658644
aptly,1,-1.50380892,-0.683354196,-0.906811037,-0.6745,-0.952430607,-1.622157526,-0.44407699,-0.660074729,-0.663041629,0.415579872,-0.379828266,0,0.263505336,0.036263141,0.842487907,1.588277206,-0.163774724,0.229297634,-0.280906808,0.726248683,0.564631705,1.297539636,1.101696354,2.546641612,1.580083354
moreover,1,-0.920207905,-0.88207566,-0.834331136,-0.762346108,-0.6745,-0.619036066,-0.51470272,-0.410293319,-0.385303675,-0.327600668,-0.210473984,-0.131615872,0,0.122745016,0.255972064,0.388176486,0.565481199,0.795098889,0.993210068,1.200344142,1.249890603,1.410196207,1.642481904,1.615046367,1.557431232
beacon,1,-2.978003167,-1.844017963,-0.672506921,-1.514880145,-0.6745,0.372740798,-1.252527968,0,-0.604322628,-1.165531804,0.331095931,0.916781519,0.739956921,0.943705573,1.267423613,0.497920166,1.151720114,0.54026436,0.393545749,0.541383281,-0.413581441,-0.097800752,-0.529739502,-0.77600718,1.536838984
to identify,0,-1.151668042,-1.079567603,-0.980285604,-0.858375055,-0.798427686,-0.6745,-0.616201382,-0.509985957,-0.434881623,-0.349210856,-0.226545173,-0.101126842,0,0.127711574,0.262214444,0.354222275,0.486527827,0.638285741,0.748410214,0.902852826,0.982877229,1.185108639,1.278350364,1.330874739,1.485880769
to investigate,0,-1.490454933,-1.380490508,-1.252560335,-1.074281126,-0.965466137,-0.774776777,-0.6745,-0.560309017,-0.468025211,-0.38940507,-0.27198672,-0.163456537,0,0.159514623,0.283435401,0.390408605,0.397913281,0.520303461,0.665896639,0.791522872,0.732814501,0.830763932,0.983406951,1.150485689,1.455221578
were collected,0,-1.247473303,-1.118624293,-1.07193972,-0.969600097,-0.888723212,-0.759983017,-0.6745,-0.534969108,-0.46252567,-0.408341804,-0.29594579,-0.141753717,0,0.11937002,0.234455657,0.253478276,0.37882608,0.497919086,0.628269252,0.785608686,0.940836013,1.169137747,1.320583722,1.277453476,1.446337485
regression analysis,0,-1.671751097,-1.443933779,-1.468452874,-1.384509075,-1.352655687,-1.102885235,-1.064823222,-0.881523971,-0.6745,-0.422984789,-0.267673315,-0.13331198,0,0.188002471,0.068942096,0.130805922,0.197562316,0.233314912,0.304623725,0.365520237,0.526459009,1.037582418,1.295252861,1.061890287,1.441052152
adverse events,0,-1.012513124,-0.944176492,-0.853243287,-0.737861296,-0.676902831,-0.591229948,-0.536382237,-0.42853738,-0.373279691,-0.26865968,-0.170508305,-0.103760313,0,0.122779513,0.231190432,0.35144583,0.499541856,0.6745,0.714158956,0.852769886,0.951610461,1.115181054,1.246556724,1.2941805,1.435212381
statistically,0,-1.737312255,-1.638541153,-1.489734462,-1.299485507,-1.095912821,-1.126400032,-0.875631021,-0.685288923,-0.6745,-0.61430224,-0.463052031,-0.208341787,0,0.274128869,0.316904803,0.412002982,0.377480004,0.400235354,0.444458724,0.548240824,0.553448766,0.849858461,1.134895347,1.217580843,1.412943901
primary endpoint,0,-0.951482064,-0.927682601,-0.872293347,-0.820734416,-0.781868359,-0.740838667,-0.669858379,-0.563492212,-0.487383212,-0.41192211,-0.240170707,-0.097889554,0,0.064447886,0.153485264,0.26332694,0.385703796,0.530027201,0.6745,0.784957931,0.977324814,1.161415834,1.206618731,1.274334115,1.411234971
investigate,0,-1.884010538,-1.697061076,-1.558140334,-1.412973848,-1.212172767,-0.946196501,-0.829499621,-0.650028726,-0.566744712,-0.443881534,-0.300568958,-0.140716763,0,0.176456292,0.287585339,0.363454633,0.371988772,0.556488137,0.720230637,0.799823448,0.592760636,0.6745,0.854284853,0.994150329,1.395212644
association between,0,-1.17669591,-1.103480427,-1.058174221,-0.958162093,-0.894486922,-0.777512499,-0.6745,-0.560762068,-0.500636372,-0.378035554,-0.267746548,-0.145397997,0,0.155002687,0.279134121,0.384637217,0.438071251,0.552257308,0.650889536,0.746231877,0.775676651,0.96633772,1.089802852,1.165272453,1.374450762
difference in,0,-1.390052893,-1.249821977,-1.196296693,-1.12586163,-1.045329509,-0.841472033,-0.784539806,-0.633409292,-0.539794948,-0.508544014,-0.353709277,-0.198885158,0,0.101371992,0.19745286,0.275679459,0.398846138,0.553466787,0.590404443,0.745187839,0.6745,0.973945301,1.267740677,1.297957675,1.370950163
patients who,0,-0.851769089,-0.860480632,-0.738619626,-0.607741341,-0.6745,-0.530648122,-0.688016446,-0.537517757,-0.55815936,-0.487169921,-0.3311925,-0.183359647,0,0.177817659,0.34703742,0.475238074,0.64240847,0.772245543,0.8526116,0.937191639,1.280957294,1.555659938,1.521606422,1.501310936,1.332169976
unprecedented,1,-1.077311238,-0.979609624,-0.804797114,-0.764851914,-0.6745,-0.650722515,-0.610748419,-0.544838614,-0.554077437,-0.440601826,-0.250240172,-0.116474549,0,0.02183689,0.254106011,0.392447249,0.622783903,0.761200091,0.794538778,0.808858006,1.963988109,2.135350171,1.734616787,1.483274928,1.327493617
retrospective,0,-1.029359752,-1.047380049,-0.939492644,-0.844191525,-0.816275291,-0.636827486,-0.56579952,-0.526326121,-0.405255554,-0.369068919,-0.257959344,-0.09146027,0,0.16811072,0.323696429,0.403244493,0.509552575,0.6745,0.854987956,0.962436169,1.093877915,1.318047107,1.340392074,1.361614678,1.316599832
were assessed,0,-1.392768132,-1.334957502,-1.260737749,-1.115116679,-1.066451525,-0.933451969,-0.829323903,-0.610606147,-0.498679844,-0.418542844,-0.290095121,-0.10940137,0,0.194151867,0.308781054,0.349317911,0.432185634,0.574158388,0.649658046,0.6745,0.678381523,0.780186138,0.766853134,0.747992191,1.234252004
to examine,0,-2.249285319,-2.029394534,-1.954370247,-1.720211196,-1.491814488,-1.200545634,-0.985305641,-0.72274585,-0.604869221,-0.605245621,-0.404074708,-0.135956442,0,0.13943337,0.264786134,0.362202806,0.467404657,0.507085874,0.6745,0.627695997,0.356044252,0.7122315,0.945023265,1.01530491,1.162527781
driving force,1,-2.343587854,-2.175101152,-1.652775254,-1.669285423,-0.760244874,-0.750689128,-0.371534778,-0.45353243,-0.018755868,-0.502740241,-0.164871192,0.093627871,0,-0.046356234,0.15719235,0.187216227,0.475021334,0.6745,1.054359012,0.809564641,0.476048692,0.794648194,1.287727319,1.611266042,1.147512717
median follow-up,0,-1.213595984,-1.074556712,-1.042993696,-0.915490083,-0.87338359,-0.769009961,-0.704344709,-0.612719177,-0.538008083,-0.440574582,-0.264255411,-0.128442275,0,0.099491456,0.212526092,0.295165378,0.393305964,0.530873945,0.557233152,0.6745,0.752918911,0.941353714,0.941814811,1.01704361,1.124063915
control group,0,-1.959906487,-1.779316154,-1.627536909,-1.352979616,-1.270347336,-0.847579297,-0.801221173,-0.759860007,-0.6745,-0.666493094,-0.5034239,-0.293735551,0,0.237581268,0.342128362,0.608007486,0.543411638,0.481673886,0.611697819,0.726408928,0.521056279,0.63830383,1.013155799,0.735707156,1.08756664
this trial,0,-0.673686162,-0.740355824,-0.70287988,-0.628536891,-0.686445482,-0.451679913,-0.50596466,-0.557908392,-0.494182734,-0.32785047,-0.201626808,-0.038299635,0,0.343910463,0.409758405,0.6745,0.728881304,0.874402575,0.952471876,1.075251015,0.914436295,0.677264683,0.900715347,0.914836317,1.081373518
evaluate,0,-1.388851954,-1.291351535,-1.160144997,-1.02512005,-0.959069041,-0.839126481,-0.730992959,-0.587648199,-0.507760048,-0.414684711,-0.258780195,-0.123412793,0,0.096950029,0.202204086,0.255861641,0.336400736,0.467701626,0.57311758,0.6745,0.703015639,0.84254858,0.908715718,0.903503165,1.07977382
cross-sectional,0,-1.126915457,-1.062053256,-1.044864857,-0.950078616,-0.883013583,-0.778165309,-0.681296353,-0.570812284,-0.431296429,-0.340265083,-0.242288026,-0.118304846,0,0.122724838,0.213729368,0.273579727,0.358005293,0.45005996,0.60246243,0.6745,0.732351617,0.927090956,0.912130663,0.84788485,1.022033756
most common,0,-1.198372981,-1.140074485,-1.038020043,-0.924663972,-0.839221776,-0.775284664,-0.6745,-0.591056086,-0.506247134,-0.420208152,-0.262894924,-0.161264975,0,0.129124675,0.324670644,0.368120658,0.466129053,0.577489993,0.671725102,0.843896407,1.016937532,1.240475638,1.351317372,1.366408735,1.020580879
associate with,0,-1.591980099,-1.503844647,-1.368128725,-1.257251791,-1.147813954,-1.007619837,-0.859394733,-0.6745,-0.574417169,-0.450315805,-0.315570431,-0.161451814,0,0.154090768,0.246649792,0.316610292,0.386685772,0.534844168,0.589373355,0.672547373,0.680293518,0.907834909,0.889376972,0.839020715,0.947749134
cohort study,0,-1.476800549,-1.369324415,-1.178706864,-0.940870235,-0.89800563,-0.862933572,-0.88985115,-0.619426536,-0.303899502,-0.267177866,-0.299705657,-0.118746888,0,0.132986006,0.181162815,0.22609759,0.279670151,0.510592253,0.756160578,0.836114344,0.73466693,0.809869316,0.6745,0.555382629,0.933077468
increased risk,0,-2.013694713,-1.849286931,-1.736724885,-1.496564302,-1.330920234,-1.009873349,-0.948224796,-0.760901798,-0.6745,-0.538030886,-0.278374009,-0.158443271,0,0.224264865,0.337796894,0.375703805,0.411216447,0.475193311,0.402674606,0.548086252,0.579335205,0.878136338,0.824488905,0.85946647,0.911831409
ratio,0,-1.512806595,-1.434697276,-1.342868687,-1.223188231,-1.095965787,-0.918381743,-0.836334237,-0.6745,-0.564264086,-0.436443197,-0.304743541,-0.200968625,0,0.17057488,0.249089366,0.343387484,0.415351582,0.536087889,0.638245336,0.725481072,0.643249168,0.75736215,0.863891812,0.811635557,0.889063242
to evaluate,0,-1.280122943,-1.194196465,-1.072211409,-0.938525543,-0.920426071,-0.770506684,-0.677225094,-0.56296886,-0.484284967,-0.400836999,-0.282690992,-0.137840845,0,0.100215606,0.227412123,0.273476424,0.344666634,0.46135758,0.556381583,0.6745,0.721293657,0.851891855,0.913346617,0.852281587,0.884224902
end point,0,-1.824105327,-1.62763001,-1.439431731,-1.346498349,-1.177227624,-1.035081763,-0.884538704,-0.740615596,-0.658571528,-0.476313047,-0.283952216,-0.112342344,0,0.098626372,0.182051345,0.248878755,0.408016232,0.510965752,0.582950194,0.621282133,0.6745,0.750009564,0.72505333,0.814174727,0.878144198
were performed,0,-1.16292839,-1.044720363,-0.997422518,-0.838825789,-0.802160614,-0.6745,-0.64074685,-0.53872086,-0.449828048,-0.386904154,-0.262351622,-0.114902408,0,0.177238675,0.344618779,0.433345457,0.467792443,0.586137383,0.810863727,0.976428588,1.112119674,1.254161732,1.334550528,1.200373041,0.806817049
illustrious,1,0.422812181,-0.347838071,-0.403207202,0.159709412,0,0.091964963,-0.821446104,-1.369112054,-0.954449567,0.086894213,-0.6745,1.285915263,-0.163685341,-0.932468635,0.128689484,0.646501394,0.737602024,-0.334481255,-1.248933362,-0.747683981,-1.048454354,0.691369847,0.700743051,0.389103219,0.779570162
was used,0,-1.274263771,-1.119761444,-1.045640601,-0.92710436,-0.786897303,-0.6745,-0.579332162,-0.481213937,-0.44435216,-0.395411411,-0.252059821,-0.17311161,0,0.068933729,0.177977039,0.256006729,0.322428862,0.45315798,0.676598794,0.846832543,0.868178035,1.05536698,1.377723117,1.315485659,0.760152718
to compare,0,-1.523617028,-1.396119946,-1.224005119,-1.102934611,-0.922322178,-0.819528653,-0.816599712,-0.653725024,-0.629968179,-0.46952239,-0.350470208,-0.129505664,0,0.143466743,0.264299189,0.349708187,0.417885019,0.5646306,0.624733245,0.689538229,0.6745,0.854223519,0.899373195,0.901186454,0.710918437
effect of,0,-1.358559155,-1.68081828,-1.157032921,-0.933288839,-0.937706745,-0.337493527,-0.405886963,-0.241152032,-0.348207722,-0.561835764,-0.44274575,-0.33176488,0,0.21074367,0.355871476,0.2975976,0.385066509,0.930702762,1.400633716,1.730941543,1.186587473,1.479775773,2.242890724,1.594596932,0.6745
less likely,0,-1.459390227,-1.412445008,-1.324902193,-1.194083799,-1.022023482,-0.922663318,-0.715578828,-0.655175242,-0.532827727,-0.428551554,-0.236382213,-0.188475538,0,0.016633689,0.081483127,0.241964697,0.405068877,0.59669054,0.600919939,0.717217833,0.722517418,1.057511772,1.277649912,0.984373679,0.6745
more likely,0,-1.318024293,-1.299403368,-1.241122825,-1.088062285,-1.038577448,-0.788279905,-0.633622779,-0.511142458,-0.442516334,-0.34823926,-0.221054507,-0.093137945,0,0.172937372,0.217966278,0.291823426,0.469513499,0.529987285,0.709623033,0.698156385,0.73825571,1.094623953,1.220653385,1.029132457,0.6745
were reported,0,-1.22041333,-0.864747704,-0.938926346,-0.821496419,-0.678378695,-0.638801184,-0.493201401,-0.534970708,-0.577076782,-0.311478139,-0.20211784,-0.097696618,0,0.140731227,0.424562293,0.373894983,0.595567784,0.903398213,1.232995838,1.391001824,1.653950791,1.823153379,1.716436112,1.474024811,0.6745
study period,0,-1.102142286,-0.995203757,-0.929286923,-0.808407626,-0.836073761,-0.721676221,-0.6745,-0.576467296,-0.49038591,-0.438081977,-0.231778301,-0.13017272,0,0.079360716,0.268726421,0.394238451,0.544636722,0.591457117,0.685232613,0.769069115,0.93328298,1.160680805,1.153604309,0.861080093,0.64361872
were enrolled,0,-1.443542018,-1.284289056,-1.200153724,-1.100944825,-0.982006534,-0.863199715,-0.738297613,-0.650431805,-0.605752373,-0.465322442,-0.360968846,-0.158006746,0,0.131260568,0.203106551,0.339059237,0.469582651,0.516149313,0.6745,0.749023484,0.830488044,0.998212632,1.076559608,0.877550789,0.628400338
undoubtedly,1,0,0.569810892,1.674233646,0.900782251,0.365668099,-0.871533439,0.507584722,-0.587932019,-0.045611918,-0.031451166,0.064447843,-0.144775821,-0.202520006,-0.919038609,-0.6745,-1.213014278,-0.848312124,-0.712422997,-1.038951008,0.009833319,1.56600918,3.265202841,2.199997451,2.026281921,0.51480999
sought to,0,-1.471231604,-1.360620359,-1.305522548,-1.174493478,-1.089251904,-0.846269722,-0.718711471,-0.621327412,-0.502958499,-0.272189681,-0.248826502,-0.115883342,0,0.218684966,0.310237693,0.361537382,0.480551252,0.68713047,0.737806355,0.736222166,0.6745,0.78195474,0.688316108,0.672050054,0.472402825
independently associated,0,-1.702311184,-1.548856523,-1.518210973,-1.433311074,-1.20206362,-1.121829323,-0.995613391,-0.806448266,-0.617343355,-0.506685982,-0.369397721,-0.116981702,0,0.228697567,0.355567609,0.462438498,0.549617641,0.61865411,0.6745,0.797258404,0.78315131,1.061385016,0.908881097,0.666438984,0.433141099
to receive,0,-1.888740556,-2.151710816,-0.6745,-0.142606182,-0.731216058,-0.088201746,-0.710152997,-0.700958781,-0.680467819,-0.531725383,-0.012394477,0,0.239926639,-0.063285014,0.477050871,0.197675644,0.624861107,0.955048463,0.815558324,0.762954398,0.082925091,1.191167894,1.680787486,1.364478576,0.401269738
common grade,0,-3.768923986,-3.341217133,-3.218887896,-2.810183584,-2.843904655,-2.596174201,-1.982267897,-1.803433081,-1.052041914,-0.6745,-0.448357212,-0.480203145,0,0.482036381,0.433377053,0.2959629,0.350200505,1.413215647,0.937700349,0.969101068,0.472163095,0.482717298,0.526714968,0.346795923,0.378379965
treatment allocation,0,-2.648507169,-2.423143261,-2.574454677,-2.064261337,-2.739663505,-2.110438556,-2.541841585,-2.025062992,-1.32036909,-0.72354462,-0.612210172,-0.281223633,0.061111838,0,0.530411676,1.004193623,0.6745,0.672603723,1.231804332,0.255710087,0.51857431,0.325268977,0.291423305,0.134951717,0.345754515
one of,0,-1.459599579,-1.225247717,-1.009769,-0.971996563,-0.730613977,-0.701220454,-0.6745,-0.651271814,-0.547862658,-0.551280413,-0.301816743,-0.20122467,0,0.101811937,0.217927813,0.324834465,0.466801051,0.650239101,0.945274802,1.398238814,1.542530963,2.007722159,2.394037873,1.934118957,0.272648718
randomly,0,-4.002005944,-3.362825751,-3.343250668,-2.455817591,-2.219399394,-1.739089859,-1.364320604,-1.173377852,-0.837809392,-0.620674955,-0.582001198,-0.310903939,0.125839106,0.428398424,0.739128067,0.930162947,0.78342079,0.545271255,0.556042738,0.6745,0.210471356,0,0.475254956,0.073869067,0.223753529
lower in,0,-1.577500892,-1.364326157,-1.285172138,-0.886571021,-0.977056345,-0.796717306,-0.949376123,-0.510899424,-0.515264586,-0.664249165,-0.403532965,-0.16483494,0,0.373363175,0.506478957,0.6745,0.557170456,0.615741048,0.686673719,0.889478189,0.711688835,0.759468356,0.821439061,0.483979058,0.163873899
reportedly,1,-0.843845957,-1.080387143,-1.009306476,-0.6745,-0.73780979,-0.895001988,-0.471253929,-0.836149025,-0.037368775,0.020509468,-0.133167014,-0.135103011,0,0.108288108,-0.035735277,0.398815376,0.648478319,0.666998012,1.584237076,0.955555671,1.194805908,1.63685855,1.524080004,0.963568548,0.158187086
treatment assignment,0,-1.215549461,-1.413725329,-0.592965094,-0.863693239,-0.722761377,0,-1.009643853,-0.6745,-0.42384686,-0.367366107,0.974660205,0.372338055,0.841882913,0.670978954,0.919540347,1.702271121,1.252563652,1.622885566,0.61261887,0.791911416,-0.074057182,-0.306608256,-0.214585816,0.000936066,0.152038639
objective of,0,-4.098339946,-4.045931794,-3.570286191,-3.358580562,-2.765538964,-2.146196349,-1.475843441,-1.218734812,-0.903129464,-0.662045516,-0.306731627,-0.001452803,0.283625191,0.419392012,0.575754826,0.448367773,0.6745,0.954597785,1.008205689,0.8968206,0.598953714,0.320264355,0,0.064583699,0.067470815
higher in,0,-1.669817814,-1.439332515,-1.446497502,-1.20358399,-1.050733942,-0.909481529,-0.839619976,-0.71339727,-0.672323833,-0.686341253,-0.493957114,-0.233682789,0,0.231292118,0.33955333,0.494322207,0.482674041,0.51168737,0.567215268,0.6745,0.714831205,0.902258649,0.867202382,0.576718054,0.050682973
difference between,0,-2.296613087,-2.141378626,-1.784171746,-1.491322636,-1.378504793,-0.835083219,-0.904294683,-0.619636792,-0.547421096,-0.291684591,-0.1469331,-0.135743961,0.258661572,0.545163191,0.655647979,0.687683163,0.565116629,0.546392533,0.754494456,0.766231436,0.43714856,0.759905743,0.837952641,0.6745,0
fresh,1,-2.099816576,0.951919413,-0.079339154,0.463955107,0.344864166,2.006539983,2.171144501,2.869380828,3.232768774,3.892036944,3.480235287,2.37209341,-0.192776756,-0.206455318,-0.6745,-0.762231703,-0.091985701,-0.467163097,-0.205573733,0.014052885,-0.884820998,-0.955533212,-0.307452776,0.040489941,0
outcome measure,0,-3.479739034,-3.617220522,-3.485366612,-3.142095565,-3.034024787,-2.038188552,-2.002661579,-0.64066172,0.254018138,0.07101894,0.357774766,0.307517234,0.405726098,0.576327542,-0.188378932,-0.509988215,-0.022681141,0.6745,1.247866027,2.086079674,1.126256296,0.843974248,0.086966311,-0.781936468,0
our results,0,-1.649112241,-1.584522599,-1.466065668,-1.307548843,-1.159555146,-1.008555573,-0.811719075,-0.604737663,-0.507638097,-0.373112539,-0.189044459,0,0.168525594,0.356002579,0.49988876,0.642261536,0.700915127,0.911934181,0.952179299,0.945082822,0.738148409,0.6745,0.590967702,0.422710655,-0.048830877
stem,1,-2.023646401,-1.752920461,-1.439831365,-1.303274106,-1.150198337,-0.877581319,-0.6745,-0.325536342,-0.127467211,0,0.452823651,0.571560618,0.766609141,0.967368884,0.81665083,0.876397186,0.847040236,0.90190999,0.629334386,0.641493842,0.250154365,0.067974089,-0.425815711,-0.40492733,-0.132283934
no difference,0,-0.674921831,-0.6745,-0.616737013,-0.25739175,-0.57339229,-0.350652765,-0.432030783,-0.283293662,-0.363195273,-0.255671237,-0.179886224,0,0.460508647,0.720456006,0.692412821,0.777194394,1.295958521,1.581793873,1.802510966,1.754848365,1.526587567,1.729589906,1.235907583,0.784296997,-0.509216189
disruptive,1,-4.918027422,-2.259626436,-2.885735262,-1.768403894,-1.790775211,-1.020631317,0,1.181825501,1.838809761,2.165285592,0.183963274,-0.330398699,-1.183183416,0.049899969,0.035127494,0.6745,0.072490747,-0.441171693,-0.260925541,-0.008353238,0.288509059,0.784230554,0.788990117,0.193646995,-0.597139959
time of,0,-0.859799801,-1.27840894,-1.199277262,-0.836270987,-0.570962599,-0.401454057,-0.243482619,-0.244598369,-0.510144444,-0.617836771,0,0.318467447,-0.172756562,0.471392052,0.628329662,0.6745,0.71428622,0.899542176,1.027544144,1.266812991,2.899125675,3.250279853,2.696523103,1.549729913,-0.659748338
adventure,1,0.43954539,0.416150638,0,3.038729504,2.793200426,0.208155887,2.272704965,-0.339400142,-0.628214043,0.105160567,1.427371915,-0.117950638,-0.103700284,-1.081677447,-0.692295319,2.081740142,0.319379149,1.600833475,0.848334184,-1.019026241,-0.98875305,-0.815633901,-0.511915035,-0.475508652,-0.6745
aim of,0,-1.635717053,-1.486192976,-1.361408148,-1.161598829,-1.011972107,-0.796758727,-0.666914739,-0.458190917,-0.372913069,-0.197483122,0,0.181499812,0.360055489,0.50312555,0.678547543,0.731129571,0.788031784,0.836443989,0.848078119,0.828034175,0.532410074,0.33649164,0.050166028,-0.233273772,-0.6745
potent,1,0.887205204,0.830263592,0.842675764,0.953244159,0.967222055,0.79466655,0.638290522,0.508089288,0.251776537,0.197327027,0.374748135,0.200487875,0,-0.078996788,-0.226930267,-0.518517646,-0.602429371,-0.531749555,-0.6745,-0.789875197,-1.164240621,-1.27111646,-1.396621022,-1.268631833,-0.763010727
is known,0,-2.093974303,-1.795999998,-1.636073385,-1.371236898,-1.156427063,-0.916615189,-0.717415785,-0.586616022,-0.464668642,-0.285427652,0,0.207102661,0.511205812,0.651322683,0.670170398,0.6745,0.795441816,0.971391018,0.880461323,0.720051923,0.495698582,0.421541618,0.15523871,-0.074831963,-0.941073165
dose of,0,1.405024886,1.228348426,1.143153962,1.161090093,0.885731686,0.796128818,0.696917193,0.471797457,0.287961022,0.034755914,0.117125068,0.052299041,0,-0.218093464,-0.24451147,-0.376669568,-0.502120119,-0.533284971,-0.669759636,-0.789133878,-0.930424807,-0.896846015,-0.6745,-0.86618356,-1.175269318
placebo group,0,2.143432779,1.358133092,0.948704036,1.961502229,1.719450904,1.547238483,0.909701506,1.184628713,0.204625148,-0.180524834,0.168182159,-0.189219148,0,0.0601289,-0.244870883,0.28429594,-0.09195659,-0.23581092,-0.567624943,-0.552503337,-0.6745,-1.400751482,-1.4029535,-1.90216963,-1.227393362
catalyze,1,-1.939815264,-0.08253898,0.517003235,0.681446571,0.980948391,0.649447751,-0.137205918,1.071456203,0.652703205,0.309268184,1.471784495,1.722296698,0.6745,-0.005351432,0.291985803,0.544765504,-0.892467949,-0.514320658,0,-0.188888404,-3.402872808,-4.673892836,-4.505916183,-3.519125811,-1.87510753
at least,0,1.269627736,1.29234966,1.432428022,1.22911575,1.114454156,1.053012001,0.887294938,0.840378511,0.400626282,0.061827399,0.241500699,0,0.035712726,-0.045667642,-0.306655243,-0.411618285,-0.435758352,-0.283443855,-0.42443182,-0.611527107,-0.92771387,-0.6745,-0.945457406,-1.377871862,-1.999891737
compared with,0,-1.530611401,-1.342736656,-1.051858598,-0.658910086,-0.670263575,-0.361427818,-0.397967558,-0.136277501,-0.146720612,0.061942208,0.238181634,0.514160649,0.878783286,1.111827439,1.227469295,1.190834149,0.881884161,0.781966555,0.6745,0.784666981,0.393674291,-0.063550584,0,-1.055216082,-2.445421574
was found,0,0.435742371,0.6745,0.520402295,0.542451213,0.557962243,0.798529563,0.775446506,0.804756164,0.300396797,0.059334915,0,0.062508809,0.086888435,-0.087734821,-0.194017163,-0.530929953,-0.8926318,-1.071419352,-1.079695243,-1.036577355,-1.33827264,-1.338348595,-1.318042375,-1.602732067,-2.513686938
suggest that,0,0.914462189,0.782083054,0.7753941,0.660595834,0.583783406,0.6745,0.618403521,0.585937522,0.375684134,0.211092207,0.130135905,0.088313835,0,-0.077599007,-0.303737453,-0.49619478,-0.760595627,-0.790027602,-1.05355214,-1.379855175,-1.938054515,-2.184771243,-2.490524793,-2.595248013,-2.594636766
basis of,0,0.532414399,0.538297747,0.799837889,0.71760581,0.6745,0.552599511,0.520746476,0.415136964,0.242979598,0.163968804,0.220737319,0,0.011958673,-0.176700586,-0.404173826,-0.713599905,-0.847043921,-1.14901667,-1.373774747,-1.601071977,-2.072219201,-2.237464636,-2.455894884,-2.807467999,-3.200471485
purpose of,0,-2.969399214,-2.74968112,-1.972374104,-1.417833312,-0.916824384,-0.848705236,-0.418432101,0,0.062722653,-0.133383243,0.352010624,0.594140867,0.6745,0.649415739,0.860994289,0.798513779,0.498186408,0.875149021,0.919056479,0.612792856,0.060533227,-0.195373598,-0.213172218,-1.465481728,-3.550059511
end of,0,3.770001863,3.08321209,3.021471274,3.881374455,1.964937285,3.035699049,1.652821539,2.313305081,1.857385089,-0.6745,-0.264310753,-0.06979312,0.220170449,-0.029275796,-0.110126932,-0.196522368,-0.100397992,-0.24630429,0.198126711,-0.289866252,0,0.055131588,-1.553852721,-2.551048237,-3.792334772
to determine,0,-0.967541356,-1.004424856,-0.709073731,-0.38885821,0,-0.130498442,-0.021017657,0.234648368,-0.060391588,0.20959684,0.284613908,0.603262799,1.082983426,1.162269496,1.26593676,0.904107647,0.740183078,0.772441108,0.564815365,0.415779988,-0.585205291,-0.6745,-1.013835425,-1.860587135,-4.211109545
hypothesis,0,0.3364242,0.415977143,0.617526543,0.559937436,0.6745,0.632947402,0.666479631,0.760876684,0.507273956,0.35392753,0.420054135,0.10881452,0,-0.268194827,-0.689705212,-1.090349446,-1.296425315,-1.445074869,-1.718220692,-2.111528284,-2.654104886,-2.816698331,-3.311924819,-3.72169514,-4.293966304
results suggest,0,1.175963103,0.956741222,0.929495904,0.6745,0.463568749,0.563836407,0.454527683,0.482706039,0.104752171,0.041451993,0.063127978,0.058353768,0,-0.176576046,-0.31528663,-0.498236379,-0.776010038,-0.693430419,-1.000268859,-1.436724425,-2.24902393,-2.765513101,-3.202720645,-3.642838635,-4.569369774
all patients,0,-2.056399122,-1.505005877,-0.415370537,0.6745,-1.002870638,0.549823381,-0.157499231,-0.514467451,-0.165444893,-0.159426139,0.096155546,0.313893324,0.4004455,1.680873076,1.139528091,0.03610969,0,0.857476923,0.807765529,-0.309849651,1.651405551,0.891543524,-1.533722475,-4.300051202,-8.211637737
treatment of,0,-9.627790295,-6.660415829,0.773706548,3.94558296,2.050694195,1.782801958,0.084381399,2.420206243,-0.455535609,-0.236474117,-0.402946457,0,0.026634432,-0.177007878,-0.220272408,1.039079852,-0.588544981,-0.6745,0.581750717,-0.061374002,3.511681044,1.651263392,1.056141196,-0.623581569,-9.322888022
