Year,additionally,adept,advancement,adventure,adverse events,aethetic,aim of,aim to,align,all patients,analysis,aptly,associate with,association between,at least,basis of,beacon,boast,bolster,burgeon,capability,captivate,catalyze,cohort study,commendable,common grade,compared with,compel,complexity,comprehend,comprehensive,control group,cornerstone,cross-sectional,crucial,cutting-edge,delve,demystify,difference between,difference in,digital world,disruptive,dive,dose of,driving force,dynamic,effect of,effectively,efficacy,elevate,elucidate,embark,embrace,emphasize,employ,encompass,encounter,end of,end point,endeavor,enhance,enigma,enrich,essential,evaluate,ever-evolving,examine,excel,excellently,explore,facilitate,finding,fortify,foster,fresh,further research,game-changer,garner,grapple,groundbreaking,harness,higher in,highlight,holistic,hurdle,hypothesis,identify,illustrious,imperative,impressively,include in,increased risk,independently associated,ingeniously,innovative,insight,interplay,intersection,intricacy,intricate,invaluable,investigate,is known,journey,juxtapose,kaleidoscope,keen,landscape,less likely,leverage,logistic regression,lower in,median follow-up,methodical,meticulous,mitigate,models,more likely,moreover,most common,multifaceted,navigate,new era,no difference,notably,noteworthy,nuance,objective of,offer,one of,optimize,our results,outcome measure,overarching,paradigm shift,paramount,particularly,patients who,pave,pioneer,pivotal,placebo group,poised,potent,potential,primary endpoint,primary outcome,proportion of,prowess,purpose of,randomly,ratio,realm,registered with,regression analysis,renowned,reportedly,resonate,results suggest,retrospective,reveal,revolutionized,robust,safeguard,safety,scholarly,seamless,secondary analysis,shed_light,showcase,significant,sought to,spearhead,state-of-the-art,statistically,stem,strategically,streamline,study period,suggest that,surpass,symphony,synergy,tailored,tapestry,testament,this study,this trial,time of,to assess,to compare,to determine,to evaluate,to examine,to identify,to investigate,to receive,transformative,treasure trove,treatment allocation,treatment assignment,treatment of,two groups,ultimately,underscore,undoubtedly,unearth,unleash,unlock,unparalleled,unprecedented,unravel,unveil,unwavering,utilize,valuable,versatile,vibrant,vital,was found,was used,were assessed,were collected,were enrolled,were performed,were reported
2024,0.067973353,0.000252691,0.019098954,6.40382E-05,0.015435509,0.002140375,0.037760025,0.15362932,0.009543419,0.015979545,0.341946564,4.44229E-05,0.176859025,0.046961908,0.023771433,0.007558236,0.00021173,0.000571151,0.00159807,0.000657112,0.020335295,0.000208268,0.007048238,0.031186593,0.000426344,0.000162115,0.058828009,0.00237172,0.016336082,0.002477297,0.059506468,0.025276042,0.001802877,0.039944823,0.063263374,0.001748069,0.005936512,0.000143076,0.025177966,0.061757035,5.99997E-05,0.000838842,0.000494421,0.0121811,0.001129033,0.025938347,0.134800942,0.039116942,0.067807777,0.033367352,0.029411985,0.000304037,0.001411725,0.027075457,0.059434929,0.014277629,0.009742457,0.012288984,0.011610526,0.002274221,0.13156788,0.000309229,0.013512056,0.049192859,0.166926185,0.000128076,0.095888807,0.002034222,0.000117692,0.111318546,0.047200753,0.174604997,0.000797304,0.007328045,0.005815936,0.01692281,0.000246922,0.003539984,0.000476536,0.000852112,0.004378827,0.020253372,0.092772859,0.004138251,0.001478647,0.013698978,0.202229682,1.49999E-05,0.005738052,0.000366921,0.032282165,0.015139548,0.004396134,9.23073E-05,0.017586845,0.073687174,0.009766688,0.002676911,0.001181533,0.008764,0.00120461,0.162542166,0.019766451,0.002338836,0.000264807,2.53845E-05,0.000195576,0.011941101,0.00441575,0.013616478,0.029560254,0.009924764,0.006810547,0.000165576,0.001522493,0.025981039,0.199724117,0.014077438,0.055402255,0.02718738,0.00583209,0.00460671,0.000799035,0.011999947,0.030925248,0.003959406,0.00367383,0.017524538,0.066574898,0.041193856,0.024723929,0.031455438,0.011530911,0.001429032,0.001094995,0.002778449,0.058087243,0.03911925,0.007015931,0.002470951,0.015437239,0.001445763,0.000723458,0.011584564,0.205743705,0.004879594,0.016796464,0.020583947,0.000148845,0.020391833,0.016568581,0.077020621,0.002307682,0.001748646,0.02447643,0.00094788,0.000633459,0.000230191,0.018308573,0.07520909,0.153336822,0.003737868,0.024141239,0.002279413,0.046902485,0.000815189,0.000715958,0.002969987,0.008176118,0.004933824,0.224407661,0.009086498,3.11537E-05,0.00792285,0.031755436,0.022824707,0.000811727,0.002617488,0.00573459,0.089134798,0.004921709,9.63457E-05,0.002933064,0.012464945,7.49997E-05,8.0192E-05,0.303092121,0.002058452,0.018807609,0.070491611,0.024329315,0.050248624,0.06865585,0.027973146,0.061332998,0.067157588,0.005491706,0.002191144,4.61536E-05,0.000151153,0.000105576,0.055806676,0.017695306,0.013981669,0.02913564,0.000482882,0.000207691,0.000355383,0.001843261,0.000401537,0.003312678,0.005027862,0.008955537,4.73075E-05,0.058190512,0.033068508,0.005429399,0.000178268,0.015482239,0.065006828,0.139080539,0.04610345,0.036150417,0.012161485,0.077797156,0.016291082
2023,0.041300053,0.000118472,0.009145306,6.60141E-05,0.014750608,0.001777665,0.043085969,0.130012354,0.005712575,0.017359932,0.313073497,5.48153E-05,0.173520931,0.044047299,0.025108334,0.008616604,0.000145585,0.000199221,0.000800421,0.000423197,0.013992036,0.000119651,0.006568989,0.027741824,0.000133796,0.000160909,0.066434321,0.001600841,0.012545031,0.001544847,0.03759855,0.0240804,0.001425197,0.037574384,0.035873932,0.001159372,0.001668624,0.000127313,0.02635376,0.061255163,5.83517E-05,0.000896495,0.00043086,0.013325412,0.001199452,0.023558771,0.139504824,0.027287388,0.055200141,0.025505008,0.020233902,0.000223387,0.001138743,0.013418539,0.037028589,0.006593155,0.0087115,0.012735411,0.011442832,0.001210061,0.085735185,0.000252857,0.01316686,0.042486538,0.161041325,8.90011E-05,0.088437046,0.001310261,0.000101379,0.087155666,0.035940535,0.142718884,0.000608862,0.004187178,0.00582751,0.011488216,0.000166214,0.001436395,0.000245785,0.000351879,0.002735458,0.021825313,0.06149918,0.003139794,0.00107155,0.015052387,0.185883834,1.2967E-05,0.003535289,0.000321819,0.033464418,0.014991088,0.004764212,6.3067E-05,0.010153789,0.048587535,0.005678978,0.002157835,0.000447363,0.003081443,0.000856415,0.154263094,0.022452446,0.001735227,0.000194506,2.004E-05,0.000162088,0.008541749,0.004723543,0.00757924,0.027803122,0.010324129,0.006602586,0.000136743,0.000745016,0.015073606,0.186821588,0.015216243,0.056231021,0.029710458,0.002981243,0.002706577,0.000666624,0.013208119,0.014758271,0.002547436,0.001859593,0.017519073,0.038601138,0.048819763,0.021153973,0.034856608,0.010972482,0.001320871,0.000852289,0.002177286,0.037917421,0.040065825,0.004843782,0.001418713,0.006501797,0.001362719,0.00041082,0.010569914,0.169710387,0.00461568,0.015805065,0.020803863,7.42658E-05,0.024300251,0.016387993,0.075834842,0.001069782,0.001598484,0.023020639,0.000351879,0.000753268,0.000185665,0.020713683,0.076090647,0.124892727,0.002283969,0.019148796,0.001314387,0.041646627,0.000693148,0.000429681,0.00288399,0.00583753,0.001996926,0.183722463,0.009624498,1.94506E-05,0.007997723,0.030912267,0.021791127,0.000463277,0.001467045,0.006076831,0.089127836,0.002034059,6.60141E-05,0.002437216,0.007190818,2.88812E-05,4.24376E-05,0.264401677,0.001973939,0.020722524,0.062423966,0.025188494,0.054607193,0.068139488,0.027564411,0.058994771,0.063368792,0.005823384,0.000904746,3.47753E-05,0.000143816,0.000101379,0.058852723,0.017479583,0.010031192,0.006945623,0.00056112,0.0001503,0.000284096,0.000987264,0.000248732,0.003485189,0.003189305,0.004025679,2.35765E-05,0.038137861,0.020133702,0.004342193,0.000111988,0.013300067,0.069276462,0.152970515,0.041474519,0.034640294,0.013198099,0.082847658,0.017855627
2022,0.031548611,8.19255E-05,0.005981122,6.56526E-05,0.01451933,0.001620554,0.046507308,0.118589961,0.004550793,0.018336161,0.315112392,3.92793E-05,0.175066929,0.042995735,0.026037718,0.009563399,0.000152628,7.07028E-05,0.000558328,0.000301329,0.012256279,5.21854E-05,0.006281329,0.028828235,5.10632E-05,0.000167779,0.072207786,0.001288924,0.011595824,0.0008417,0.030301772,0.025023189,0.001345598,0.03844887,0.026001245,0.000727229,0.000345658,0.000106615,0.026638692,0.061047401,5.10632E-05,0.000939899,0.000353514,0.014035072,0.001150324,0.022451514,0.142819146,0.023339227,0.052597852,0.024423898,0.018772722,0.000210425,0.000990962,0.010042046,0.030255198,0.003918395,0.00832161,0.013094051,0.011209203,0.000860779,0.07493265,0.000241849,0.012801139,0.039525124,0.161215348,6.2847E-05,0.087706294,0.001010601,0.000102126,0.082395165,0.032527228,0.132749605,0.000535883,0.003544681,0.005728051,0.009558349,0.000147017,0.000700856,0.000154873,0.000192469,0.002041404,0.022693362,0.052897497,0.002783783,0.001041464,0.016021485,0.181344891,1.45895E-05,0.002857853,0.000255877,0.03290487,0.014891923,0.005146717,3.70348E-05,0.008315999,0.040370191,0.004696127,0.001919077,0.000214914,0.00119297,0.000713201,0.151375871,0.023165837,0.001512816,0.00013355,1.62729E-05,0.000167779,0.00729193,0.00501485,0.005362753,0.028249707,0.010745146,0.006456402,0.000135794,0.000496042,0.012247301,0.184488922,0.01583126,0.056625668,0.029600355,0.002248462,0.002249023,0.00057404,0.013629934,0.010627869,0.001716507,0.001467925,0.017396823,0.031529532,0.050930724,0.019604883,0.036070225,0.011593019,0.001268723,0.000776609,0.001863524,0.033341993,0.040179406,0.004170906,0.001163791,0.005063669,0.001424157,0.000328824,0.010313073,0.155242643,0.00448514,0.015418827,0.021073931,3.75959E-05,0.026648232,0.016871602,0.076635129,0.000535321,0.001533017,0.023916634,0.000198641,0.00083665,0.000198641,0.021856151,0.07567503,0.117325727,0.001448847,0.017770538,0.00094046,0.040957137,0.000613319,0.000329947,0.002636205,0.004403776,0.001070643,0.174282465,0.009668331,1.96397E-05,0.007460831,0.030555404,0.02171194,0.000411311,0.001171086,0.006537206,0.090320615,0.001114411,5.10632E-05,0.002219283,0.0059699,1.17838E-05,2.80567E-05,0.254251849,0.001966773,0.021716429,0.060287065,0.025180306,0.056177323,0.069126601,0.027369288,0.058202454,0.061291494,0.005932304,0.000606585,2.80567E-05,0.000149262,9.53927E-05,0.059440875,0.017979841,0.00830141,0.003327522,0.000570112,0.000134672,0.00019303,0.000624542,0.000214353,0.003763523,0.002434758,0.00247516,1.23449E-05,0.030391553,0.014727511,0.003906051,0.000107738,0.012455481,0.070610799,0.154527197,0.041654065,0.035025955,0.014026094,0.084569557,0.018329988
2021,0.029171416,8.78034E-05,0.005472891,6.26368E-05,0.013881323,0.001522857,0.049963481,0.106755492,0.004242525,0.01919203,0.308866017,4.1385E-05,0.17563361,0.04127542,0.026620084,0.010151637,0.000164981,6.71109E-05,0.000506687,0.000324369,0.0111281,5.4248E-05,0.006232362,0.030062872,4.69776E-05,0.000166099,0.071860078,0.001313695,0.011033026,0.000666075,0.027922594,0.023749417,0.00128741,0.038652503,0.023928379,0.000604557,0.000274036,9.84293E-05,0.02650264,0.059027362,4.58591E-05,0.000939552,0.000387006,0.013211892,0.001075452,0.021041494,0.138917815,0.020273074,0.050700582,0.024421644,0.018331333,0.000209162,0.001026237,0.009306599,0.028458363,0.003987504,0.008301055,0.01367272,0.011274625,0.000824345,0.070660472,0.000229295,0.011453029,0.037644163,0.159006334,5.36887E-05,0.087223993,0.000847275,8.72441E-05,0.073175451,0.031633266,0.128219224,0.000561494,0.003252081,0.005542798,0.008767475,0.000130866,0.000630283,0.000162744,0.00018791,0.002007733,0.02279812,0.050845429,0.002481424,0.001021204,0.017192685,0.176303041,1.45407E-05,0.002783982,0.000214755,0.030699866,0.015044019,0.005387325,2.57258E-05,0.007629387,0.037717984,0.004939919,0.00163359,0.00020357,0.001192336,0.000739338,0.147664598,0.023991575,0.001366825,0.000132544,1.9574E-05,0.000147085,0.006717238,0.00479619,0.004635124,0.026240908,0.010667831,0.006455506,0.000130866,0.000546394,0.01137641,0.182825658,0.015426551,0.05328435,0.02879168,0.002221929,0.002093859,0.00053465,0.014091045,0.009941916,0.001771727,0.00140765,0.018003049,0.030668547,0.049157591,0.017921398,0.036672733,0.012133645,0.001091111,0.000773453,0.001908745,0.033181849,0.040369982,0.003790645,0.001131377,0.005009826,0.001424428,0.000366313,0.010564928,0.151154922,0.004397999,0.014391925,0.020606391,3.29962E-05,0.026681603,0.016298992,0.075003663,0.00053465,0.001394228,0.022927309,0.000209162,0.000853427,0.000162744,0.022991064,0.075237433,0.112085772,0.00143058,0.016967864,0.000893693,0.04008532,0.000593931,0.000322132,0.002458495,0.004066359,0.000892575,0.169273178,0.009920664,2.1811E-05,0.006519821,0.029325211,0.023583877,0.000393158,0.00114424,0.006548343,0.093803094,0.001010578,5.6485E-05,0.002067015,0.005673105,1.50999E-05,3.24369E-05,0.236751476,0.001853378,0.02219636,0.05971413,0.024976427,0.056806552,0.068133188,0.026722988,0.056795926,0.059393676,0.005763705,0.000535209,2.51666E-05,0.00015044,9.28367E-05,0.059649256,0.016807916,0.007867631,0.003224677,0.00062525,0.000121359,0.000175048,0.000590016,0.000252225,0.004207292,0.002475832,0.002388588,1.34222E-05,0.027825843,0.013765557,0.003824201,0.000110733,0.011604587,0.070515624,0.146464432,0.041780988,0.033671759,0.013700124,0.083537928,0.018538817
2020,0.026889106,8.894E-05,0.004654118,6.09178E-05,0.013086966,0.001418166,0.052328369,0.091047097,0.004008999,0.019460183,0.300696838,3.35048E-05,0.168647814,0.038618823,0.026075854,0.010596647,0.00015595,6.57912E-05,0.000430079,0.000313117,0.010703253,3.89874E-05,0.006602878,0.029376988,4.56883E-05,0.000165696,0.074361719,0.001309123,0.0103944,0.000609787,0.024835568,0.023351002,0.001183632,0.036001796,0.022204529,0.000509273,0.000198592,9.38134E-05,0.025940007,0.056968476,2.37579E-05,0.000903411,0.000347231,0.013087575,0.001027074,0.020354456,0.137418926,0.018413616,0.047643183,0.024409143,0.017666764,0.000195546,0.00091864,0.008425537,0.026839762,0.003668468,0.007992412,0.013652892,0.011076679,0.000784621,0.069924468,0.000249154,0.010479685,0.034970458,0.154347976,4.447E-05,0.085069845,0.000805942,8.71124E-05,0.065165571,0.029896007,0.12150233,0.000586029,0.002894813,0.005563011,0.007854129,0.00011148,0.000597603,0.000138283,0.00016265,0.001797074,0.022238034,0.045316124,0.002140651,0.000953972,0.017577215,0.168133668,5.4826E-06,0.002517122,0.000152904,0.027822366,0.014196887,0.004948351,3.16772E-05,0.006909294,0.035000917,0.004603556,0.001395017,0.000156559,0.001080072,0.000704209,0.145977264,0.024221517,0.001190943,0.000154122,1.46203E-05,0.000144984,0.005973597,0.004463445,0.003590494,0.023424712,0.010608221,0.006089341,0.000141329,0.0005111,0.009648766,0.179333401,0.014282172,0.050978431,0.027160799,0.001990184,0.001783672,0.000500744,0.013901436,0.009125483,0.001790373,0.001127588,0.018530578,0.029174132,0.047022431,0.016983876,0.037131821,0.01233524,0.000944835,0.000737105,0.001757478,0.031544442,0.038832645,0.003362052,0.001075199,0.004729656,0.001513807,0.00034845,0.0107794,0.1461655,0.004043113,0.013100368,0.019315199,2.19304E-05,0.027161408,0.016552578,0.073256061,0.000519629,0.001215919,0.020964852,0.000188236,0.000787667,0.000153513,0.024331778,0.070847372,0.108447041,0.001358466,0.015989088,0.000840056,0.038057771,0.000521456,0.000271693,0.002291727,0.003716593,0.000729186,0.163074447,0.0096311,1.88845E-05,0.005580068,0.028045934,0.024274515,0.000366725,0.001058751,0.006190464,0.096613154,0.000916203,4.08149E-05,0.001931093,0.005285226,1.64478E-05,2.31488E-05,0.224398544,0.001973736,0.021892021,0.056697392,0.024164863,0.056972131,0.066022075,0.025734105,0.053745316,0.058175866,0.005382085,0.000457492,2.01029E-05,0.000157168,9.9296E-05,0.060300678,0.015787451,0.007498369,0.002882629,0.000537295,0.000108434,0.000197983,0.000470285,0.00020712,0.004017527,0.002285635,0.002117502,1.46203E-05,0.025974121,0.012896902,0.00371903,8.46757E-05,0.010521718,0.07051598,0.141782466,0.040811863,0.031630336,0.01300229,0.081715103,0.018207714
2019,0.026040712,0.000105728,0.004308753,6.06172E-05,0.012606961,0.001349789,0.055896782,0.079674218,0.004066284,0.018768062,0.307670891,3.52425E-05,0.168409998,0.038208551,0.026755431,0.011865458,0.000183261,5.2159E-05,0.0003778,0.000313659,0.010853292,5.56832E-05,0.007539789,0.03030224,3.80619E-05,0.000184671,0.07650098,0.001335692,0.0103458,0.000529343,0.023133908,0.024048804,0.001074897,0.035214345,0.020844552,0.000456743,0.000181147,9.16306E-05,0.026513667,0.057454502,2.04407E-05,0.000881768,0.000374276,0.013610669,0.001077717,0.020774772,0.140201869,0.01761986,0.046471517,0.024656385,0.017965942,0.000208636,0.000827495,0.008035299,0.026938692,0.003511567,0.007672301,0.013548642,0.01093717,0.000745732,0.071341472,0.000223438,0.009996899,0.032896091,0.153395971,4.44056E-05,0.0885934,0.000644234,7.18948E-05,0.061192326,0.029540296,0.121744647,0.000615335,0.002813764,0.005819953,0.007530626,7.89433E-05,0.000503968,0.000107137,0.000152953,0.001611289,0.022117513,0.041391657,0.001832612,0.000893046,0.018860397,0.165732269,7.04851E-06,0.00224495,0.000173393,0.025907495,0.014108293,0.004970608,3.17183E-05,0.006462777,0.033710194,0.00439404,0.001291287,0.000151543,0.000981857,0.000652692,0.150251632,0.02491718,0.001053047,0.000151543,1.12776E-05,0.000138151,0.005485149,0.004458181,0.003028039,0.022267646,0.010830032,0.005936958,0.000131102,0.000452514,0.007513709,0.186101752,0.014153404,0.050265729,0.025898332,0.001844594,0.001496398,0.000527228,0.014114637,0.008814864,0.001893229,0.00103754,0.019094408,0.028204604,0.046360151,0.016960824,0.038624413,0.013020709,0.000888112,0.00070908,0.00153728,0.031329208,0.036908806,0.003012532,0.001081241,0.004548402,0.001528821,0.000343262,0.011530654,0.142735103,0.003672273,0.012301761,0.01887238,2.04407E-05,0.028196851,0.017111662,0.074515415,0.000503968,0.0012497,0.020346928,0.000154362,0.000752076,0.000163525,0.026440363,0.068273257,0.108738035,0.001239833,0.015894385,0.000646348,0.035497695,0.00051877,0.000300971,0.002218165,0.003455883,0.000575863,0.163290666,0.009797426,1.55067E-05,0.005271579,0.028023457,0.025758067,0.000342557,0.001000183,0.005932024,0.102970946,0.000832429,3.73571E-05,0.00191508,0.005122151,1.19825E-05,3.45377E-05,0.221134246,0.002055345,0.020477325,0.055422417,0.02423277,0.058828256,0.065265658,0.026488292,0.052538168,0.05890579,0.005616251,0.000401765,1.97358E-05,0.000148019,0.000123349,0.059049579,0.01509438,0.007154235,0.002779931,0.000456743,0.000100089,0.000168459,0.000385553,0.000192424,0.002738345,0.002249179,0.001905212,1.26873E-05,0.025280883,0.012652776,0.003828749,9.445E-05,0.009619803,0.071930022,0.141248573,0.040774913,0.030242328,0.012663349,0.07997378,0.017693164
2018,0.024815326,8.87768E-05,0.003976459,7.91593E-05,0.011933817,0.00133683,0.056138728,0.071297361,0.003861789,0.019162465,0.302224228,2.44136E-05,0.165856455,0.036880088,0.027157553,0.012477575,0.000179033,5.54855E-05,0.000371383,0.000295923,0.010357289,4.06894E-05,0.007594852,0.029573021,3.99495E-05,0.000183472,0.075898217,0.001305018,0.010351371,0.000494191,0.021727374,0.023659008,0.001103791,0.034233801,0.019683289,0.000465338,0.000136124,7.17612E-05,0.026493207,0.056390263,1.47961E-05,0.000863354,0.000370643,0.014052622,0.001114888,0.020639119,0.138513211,0.016337884,0.045484777,0.024659966,0.017591856,0.000214544,0.000823405,0.007945521,0.026457696,0.003585102,0.007745773,0.013724148,0.010836684,0.000784935,0.07049985,0.000224901,0.009098139,0.032319182,0.150011282,4.51282E-05,0.089765148,0.000600723,7.47204E-05,0.056893331,0.028563925,0.11975468,0.00057335,0.002695854,0.005757173,0.007191658,6.5103E-05,0.000424649,8.43379E-05,0.000145002,0.00156617,0.021796916,0.039308873,0.001737805,0.000857436,0.019790561,0.161112817,4.43884E-06,0.002155056,0.000150921,0.024273788,0.013696036,0.00477693,1.99748E-05,0.006106362,0.032244462,0.004310852,0.001137082,0.00015314,0.001023152,0.000718352,0.148608609,0.025414569,0.00102981,0.000132425,1.55359E-05,0.000146482,0.005217115,0.004342664,0.002547893,0.020974251,0.010577012,0.005709086,0.000140563,0.000480874,0.00657392,0.185802376,0.014190226,0.047286205,0.024642211,0.001772576,0.001392316,0.000503808,0.014159155,0.008390144,0.001939772,0.000924018,0.019305248,0.028029045,0.044281112,0.016555387,0.038675599,0.012422089,0.00083894,0.000680622,0.001470735,0.031436593,0.036435465,0.002849734,0.001098612,0.004477308,0.00152696,0.000349928,0.011762182,0.138383745,0.003459335,0.010807092,0.018433756,2.2934E-05,0.028771071,0.016968939,0.073179429,0.000543018,0.001206624,0.020113116,0.000176074,0.000845599,0.000164977,0.027573324,0.066169024,0.106477375,0.001174073,0.015490806,0.000625136,0.034278189,0.000478655,0.00026707,0.002010054,0.003187826,0.000531921,0.16262868,0.009801695,1.55359E-05,0.004957443,0.027575543,0.025711971,0.000340311,0.000914401,0.005800082,0.10668748,0.00080269,3.10719E-05,0.001735586,0.004908615,1.18369E-05,2.36738E-05,0.212816406,0.001993038,0.020269955,0.054349877,0.023940135,0.059104612,0.06335628,0.026618234,0.05020844,0.057343873,0.005634365,0.000434266,1.99748E-05,0.000181992,0.000118369,0.059274768,0.014707351,0.006927547,0.002871928,0.000402455,8.95166E-05,0.000134645,0.000375822,0.000186431,0.002722488,0.002161714,0.001645329,6.65826E-06,0.024088096,0.0121528,0.003633929,0.000102093,0.008938341,0.071727929,0.13699069,0.040538431,0.028835434,0.012353287,0.077849087,0.017383971
2017,0.022897486,8.58646E-05,0.003676079,8.66313E-05,0.011741219,0.001315569,0.055998295,0.064600856,0.003693712,0.019180008,0.296474414,2.98993E-05,0.164182343,0.035505785,0.027460577,0.013082854,0.000183229,4.59989E-05,0.000351892,0.00028826,0.009699635,3.67991E-05,0.007444922,0.027333313,3.37325E-05,0.000201629,0.076486205,0.001350834,0.009907397,0.000442356,0.020407412,0.023217178,0.001051075,0.032159365,0.018932381,0.00040249,0.000124964,6.59318E-05,0.026130442,0.056136292,1.91662E-05,0.000850213,0.000384091,0.014557885,0.001057208,0.019728162,0.136110747,0.015169671,0.04448247,0.024643911,0.017080925,0.000202395,0.000833347,0.007684116,0.025041035,0.00349515,0.007615118,0.013564309,0.010647979,0.00071605,0.067276459,0.000223095,0.008517463,0.032098033,0.146491932,3.83324E-05,0.090110313,0.000540487,7.35982E-05,0.052526911,0.027659139,0.116910039,0.000611785,0.002645703,0.005682398,0.006739606,5.90319E-05,0.000412457,8.5098E-05,0.00013953,0.001433632,0.021630983,0.036891118,0.001590795,0.000867079,0.020436545,0.157257975,9.19978E-06,0.001954187,0.000124964,0.023276977,0.013901634,0.004688821,1.45663E-05,0.005792028,0.030515671,0.004186667,0.001027309,0.000159463,0.000988976,0.000673884,0.145228496,0.025696519,0.000959844,0.000147963,9.19978E-06,0.000147196,0.004711821,0.004338463,0.002099083,0.020119152,0.010488516,0.005657865,0.000133397,0.000495255,0.005624132,0.185646196,0.013613375,0.044436471,0.023954694,0.001609962,0.001271103,0.000465356,0.013953,0.00793711,0.001928887,0.000842547,0.019203774,0.027477443,0.042926941,0.015146671,0.038385316,0.012012613,0.000717583,0.000687684,0.001422133,0.031457881,0.035985707,0.002478574,0.001020409,0.004330796,0.001567796,0.000352658,0.012048645,0.13293529,0.003180824,0.009742567,0.017728743,1.91662E-05,0.028688748,0.016955961,0.071614922,0.000471489,0.001133873,0.019839326,0.000174029,0.00070915,0.000158696,0.028369822,0.062634403,0.103072037,0.001054908,0.014711215,0.000579586,0.033574598,0.000450023,0.00026526,0.001862955,0.002963096,0.00040019,0.161228447,0.009665136,1.68663E-05,0.004291697,0.027384679,0.026745294,0.000323526,0.000843313,0.005652498,0.109688978,0.000712216,3.37325E-05,0.001736458,0.00447416,6.89984E-06,1.91662E-05,0.205694051,0.00195342,0.020159018,0.052966201,0.023668734,0.059489612,0.061820222,0.026153442,0.04854724,0.055533706,0.005682398,0.000331192,1.83996E-05,0.000162529,0.00014643,0.058834894,0.01437619,0.006610809,0.002874931,0.000419357,8.89312E-05,0.000134163,0.000346525,0.000180929,0.002685569,0.002063051,0.001468898,1.07331E-05,0.022363899,0.011712853,0.003358686,8.5098E-05,0.008457665,0.071766718,0.131401993,0.039819715,0.027669872,0.011694454,0.074965175,0.016739
2016,0.02104016,9.25783E-05,0.003395833,7.3907E-05,0.01089156,0.001288316,0.055413922,0.058488454,0.003475186,0.018877407,0.293305036,2.5673E-05,0.159633701,0.033914761,0.027133209,0.013896074,0.000200716,3.65645E-05,0.000297184,0.000249728,0.009178473,3.26747E-05,0.007334688,0.025227186,3.11187E-05,0.000161039,0.07703289,0.001319435,0.009424311,0.000403766,0.019314625,0.023426967,0.001012137,0.030906357,0.017684003,0.000370313,9.958E-05,6.61273E-05,0.026163082,0.055073172,1.40034E-05,0.000887662,0.000360199,0.014673265,0.001026918,0.018866515,0.133321249,0.014411867,0.042936084,0.024506009,0.016307777,0.000217053,0.00078497,0.007598419,0.024201824,0.003496969,0.007575858,0.013616784,0.0103781,0.000665941,0.064498261,0.000217053,0.007727562,0.031297675,0.142108404,3.50086E-05,0.09016111,0.000513459,4.9012E-05,0.048317293,0.026414366,0.111837647,0.000662829,0.002484054,0.005789642,0.006244754,4.979E-05,0.000383538,7.62409E-05,0.000134589,0.001264977,0.021544283,0.034271849,0.001601837,0.000845652,0.020788098,0.151277541,1.47814E-05,0.001843785,0.000112027,0.021918486,0.013720253,0.004579901,1.55594E-05,0.005390544,0.028569339,0.004032989,0.001011359,0.000160262,0.000976351,0.000739848,0.141419902,0.025150945,0.000861211,0.000152482,1.47814E-05,0.000131477,0.004274937,0.004148128,0.001725534,0.018959094,0.010415443,0.005390544,0.000133811,0.000469115,0.005048238,0.182341047,0.01341918,0.041133531,0.023142231,0.001531042,0.001168509,0.000483118,0.013686023,0.007185318,0.00104948,0.000720399,0.018673579,0.026256439,0.042084987,0.014435984,0.036863262,0.011514713,0.000637156,0.000616151,0.001292984,0.030931252,0.035259091,0.002143303,0.001025363,0.00420103,0.0015855,0.000331415,0.011906809,0.125351739,0.002902601,0.008440959,0.017277126,3.03408E-05,0.027981973,0.017242895,0.069765886,0.000508013,0.000940564,0.019702054,0.000178155,0.000706395,0.000134589,0.02815546,0.059404123,0.1001829,0.001029252,0.013906188,0.000567917,0.032164332,0.000412323,0.00025673,0.001659407,0.002690993,0.000318967,0.15947733,0.009108456,1.16695E-05,0.003850944,0.027286469,0.026537285,0.000307298,0.000810643,0.005578812,0.110024203,0.000629377,3.57866E-05,0.001597947,0.004190917,1.32255E-05,2.64509E-05,0.200219543,0.001879572,0.01999846,0.050808348,0.023006086,0.059429796,0.059933919,0.026043275,0.04625801,0.054012023,0.005568699,0.000316633,1.94492E-05,0.000162595,0.000136144,0.058864991,0.014545678,0.006420574,0.0027649,0.000412323,8.71325E-05,9.64681E-05,0.000283181,0.000186712,0.002532288,0.001949589,0.001309321,8.55765E-06,0.021003595,0.011280544,0.003209898,8.09087E-05,0.007897159,0.072604693,0.128132199,0.038468211,0.026604969,0.011500709,0.073446455,0.016136624
2015,0.019859059,7.94839E-05,0.002982237,9.14065E-05,0.010172353,0.001315459,0.054727068,0.053588063,0.003233406,0.01889015,0.29319554,4.4511E-05,0.157482299,0.033170232,0.027185093,0.014255442,0.000182018,3.9742E-05,0.000291706,0.000224145,0.008755949,2.78194E-05,0.007753657,0.024738577,2.30503E-05,0.000158968,0.078723266,0.001352816,0.009067526,0.000399009,0.017926805,0.023646468,0.000956192,0.029757193,0.016982536,0.000345755,9.61756E-05,5.96129E-05,0.026376741,0.054226319,1.58968E-05,0.000931552,0.000368011,0.015137714,0.000983216,0.018426759,0.132874075,0.013954198,0.041743369,0.024152781,0.015913477,0.000187582,0.000762251,0.007519974,0.023832461,0.003312095,0.007611381,0.013582213,0.009960926,0.000646999,0.063797774,0.000224145,0.007393595,0.030831815,0.139419577,2.86142E-05,0.090490861,0.000490416,6.35871E-05,0.045732667,0.025298939,0.110429404,0.000608847,0.002197731,0.005598053,0.005870683,3.73574E-05,0.000350524,6.35871E-05,0.000130354,0.001166824,0.021579091,0.03155194,0.001485555,0.000809146,0.021275463,0.14709375,1.43071E-05,0.00170811,8.02788E-05,0.020698409,0.013619571,0.004442357,1.9871E-05,0.004987616,0.027127069,0.003967838,0.000914065,0.000125585,0.000896579,0.000718535,0.141243733,0.024775935,0.000795634,0.000165327,1.82813E-05,0.000135123,0.003834305,0.003986119,0.001430711,0.018322635,0.010561824,0.005199838,0.000115252,0.000433982,0.004331874,0.183068175,0.012848577,0.038583088,0.022427185,0.001499862,0.001033291,0.000452264,0.013201485,0.006581269,0.000850478,0.000662896,0.018245535,0.025171765,0.041433381,0.013858023,0.036440201,0.011166697,0.000588976,0.00059136,0.001204976,0.029847009,0.034323544,0.001859129,0.000969704,0.004024271,0.001631805,0.00037119,0.012075198,0.12088154,0.002666686,0.00741903,0.01683708,3.49729E-05,0.028545063,0.017419697,0.06866378,0.000468955,0.000967319,0.019445743,0.00017089,0.000669255,0.000130354,0.028876511,0.057322218,0.09835818,0.000898963,0.013167307,0.000550029,0.031013039,0.00032032,0.000232093,0.001422762,0.002479899,0.000278194,0.159280225,0.008787743,1.66916E-05,0.003428142,0.027435467,0.026648576,0.000313962,0.000739201,0.005342115,0.113035682,0.000612821,2.22555E-05,0.001546757,0.003947967,5.56387E-06,2.78194E-05,0.195598021,0.001851975,0.019963978,0.049354749,0.022698225,0.059733761,0.058783133,0.025751203,0.044262214,0.053918717,0.005421599,0.000250374,1.51019E-05,0.00017407,0.000148635,0.059434901,0.014660015,0.00598196,0.00262138,0.000393445,6.27923E-05,0.000112867,0.00024481,0.000169301,0.002277215,0.001856745,0.001186695,6.35871E-06,0.019790703,0.010746227,0.003058542,8.10736E-05,0.007413466,0.074299985,0.12647085,0.037679355,0.025484137,0.010957654,0.073004397,0.015702845
2014,0.018402898,8.45958E-05,0.002901967,6.38615E-05,0.00958835,0.001204246,0.054092362,0.048416151,0.003183123,0.019279543,0.29211584,3.64923E-05,0.155334427,0.031700193,0.027410689,0.015088734,0.000204025,4.06391E-05,0.000271204,0.000235541,0.008564907,2.40517E-05,0.007679969,0.024328749,2.73692E-05,0.000164215,0.07892371,0.001307088,0.008948906,0.000388975,0.016982187,0.022742993,0.0009347,0.028942536,0.016316202,0.000299403,8.45958E-05,6.63496E-05,0.026320897,0.053688459,1.65874E-05,0.000884938,0.000358288,0.015626996,0.000978657,0.018019729,0.133171993,0.013565181,0.040632511,0.024245812,0.015720715,0.000232224,0.000700818,0.007684945,0.023123674,0.003204687,0.007461845,0.013613285,0.00978574,0.00063198,0.062290688,0.000229736,0.007097751,0.03096537,0.1376282,3.23454E-05,0.091400757,0.000427955,6.80084E-05,0.043762555,0.024773292,0.10884905,0.000622028,0.00213314,0.005623131,0.00558498,3.23454E-05,0.000311843,6.13734E-05,0.000122747,0.001088963,0.021116598,0.029860649,0.00139666,0.000720723,0.022222978,0.144420743,1.16112E-05,0.00158078,6.7179E-05,0.019566505,0.013512101,0.004273745,1.24406E-05,0.004669355,0.02589543,0.003870671,0.000933042,0.000123576,0.000860886,0.000739798,0.139677574,0.02476251,0.000805319,0.000166703,1.74168E-05,0.000113624,0.003392125,0.003826715,0.001153654,0.017106592,0.0103522,0.005039254,0.000131041,0.000442054,0.003928727,0.183392854,0.012611405,0.036681391,0.022110184,0.001447251,0.000947141,0.000419661,0.013122297,0.006278333,0.0008161,0.000572266,0.018486665,0.024725188,0.040942695,0.013794087,0.035413284,0.011396378,0.000537432,0.000591341,0.001200928,0.030130195,0.033606086,0.001631371,0.000939677,0.003894723,0.001566681,0.000294426,0.012660338,0.117785515,0.002454936,0.006600958,0.01677982,2.48811E-05,0.028662209,0.017189529,0.067219636,0.000420491,0.000831858,0.019208217,0.00014514,0.000604611,0.000123576,0.029351416,0.055764373,0.096890359,0.000860057,0.012584865,0.00050011,0.029616814,0.000308526,0.000247982,0.001348556,0.002303161,0.000240517,0.159208416,0.008649503,1.24406E-05,0.003222104,0.027025032,0.02642208,0.000298573,0.000696671,0.005144584,0.115227737,0.000555678,3.64923E-05,0.001450569,0.003640936,9.95244E-06,2.48811E-05,0.19148585,0.001717626,0.019923963,0.048134995,0.02231255,0.0604047,0.058038506,0.025480745,0.042874299,0.052588714,0.005517801,0.000228077,1.16112E-05,0.00015758,0.000126894,0.058993941,0.014679855,0.005666258,0.002692136,0.00042132,7.21552E-05,8.54251E-05,0.000241347,0.000128552,0.002124017,0.001788952,0.00108067,8.2937E-06,0.019057271,0.010605158,0.002952558,8.79133E-05,0.007115168,0.075879091,0.124519173,0.037293466,0.025314041,0.01039201,0.071865768,0.015801993
2013,0.016939485,8.0863E-05,0.002709344,5.99951E-05,0.009061868,0.001274678,0.051974882,0.044217255,0.003106703,0.019470582,0.292373493,2.78238E-05,0.152492753,0.029970594,0.027971627,0.015701325,0.000194767,3.21713E-05,0.000246936,0.000232155,0.008020214,2.78238E-05,0.007593292,0.023889352,2.34763E-05,0.000166073,0.078290992,0.001274678,0.008462787,0.00034345,0.015923916,0.022387735,0.000907752,0.027703822,0.015665676,0.00030867,6.95595E-05,4.86917E-05,0.026128299,0.053027839,1.39119E-05,0.000886015,0.000364318,0.015724802,0.000947749,0.01754987,0.132430045,0.01304676,0.039511553,0.024142374,0.015317878,0.000217374,0.000694726,0.007424611,0.022734663,0.003098008,0.007449826,0.013642363,0.009567044,0.000615602,0.061429761,0.000226938,0.006786402,0.030611411,0.134114255,2.08679E-05,0.092267241,0.000374752,6.78205E-05,0.040854921,0.024188458,0.10753208,0.000661685,0.002078961,0.005756921,0.005382169,2.60848E-05,0.00029302,5.47781E-05,0.000100861,0.000953835,0.020793083,0.027769035,0.001296416,0.000643426,0.023219841,0.14031114,6.08646E-06,0.001549439,6.52121E-05,0.018124605,0.013190226,0.00407358,6.08646E-06,0.004419639,0.024691025,0.003625791,0.000890362,0.000122599,0.000777328,0.000703421,0.137383553,0.024704068,0.00072168,0.000152161,1.04339E-05,0.000124338,0.003151047,0.003762301,0.000977311,0.016358663,0.010186124,0.004819606,0.000121729,0.000445181,0.003449283,0.185720472,0.012466807,0.034764984,0.020683527,0.001272939,0.000949488,0.000418227,0.01314849,0.005849087,0.000852104,0.000450398,0.018190687,0.02402934,0.04040974,0.013120667,0.034375451,0.011942502,0.000398228,0.000527783,0.001120778,0.029276737,0.03265907,0.001469445,0.000863408,0.003795342,0.001604217,0.000318235,0.012957202,0.113064671,0.002283292,0.005944731,0.016303885,2.95628E-05,0.028265516,0.016815147,0.066017213,0.000408662,0.000718202,0.019665349,0.000126077,0.000626036,0.000145206,0.029711484,0.05271743,0.094969629,0.000784284,0.012124226,0.000501698,0.028969806,0.000304323,0.000185202,0.001223378,0.002159823,0.00018868,0.157596683,0.008402791,1.21729E-05,0.002894546,0.026840415,0.026993446,0.000276499,0.000649512,0.00484656,0.117803414,0.000499959,3.39103E-05,0.00139293,0.003411026,1.13034E-05,3.04323E-05,0.185266596,0.00168421,0.019787948,0.046637927,0.021766916,0.06021247,0.055982381,0.025132728,0.040845357,0.051048001,0.005331738,0.000180855,1.47814E-05,0.000139119,0.00011999,0.05900909,0.014293614,0.005636061,0.002682389,0.000408662,6.52121E-05,7.82545E-05,0.00018955,0.000127816,0.001866804,0.001711164,0.000989484,7.82545E-06,0.017895059,0.010165256,0.002645001,7.7385E-05,0.006884655,0.076377235,0.121791784,0.036202258,0.024284971,0.010093088,0.06971778,0.01524658
2012,0.015691181,7.79606E-05,0.002546102,6.9706E-05,0.008465607,0.001277637,0.050247915,0.039526953,0.002941408,0.019018723,0.289425604,3.02671E-05,0.14776198,0.027810847,0.028146537,0.016209389,0.00018894,2.65983E-05,0.000221041,0.000226544,0.007812572,3.66874E-05,0.007791476,0.022676452,2.10952E-05,0.000147667,0.077015924,0.001232695,0.008163853,0.000363205,0.015022554,0.021580418,0.00086307,0.026033345,0.015016133,0.00034211,6.9706E-05,5.59482E-05,0.025628867,0.052330839,6.42029E-06,0.000796116,0.000359536,0.016532238,0.000954788,0.017172432,0.131352644,0.012635124,0.038539146,0.023911899,0.014963854,0.00023113,0.000676882,0.007505315,0.022360941,0.003170704,0.007411762,0.013732076,0.009308498,0.000646615,0.059878345,0.00023113,0.006441382,0.030622016,0.130877543,3.30186E-05,0.092564941,0.00040723,5.77826E-05,0.038578585,0.023261616,0.106994994,0.000677799,0.001923334,0.005760831,0.005024333,2.38468E-05,0.000276072,7.15403E-05,0.000106393,0.000897923,0.020101917,0.025826062,0.001210683,0.000704397,0.023854116,0.135010373,1.0089E-05,0.001441813,6.51201E-05,0.016833074,0.012554412,0.00371276,8.25465E-06,0.004016348,0.023578961,0.003532992,0.000775937,0.000103642,0.000837389,0.000721824,0.133740991,0.024269601,0.000736499,0.000167845,1.19234E-05,0.000120151,0.002749717,0.003745779,0.000842892,0.015180309,0.009720314,0.004626275,0.000146749,0.000477853,0.003012032,0.18769708,0.011911466,0.032999356,0.019741464,0.00124737,0.000864904,0.000393472,0.012905693,0.005514109,0.000826383,0.000397141,0.017933695,0.023667011,0.039942438,0.012753441,0.033023203,0.011820665,0.000386134,0.000496196,0.00105201,0.028561104,0.031663937,0.001251039,0.000855732,0.003838414,0.001596817,0.00034211,0.013115728,0.109025639,0.002159051,0.005249043,0.015662748,3.39358E-05,0.028312547,0.016450609,0.063404916,0.000434745,0.000600755,0.018943514,0.000138495,0.000609927,0.00013666,0.030169844,0.049425201,0.092729117,0.000759428,0.011295119,0.000484273,0.02771546,0.000233882,0.000188023,0.001131805,0.002085676,0.000151335,0.154615177,0.007813489,1.28406E-05,0.002613057,0.0256573,0.026232374,0.000287079,0.000572323,0.004721662,0.118687253,0.000503534,3.57702E-05,0.001295064,0.003199137,1.10062E-05,2.29296E-05,0.178614209,0.001509685,0.019229676,0.044948427,0.021119074,0.06006545,0.054362401,0.024745619,0.03891886,0.049064748,0.005436148,0.000184354,9.17184E-06,0.000141246,0.000124737,0.059080395,0.013795362,0.0054389,0.002550688,0.000445751,5.5031E-05,7.9795E-05,0.000185271,0.000155004,0.001842622,0.00166744,0.000872242,3.66874E-06,0.017399894,0.009899165,0.002526841,7.24575E-05,0.006449637,0.077195692,0.120067615,0.034354037,0.023217591,0.009546966,0.067443277,0.014971191
2011,0.014679097,9.20995E-05,0.002413204,6.95645E-05,0.00796171,0.001227667,0.048092609,0.035794383,0.002934448,0.018988179,0.284935359,2.74339E-05,0.142805214,0.025784928,0.02806978,0.016177184,0.000193997,1.76361E-05,0.000210653,0.000192037,0.007348366,1.86159E-05,0.00809692,0.02159342,2.05754E-05,0.000129331,0.075020943,0.001284494,0.00787353,0.000345863,0.013749284,0.020582285,0.000836734,0.024423031,0.014553685,0.00031353,6.7605E-05,5.58476E-05,0.024941336,0.050963371,6.85848E-06,0.000858289,0.000330187,0.016725862,0.000969005,0.016627884,0.129656537,0.01196804,0.037850946,0.023879252,0.014538008,0.000207714,0.000690746,0.007391477,0.021602238,0.003118647,0.007312115,0.013627791,0.009013996,0.000622162,0.058129498,0.000204774,0.006281384,0.029894135,0.126757362,1.27372E-05,0.092810848,0.000329207,7.6423E-05,0.036205891,0.022416437,0.103923538,0.000662333,0.001824354,0.006493996,0.004780357,2.05754E-05,0.000241026,8.23017E-05,9.79782E-05,0.000776967,0.019403607,0.023580418,0.001150264,0.000634899,0.02411146,0.130586351,1.76361E-05,0.001432442,6.07465E-05,0.015633405,0.012105209,0.003528196,2.93935E-06,0.003682021,0.022253793,0.00314804,0.000741695,0.000122473,0.000790684,0.000712302,0.130836195,0.023326654,0.000671151,0.000162644,1.95956E-05,0.000146967,0.002269176,0.003558569,0.000700544,0.014107884,0.009514665,0.004376687,0.000105816,0.00045168,0.002659129,0.183944309,0.011612379,0.031106125,0.018564913,0.001211011,0.000791664,0.000438942,0.012475567,0.005234976,0.000784806,0.000321369,0.017394073,0.023207121,0.039018846,0.011943545,0.031807649,0.011750528,0.000347823,0.000430124,0.001028771,0.027773886,0.030637789,0.001153204,0.000911197,0.003770202,0.00157353,0.000311571,0.013518055,0.104610365,0.001970342,0.004376687,0.015509952,2.64541E-05,0.02816188,0.0159244,0.060327149,0.000387014,0.000515365,0.018431663,0.000124432,0.000589829,0.000115614,0.03032132,0.047634071,0.091069775,0.000744634,0.010726655,0.000444821,0.026418847,0.00022535,0.000176361,0.001021913,0.001958585,0.000142068,0.149981139,0.007501212,1.56765E-05,0.002348538,0.024758116,0.025492953,0.000247885,0.000508507,0.004516796,0.119693132,0.000484012,3.91913E-05,0.00121591,0.002965801,1.07776E-05,3.23328E-05,0.171463844,0.001490249,0.019655411,0.043060448,0.020534275,0.059175905,0.052134211,0.024368163,0.037393387,0.047032485,0.00535353,0.000143048,8.81804E-06,0.000129331,0.000111695,0.059071069,0.013060497,0.005131119,0.00242986,0.00044874,5.48678E-05,8.72006E-05,0.000153826,0.000124432,0.001713639,0.001595085,0.000804401,4.89891E-06,0.016873809,0.009595987,0.002504323,7.25039E-05,0.006141275,0.077081425,0.115737751,0.033312595,0.021950061,0.008889564,0.065968735,0.014780014
2010,0.013627882,7.32339E-05,0.002216123,8.49089E-05,0.007637558,0.001163252,0.045901765,0.032512689,0.002820038,0.01891134,0.281045356,2.335E-05,0.138073586,0.024080171,0.028588835,0.016771635,0.000177247,2.44113E-05,0.000222886,0.00021864,0.006865948,2.6534E-05,0.008023893,0.019942984,1.59204E-05,0.000130547,0.073510963,0.001244977,0.007417856,0.000350249,0.012836107,0.01986975,0.000769487,0.022735426,0.013997236,0.000278077,5.51908E-05,5.62522E-05,0.024921831,0.049898852,4.24545E-06,0.000895789,0.000308856,0.016965864,0.000929753,0.016546627,0.129089161,0.011667548,0.036717803,0.023600436,0.014216938,0.000203781,0.000665474,0.007084588,0.020913068,0.002995162,0.007339315,0.013557833,0.008564126,0.000550847,0.057162811,0.000216518,0.005878882,0.030023796,0.122238072,1.06136E-05,0.0918895,0.000304611,5.30681E-05,0.03357405,0.021806735,0.100880293,0.000646369,0.00179264,0.006810757,0.004565977,1.27363E-05,0.000225009,7.32339E-05,9.44612E-05,0.000700499,0.018625834,0.021769587,0.001190848,0.000601792,0.024847535,0.126176785,7.42953E-06,0.001308659,6.04976E-05,0.014749742,0.011765193,0.003129955,2.12272E-06,0.003311448,0.021095622,0.003056721,0.000747199,0.000110382,0.000733401,0.000652737,0.127536389,0.022684481,0.000648492,0.000167695,1.37977E-05,0.000120995,0.002184282,0.003510984,0.000508392,0.013031397,0.009216864,0.004112776,0.000117811,0.000464876,0.00234667,0.182167852,0.01120161,0.029971789,0.017823445,0.001081527,0.000712174,0.000362986,0.012307549,0.00485679,0.000796021,0.000306733,0.016816213,0.02267599,0.038557143,0.01138098,0.030444095,0.01178642,0.000315224,0.000431974,0.000939305,0.027304587,0.029810462,0.001033766,0.000825739,0.003747668,0.001617515,0.000282322,0.01386775,0.100516246,0.001696056,0.003832577,0.0150915,2.44113E-05,0.027707905,0.015597769,0.058737871,0.000411808,0.000533865,0.017915783,0.000111443,0.000590117,0.000104013,0.030333713,0.044373404,0.089271121,0.000713235,0.010113714,0.000418176,0.025729527,0.000216518,0.000188922,0.000915955,0.001749124,0.000122057,0.146827696,0.007142963,2.01659E-05,0.002209755,0.02365881,0.025042826,0.000223947,0.000527497,0.004356889,0.120169478,0.00045214,2.97181E-05,0.001191909,0.002751049,1.1675E-05,3.60863E-05,0.164206431,0.001407365,0.019379401,0.040752038,0.019536482,0.058585035,0.049792716,0.023623786,0.035501483,0.045683124,0.005349262,0.000122057,1.48591E-05,0.000117811,0.000128425,0.058929978,0.012663105,0.005134867,0.002413536,0.00045957,4.66999E-05,7.74794E-05,0.000148591,0.000120995,0.001565508,0.001455127,0.000715358,5.30681E-06,0.015920423,0.008991855,0.0022607,6.79271E-05,0.005938318,0.076788447,0.1137631,0.031592488,0.02057131,0.008045121,0.06407652,0.014575678
2009,0.012615033,0.000100264,0.002045158,7.17799E-05,0.0071609,0.001138224,0.04351799,0.028959203,0.002605724,0.018821146,0.277638965,3.19022E-05,0.13393674,0.022543447,0.028202665,0.016618756,0.000134445,1.82298E-05,0.000218758,0.000180019,0.006500069,1.59511E-05,0.007685007,0.020239654,2.16479E-05,0.000121912,0.072546694,0.001206586,0.007122161,0.000333834,0.011839126,0.01931563,0.000750841,0.021401805,0.013202945,0.000282562,4.10171E-05,5.24107E-05,0.024669499,0.04883426,5.69682E-06,0.001040239,0.000337252,0.016660913,0.000878449,0.016036542,0.128480328,0.011387938,0.035627898,0.023345559,0.013740724,0.000202807,0.00060842,0.007086841,0.020413976,0.002850688,0.00717913,0.013410309,0.008059858,0.000502459,0.054729327,0.000234709,0.005514519,0.029072,0.117033143,2.27873E-05,0.091131992,0.000289398,6.03863E-05,0.031217421,0.020859467,0.097013386,0.000657413,0.001729554,0.00692847,0.004123357,2.27873E-06,0.000199389,7.17799E-05,9.11491E-05,0.000652855,0.018050936,0.019844295,0.001162151,0.000551452,0.024691147,0.121104089,1.13936E-05,0.001182659,6.95012E-05,0.01374756,0.011029039,0.002913353,5.69682E-06,0.003053494,0.019401082,0.002735612,0.000712102,0.0001071,0.000672224,0.000650577,0.124578008,0.021799442,0.00055487,0.000167486,9.11491E-06,0.000101403,0.001967681,0.003320105,0.000460303,0.012252715,0.008891593,0.003770154,0.000132166,0.000440934,0.001997304,0.180153882,0.010793191,0.028286978,0.016675725,0.000977574,0.000632347,0.000356621,0.012236764,0.004462887,0.000706405,0.00026889,0.016143642,0.021650186,0.037412141,0.010604056,0.029116435,0.01158163,0.000256357,0.000386244,0.000880728,0.026444628,0.028937555,0.000832875,0.000804391,0.003469362,0.0015746,0.000256357,0.013511712,0.094187765,0.001364958,0.003374795,0.014559927,2.73447E-05,0.02679783,0.015551173,0.056720935,0.000365736,0.000485369,0.017319465,0.000110518,0.000612978,0.00012533,0.030277446,0.042197468,0.08676709,0.000653995,0.009340502,0.000420425,0.024645572,0.000165208,0.000151535,0.000861359,0.001637265,0.000118494,0.142622108,0.007080005,1.59511E-05,0.001859441,0.023006028,0.02332619,0.000222176,0.000458024,0.004032208,0.121091556,0.00042954,3.41809E-05,0.001168987,0.002486091,1.93692E-05,3.64596E-05,0.15414791,0.00134331,0.018843933,0.039158785,0.018998887,0.058445931,0.047882892,0.023065275,0.033651102,0.044223256,0.005170432,0.000105961,5.69682E-06,0.000113936,9.11491E-05,0.058988268,0.012473752,0.004735195,0.002392663,0.000454606,3.7599E-05,6.03863E-05,0.000133306,0.000111658,0.001354703,0.001331916,0.000631207,4.55745E-06,0.015202528,0.008452938,0.002131749,5.92469E-05,0.005612505,0.077066549,0.110177593,0.030369735,0.01956629,0.007610948,0.062478138,0.014361677
2008,0.011997783,8.59971E-05,0.001913434,6.44978E-05,0.006652828,0.001132295,0.041400414,0.026530091,0.00245211,0.018819022,0.272603489,2.03049E-05,0.130126678,0.020835175,0.028930842,0.016831534,0.000150495,2.86657E-05,0.000186327,0.000169605,0.006212093,1.91105E-05,0.007785122,0.019904734,1.31384E-05,0.000107496,0.071405025,0.001213514,0.006859459,0.000329655,0.01104226,0.019288422,0.000728586,0.020162726,0.012471961,0.000243658,5.01649E-05,4.29985E-05,0.024223697,0.048619389,4.77761E-06,0.001016437,0.000361904,0.017598341,0.00095194,0.015474692,0.129572475,0.010959847,0.034530205,0.023883292,0.013697419,0.000203049,0.000628256,0.007015926,0.019840237,0.002790127,0.007116256,0.014320898,0.007582073,0.000464623,0.053666938,0.000234103,0.00545723,0.028492496,0.113925789,1.79161E-05,0.092267671,0.000298601,7.04698E-05,0.029427714,0.020070756,0.094763974,0.000684393,0.001607667,0.006740019,0.003937948,1.1944E-06,0.000174383,6.92754E-05,7.88306E-05,0.000606757,0.018092824,0.01785036,0.001165738,0.00043118,0.025053808,0.11713754,5.97202E-06,0.0011311,4.41929E-05,0.013422707,0.010642135,0.002738767,9.55523E-06,0.00303259,0.01832215,0.002665909,0.000643783,9.91355E-05,0.000664088,0.000639006,0.122041761,0.021243661,0.000526732,0.000173189,1.31384E-05,0.000109885,0.001828632,0.003216529,0.00040132,0.011369527,0.009077467,0.003580822,0.000123024,0.000433568,0.001766523,0.179444793,0.010490446,0.027456948,0.016048005,0.000918496,0.000605563,0.000310545,0.012136334,0.00415533,0.000757252,0.000222159,0.015687296,0.020820842,0.037427828,0.010279037,0.028146119,0.011712321,0.000220965,0.000316517,0.000861165,0.025844503,0.028540272,0.000772779,0.000809806,0.003320442,0.001622,0.000275907,0.013620978,0.091327675,0.001219486,0.002935844,0.014443922,2.50825E-05,0.027165513,0.015289559,0.054763401,0.000346377,0.000429985,0.016353773,0.000109885,0.000604368,8.48026E-05,0.030441762,0.0414888,0.084544658,0.000579286,0.00870959,0.00039057,0.023932263,0.000182744,0.00014094,0.00079189,0.001565863,0.000101524,0.141395875,0.00645814,1.55272E-05,0.001697247,0.02274622,0.022842967,0.00021977,0.000427596,0.003949892,0.122966229,0.000433568,4.29985E-05,0.001139461,0.002223979,1.79161E-05,2.38881E-05,0.14837597,0.001258901,0.018937268,0.037949782,0.018274374,0.057945292,0.04653396,0.02306632,0.03235878,0.043245768,0.005119213,8.95803E-05,8.36082E-06,9.31635E-05,8.95803E-05,0.058911564,0.012332216,0.004606814,0.002278922,0.000453873,3.22489E-05,6.8081E-05,0.000126607,9.43579E-05,0.001229041,0.00126129,0.000557786,7.16642E-06,0.014914517,0.008350075,0.001920601,5.37482E-05,0.005331817,0.078196403,0.108953488,0.029606874,0.01908179,0.007026676,0.061670636,0.013841942
2007,0.011414016,8.26182E-05,0.001837936,6.73656E-05,0.006384477,0.000991418,0.040371044,0.02509177,0.002318393,0.018695853,0.274179157,2.03368E-05,0.127054014,0.019997407,0.029875997,0.017295158,0.000167778,2.16078E-05,0.000177947,0.000169049,0.005971386,2.03368E-05,0.007907193,0.017026967,1.14394E-05,7.8805E-05,0.071462163,0.001179533,0.006423879,0.00029107,0.010562414,0.018998363,0.000668572,0.018263697,0.012134701,0.00025421,4.82998E-05,5.59261E-05,0.02409781,0.047975728,2.5421E-06,0.000968539,0.000331744,0.018278949,0.000885921,0.01494626,0.130119784,0.010684434,0.034336106,0.023619895,0.01335872,0.000198284,0.000574514,0.006920859,0.01929833,0.002847149,0.006938654,0.014484869,0.007366997,0.000452493,0.052840031,0.000237686,0.00532188,0.028465133,0.111258694,1.52526E-05,0.092978474,0.000282173,4.95709E-05,0.027642764,0.019366967,0.091678191,0.000713058,0.001638382,0.006636145,0.00392754,0,0.000148713,5.3384E-05,6.99077E-05,0.000560532,0.017970085,0.016367292,0.001170636,0.000419446,0.025653573,0.114742638,3.81315E-06,0.001131233,3.94025E-05,0.012939274,0.010397177,0.002440413,1.27105E-06,0.002772157,0.017438786,0.002477274,0.000603748,9.02444E-05,0.000602477,0.00059358,0.120322541,0.020865533,0.000522401,0.000184302,1.39815E-05,0.000108039,0.001658718,0.003095003,0.000322846,0.010437851,0.009082913,0.003435644,0.000119479,0.000416904,0.001562119,0.176188939,0.010270072,0.027097484,0.015429259,0.00089736,0.000599935,0.000353352,0.012210964,0.003968214,0.000771526,0.000166507,0.015089889,0.02063166,0.036953195,0.009784532,0.027445752,0.011073375,0.00018176,0.000310136,0.000766442,0.025942101,0.02865579,0.000625356,0.000821097,0.003274221,0.001742608,0.000246583,0.014135331,0.087929869,0.001072765,0.002624715,0.014362849,3.81315E-05,0.027047913,0.01488525,0.053075175,0.000357165,0.000353352,0.015558905,0.000100413,0.000485541,7.8805E-05,0.031422863,0.039117791,0.083226989,0.000547822,0.008238937,0.000381315,0.023248749,0.000152526,0.000137273,0.000680011,0.001302825,5.97393E-05,0.140403838,0.006139165,1.01684E-05,0.001604063,0.022699656,0.022092095,0.000207181,0.000423259,0.003814417,0.125360978,0.000427072,3.43183E-05,0.001118523,0.002095959,1.01684E-05,2.92341E-05,0.144594485,0.001226562,0.019167412,0.03737137,0.018167097,0.058492384,0.045262039,0.022739059,0.03122585,0.042098399,0.005112157,6.22814E-05,6.35524E-06,6.86366E-05,8.26182E-05,0.0599185,0.012372387,0.004404183,0.002083249,0.000425801,2.03368E-05,6.73656E-05,0.00012075,9.65997E-05,0.001239272,0.001213851,0.000531298,1.27105E-06,0.01433997,0.008108019,0.001798534,3.94025E-05,0.005399414,0.080560329,0.108031502,0.028541396,0.018434017,0.006840783,0.060529875,0.013924337
2006,0.010689827,8.39725E-05,0.001640795,9.33027E-05,0.005860744,0.000961018,0.037851585,0.0228645,0.002288583,0.018821826,0.271737537,2.26592E-05,0.121377522,0.018412627,0.029976834,0.017579567,0.000131957,1.86605E-05,0.000198602,0.000181274,0.005586168,1.46619E-05,0.007554855,0.014560557,1.59948E-05,7.19764E-05,0.070030363,0.001160953,0.006216628,0.000311898,0.009982059,0.018857815,0.000637124,0.016759836,0.011608193,0.000246586,5.33158E-05,5.46487E-05,0.023601592,0.046936605,2.66579E-06,0.000882377,0.000325227,0.019112398,0.000898372,0.014444596,0.129277597,0.010245973,0.033327735,0.023228381,0.012587871,0.000210598,0.000514498,0.006573844,0.019057749,0.002699115,0.007087009,0.014247327,0.006989707,0.000449186,0.051533764,0.000231924,0.004937047,0.028214746,0.106473077,1.19961E-05,0.091784561,0.000266579,5.86474E-05,0.026008802,0.018480605,0.08791783,0.000601136,0.001508838,0.006436555,0.003380225,0,0.000154616,6.53119E-05,6.66448E-05,0.000513165,0.017592896,0.014680518,0.001195608,0.000397203,0.025430326,0.110029244,6.66448E-06,0.001098306,5.73145E-05,0.012343951,0.009866097,0.002141964,7.99738E-06,0.002559161,0.016185358,0.002224604,0.000613132,7.59751E-05,0.000546487,0.000627794,0.116617749,0.020459956,0.000465181,0.000175942,7.99738E-06,8.53054E-05,0.001430198,0.003035005,0.000293237,0.009716813,0.008535867,0.003257598,0.000109297,0.000441189,0.001290243,0.167665006,0.00987676,0.025595605,0.014820472,0.000790407,0.000502502,0.000290571,0.01207204,0.003632142,0.000742423,0.000181274,0.01460321,0.019933462,0.036846581,0.00901571,0.025952821,0.010100687,0.000158615,0.00027591,0.000675778,0.025026458,0.027813544,0.000615798,0.000762417,0.003206948,0.001708773,0.000201267,0.014396611,0.083392647,0.000867715,0.002177952,0.014323302,4.13198E-05,0.026263386,0.014655193,0.050596738,0.000363881,0.000263913,0.014855128,7.99738E-05,0.000539823,8.79711E-05,0.031349717,0.038344756,0.081218694,0.000507833,0.007525532,0.000321228,0.022385991,0.000129291,0.000143953,0.000550486,0.001339561,4.39856E-05,0.137544219,0.005876739,1.73276E-05,0.001470184,0.021878157,0.020769188,0.00021193,0.000381208,0.003660133,0.12573076,0.000415864,2.93237E-05,0.00108631,0.001959357,1.19961E-05,3.33224E-05,0.13787611,0.001252922,0.019168379,0.035789594,0.017431616,0.058018303,0.043415093,0.022010114,0.029623617,0.040678657,0.005108991,4.53185E-05,9.33027E-06,5.06501E-05,7.33093E-05,0.059100615,0.012343951,0.004315918,0.002007342,0.000482508,4.53185E-05,5.86474E-05,0.000114629,7.86409E-05,0.001166284,0.001200939,0.000443854,2.66579E-06,0.013664851,0.007745459,0.001622135,5.06501E-05,0.005018354,0.080422955,0.105577371,0.026459321,0.017186363,0.006475209,0.059220576,0.014006073
2005,0.00995255,6.28101E-05,0.001494595,7.28026E-05,0.005594384,0.000762287,0.036284267,0.020865809,0.002151247,0.019071438,0.269885115,9.99252E-06,0.116826832,0.016977291,0.030333008,0.017665348,0.000178438,2.284E-05,0.000158453,0.000175583,0.005418801,9.99252E-06,0.007784173,0.014806059,1.4275E-05,4.85351E-05,0.070230285,0.001087757,0.005804227,0.000238393,0.00887193,0.018700287,0.000658079,0.015441298,0.010706271,0.000235538,3.28326E-05,5.56726E-05,0.023722242,0.046545158,2.85501E-06,0.000807967,0.000319761,0.019479704,0.000840799,0.013475627,0.12962725,0.00990116,0.032320092,0.023171226,0.01249065,0.00016559,0.000535314,0.0064309,0.018473314,0.002645163,0.007029024,0.014744677,0.006595063,0.000419686,0.049939759,0.000218408,0.00479641,0.027012636,0.102863,1.28475E-05,0.090720661,0.000244103,5.71001E-05,0.02395778,0.018049346,0.085100582,0.000551016,0.001407518,0.006389503,0.003117666,0,0.000124193,6.28101E-05,3.85426E-05,0.000501053,0.01738413,0.013083064,0.001161987,0.000408266,0.025351023,0.106730105,1.142E-05,0.00101781,5.13901E-05,0.011522803,0.009691317,0.001942831,2.85501E-06,0.002335395,0.01509727,0.001932839,0.000590986,8.70777E-05,0.000486778,0.000488206,0.114208792,0.019842289,0.000446808,0.000179865,1.28475E-05,6.70926E-05,0.00114914,0.002829311,0.000261233,0.009064643,0.008726325,0.003131941,0.000112773,0.000432533,0.001167697,0.162925182,0.009380121,0.02409482,0.014085171,0.000715179,0.000438243,0.000265516,0.012148049,0.003534497,0.000659506,0.000162735,0.013334304,0.019559644,0.036723938,0.007965466,0.024533064,0.010075315,0.00016559,0.00023982,0.000726599,0.024288961,0.028694235,0.000608116,0.000728026,0.003089116,0.001787234,0.000214125,0.014710417,0.080261347,0.000730881,0.001962816,0.01383964,3.71151E-05,0.025456658,0.014203653,0.049340208,0.000328326,0.000264088,0.014708989,7.28026E-05,0.000476786,9.27877E-05,0.031633463,0.036953766,0.079032267,0.000478213,0.006650736,0.000359731,0.021628096,0.000155598,0.000139895,0.000483923,0.001142002,5.28176E-05,0.135077456,0.005533001,1.57025E-05,0.001396098,0.020795861,0.019999315,0.000179865,0.000349738,0.003585887,0.126369689,0.000381143,3.56876E-05,0.001053497,0.001847189,1.142E-05,2.85501E-05,0.132026883,0.00128047,0.019031468,0.034340008,0.01741839,0.057815293,0.041907201,0.021412543,0.028744197,0.039431911,0.005323158,4.42526E-05,9.99252E-06,6.56651E-05,0.000101353,0.059695314,0.012383587,0.004124056,0.001962816,0.000411121,3.99701E-05,5.28176E-05,0.000112773,0.000112773,0.001122017,0.001016382,0.000399701,2.85501E-06,0.013252936,0.007554345,0.001565971,3.99701E-05,0.005016245,0.080531145,0.103197035,0.025468078,0.016421993,0.005955542,0.058787422,0.013721157
2004,0.009192194,6.40843E-05,0.001594293,9.8471E-05,0.005178326,0.000812777,0.033686474,0.018504741,0.002066329,0.018523497,0.262569125,1.71934E-05,0.112522703,0.015347415,0.030465065,0.017993629,0.000148488,1.40673E-05,0.00013911,0.000145362,0.004842274,6.25213E-06,0.007880809,0.014486184,2.03194E-05,3.90758E-05,0.068540534,0.001130072,0.005444042,0.000232892,0.00855135,0.017263693,0.000567381,0.014014149,0.010162837,0.000239144,4.06388E-05,4.6891E-05,0.022774945,0.045143502,6.25213E-06,0.000751819,0.000289161,0.019811436,0.000839348,0.012960665,0.126558734,0.009626717,0.031482599,0.022846845,0.012122879,0.000189127,0.000553313,0.006311525,0.017121457,0.002604012,0.006724165,0.014359579,0.006222432,0.000411078,0.048743166,0.000201631,0.004564055,0.027448412,0.098858674,6.25213E-06,0.090338584,0.000228203,5.47061E-05,0.022037194,0.017610686,0.083464368,0.000540809,0.001358275,0.005914515,0.003041661,0,0.000109412,5.78322E-05,6.56474E-05,0.000429834,0.016962028,0.01175713,0.00112382,0.000339178,0.025449294,0.102734994,1.09412E-05,0.00098471,5.0017E-05,0.010956857,0.008781116,0.001816244,6.25213E-06,0.002250767,0.013896921,0.001803739,0.000509549,5.93952E-05,0.000411078,0.000525179,0.108718282,0.019098693,0.000386069,0.000186001,1.09412E-05,7.97147E-05,0.000951887,0.002730618,0.000171934,0.007994911,0.008501333,0.002929123,0.000104723,0.000423582,0.001012845,0.153389748,0.008576359,0.023296998,0.013618701,0.000715869,0.000412641,0.000298539,0.011940005,0.003398032,0.000673667,0.000137547,0.012161955,0.018603212,0.036589026,0.007302487,0.023443923,0.009364127,0.000101597,0.000236018,0.000665852,0.023887824,0.027889187,0.000507986,0.000753382,0.003057291,0.001808428,0.000212572,0.015056691,0.075657021,0.000651785,0.001694327,0.013462398,5.0017E-05,0.02532894,0.013624953,0.046620568,0.00030948,0.00022664,0.013749996,8.44038E-05,0.00050017,0.000107849,0.031373186,0.033439515,0.076269729,0.000504859,0.006064566,0.00038138,0.020791457,0.000125043,0.000125043,0.000376691,0.001034727,5.31431E-05,0.13068514,0.004878224,1.40673E-05,0.001297317,0.020927441,0.018965835,0.000162555,0.000350119,0.003405848,0.125336443,0.000403262,3.75128E-05,0.001055047,0.0015771,1.25043E-05,3.12606E-05,0.125080105,0.001161333,0.018884558,0.032676756,0.016954213,0.058057276,0.039483762,0.020603893,0.026874779,0.037061061,0.005101738,4.06388E-05,4.6891E-06,4.37649E-05,8.12777E-05,0.059789116,0.011946257,0.003987296,0.001844378,0.000475162,2.96976E-05,4.06388E-05,9.37819E-05,0.000107849,0.001095686,0.000937819,0.000370439,0,0.012557402,0.007341563,0.001514578,3.43867E-05,0.00467503,0.079403609,0.100385756,0.024201994,0.015270827,0.005461235,0.057149154,0.01364371
2003,0.008620951,7.23178E-05,0.001360583,0.000100909,0.00488229,0.000842586,0.031880363,0.016651586,0.001799535,0.019115436,0.253016324,2.01817E-05,0.109162829,0.01446019,0.030711506,0.018109714,0.000124454,2.01817E-05,0.000137908,0.000132863,0.004512292,1.00909E-05,0.007793501,0.014095237,1.00909E-05,4.03634E-05,0.068602653,0.001049449,0.004920972,0.000237135,0.007813683,0.016982903,0.000612178,0.013101289,0.009678808,0.000220317,2.52271E-05,4.03634E-05,0.02257828,0.04458979,0,0.00075345,0.000383452,0.020830881,0.000701314,0.011550661,0.12658132,0.009053175,0.030783824,0.022712824,0.011718842,0.000198453,0.000512952,0.006296691,0.016012499,0.002561394,0.006786097,0.015048823,0.005778694,0.000412043,0.046671869,0.000237135,0.004466884,0.026779438,0.096653537,2.85907E-05,0.090355164,0.000186681,5.38179E-05,0.019875613,0.016352225,0.081942758,0.000618906,0.001305083,0.005948557,0.00274303,0,0.000114363,6.55905E-05,3.36362E-05,0.000344771,0.016505269,0.010509622,0.001120084,0.000309453,0.025178356,0.098745707,1.17727E-05,0.000941813,5.54997E-05,0.010657621,0.008311498,0.001451401,5.04543E-06,0.001939125,0.01256311,0.001737308,0.000428861,6.55905E-05,0.000408679,0.000489406,0.104573174,0.018432622,0.000440634,0.000216953,1.68181E-06,0.000104272,0.000884631,0.002559713,0.000169863,0.007578229,0.008614223,0.002847302,0.000112681,0.000449043,0.000869495,0.145521848,0.008417452,0.022033374,0.012995335,0.000566769,0.00033468,0.000341407,0.012235157,0.002953256,0.000608815,0.000112681,0.011039391,0.018299759,0.035481115,0.006392554,0.022376463,0.009286947,8.40904E-05,0.000230408,0.000686178,0.023129913,0.028262793,0.000457452,0.000813995,0.002769939,0.001838217,0.000208544,0.015028641,0.071152274,0.00057686,0.00140431,0.013141652,7.0636E-05,0.024389588,0.013340105,0.044672199,0.000287589,0.000245544,0.013627695,8.7454E-05,0.000509588,7.0636E-05,0.031920726,0.032892812,0.075378659,0.000408679,0.005001699,0.00031618,0.019813387,0.000127817,0.00012109,0.000395225,0.000904813,4.03634E-05,0.128091585,0.004648519,1.00909E-05,0.001113357,0.02004884,0.018385531,0.000181635,0.000324589,0.003449389,0.126211323,0.00035318,3.69998E-05,0.001046085,0.00138581,1.00909E-05,5.54997E-05,0.120901853,0.00119072,0.01865462,0.031651637,0.016138635,0.057336217,0.039191185,0.019969795,0.025970488,0.035708159,0.005304424,3.02726E-05,5.04543E-06,6.72723E-05,7.73632E-05,0.060452608,0.012324293,0.003747069,0.001727217,0.000502861,2.52271E-05,4.20452E-05,8.07268E-05,8.40904E-05,0.000995631,0.000835859,0.000356543,1.68181E-06,0.011843296,0.006725552,0.001289947,1.84999E-05,0.004791473,0.079330909,0.0968789,0.023738728,0.014547644,0.004966381,0.05667863,0.013363651
2002,0.008341512,6.89673E-05,0.001336905,7.07357E-05,0.004321954,0.000815229,0.029468509,0.01392433,0.001589786,0.018730824,0.245251421,1.76839E-05,0.105758773,0.01306666,0.031148483,0.018331167,0.000148545,1.23788E-05,0.000136166,0.000122019,0.004558918,5.30518E-06,0.007745564,0.011926046,1.23788E-05,2.47575E-05,0.066452691,0.000954932,0.005001017,0.000224586,0.007499757,0.016049939,0.000496919,0.0118111,0.008783611,0.000318311,2.82943E-05,5.8357E-05,0.022067783,0.044105502,1.76839E-06,0.00067199,0.000288248,0.020764477,0.000703821,0.011186857,0.125437456,0.008757085,0.029537477,0.022403777,0.011466263,0.000164461,0.000452709,0.006261881,0.01548759,0.00245453,0.006951555,0.01473956,0.005535072,0.000371363,0.045415882,0.000277638,0.004362627,0.026260644,0.09214568,5.30518E-06,0.088760975,0.00019806,6.18938E-05,0.018205611,0.01563083,0.079280618,0.0006826,0.001207813,0.005793257,0.002473983,1.76839E-06,8.66513E-05,6.18938E-05,4.59782E-05,0.000316542,0.015779375,0.009448526,0.001036279,0.000277638,0.025314553,0.094310194,8.84197E-06,0.000820535,5.12834E-05,0.009954287,0.007630618,0.001317453,0,0.001947001,0.011858847,0.001554418,0.000420878,5.30518E-05,0.000397889,0.000459782,0.101576523,0.017611431,0.000335995,0.000219281,1.76839E-05,9.903E-05,0.000820535,0.002429773,0.000122019,0.006601413,0.008116926,0.002599538,0.000100798,0.000473929,0.000809924,0.138887857,0.00792594,0.020997904,0.012168316,0.000518139,0.000302395,0.000267027,0.01189952,0.002769304,0.000626011,7.78093E-05,0.010638655,0.017533622,0.035307745,0.005807404,0.021233101,0.009041796,9.54932E-05,0.000213976,0.00058357,0.022706173,0.02753035,0.000412036,0.000740957,0.00255356,0.001713573,0.000182145,0.014806759,0.06740055,0.000477466,0.001170676,0.013109101,5.12834E-05,0.023349868,0.012270883,0.042839333,0.000281175,0.000196292,0.013305393,6.01254E-05,0.000459782,5.65886E-05,0.03258265,0.031026464,0.07327869,0.000452709,0.00454654,0.000337763,0.018819244,0.000118482,0.000114946,0.000344837,0.00082584,3.18311E-05,0.124390567,0.004295428,1.06104E-05,0.001027437,0.019227743,0.017867848,0.00019806,0.000337763,0.003259149,0.127518855,0.000412036,3.35995E-05,0.000974385,0.00131038,2.47575E-05,1.94523E-05,0.115304562,0.001152993,0.018340009,0.030418137,0.015591926,0.056742442,0.03703016,0.019319699,0.024131498,0.033491605,0.005121268,2.82943E-05,1.23788E-05,4.9515E-05,8.48829E-05,0.059341981,0.011752743,0.003603986,0.001561491,0.000542897,2.65259E-05,3.18311E-05,9.903E-05,0.000102567,0.000951396,0.00074803,0.000337763,5.30518E-06,0.011565294,0.006514762,0.001278549,3.18311E-05,0.00446873,0.079227566,0.093914074,0.022352494,0.013632546,0.004553613,0.054643359,0.013133859
2001,0.007764352,9.86065E-05,0.001378666,7.48679E-05,0.00388035,0.000750505,0.027962259,0.012168778,0.001544836,0.018346295,0.241772288,2.00865E-05,0.10159213,0.012435381,0.030847414,0.017626833,0.000115041,1.64344E-05,9.86065E-05,0.000115041,0.004322253,5.47814E-06,0.007570791,0.010187517,2.92168E-05,2.00865E-05,0.064861193,0.000956849,0.004650942,0.000199039,0.006617595,0.015534183,0.000513119,0.011577139,0.008312166,0.000255647,2.19126E-05,4.56512E-05,0.021445097,0.04373748,3.65209E-06,0.000717637,0.000376166,0.021079888,0.000624508,0.010872284,0.122759668,0.008197125,0.027783307,0.02185961,0.010784634,0.000189909,0.000485729,0.006358296,0.015240189,0.002508989,0.006615769,0.014761765,0.005041716,0.000388948,0.043611483,0.000259299,0.004439121,0.025491618,0.087765302,7.30419E-06,0.088941276,0.000155214,4.93033E-05,0.01681059,0.015033846,0.077546742,0.000629986,0.001190583,0.006088041,0.002278907,0,9.49544E-05,5.66075E-05,2.19126E-05,0.000284863,0.015800786,0.008593378,0.001006152,0.000248342,0.024837893,0.090327246,9.13024E-06,0.000768766,5.84335E-05,0.009422403,0.007311493,0.001269103,1.82605E-06,0.001659877,0.010634898,0.001424317,0.000385296,4.38251E-05,0.000284863,0.000502163,0.098708802,0.017115539,0.000359731,0.000184431,1.46084E-05,0.000113215,0.000768766,0.002342818,0.000113215,0.00657377,0.008018173,0.002538205,9.13024E-05,0.000427295,0.000728593,0.1342802,0.007738788,0.020311122,0.011423751,0.000516771,0.000261125,0.000259299,0.011845568,0.002620378,0.000593465,5.66075E-05,0.009738309,0.016863545,0.034318729,0.005624225,0.020378686,0.008947631,8.58242E-05,0.000195387,0.000587987,0.02226134,0.026848371,0.000345123,0.000710332,0.00238847,0.001763961,0.00015704,0.014781851,0.063729044,0.000370688,0.000973283,0.013224233,1.46084E-05,0.021892479,0.012247298,0.041433009,0.000315906,0.000220952,0.013399534,5.84335E-05,0.000449208,6.20856E-05,0.032653374,0.02891363,0.071882344,0.000416339,0.003832873,0.000306776,0.017550139,0.000151562,9.67805E-05,0.000299472,0.000787026,2.55647E-05,0.121788211,0.004146953,1.27823E-05,0.001070064,0.018585507,0.01668094,0.000144258,0.000301298,0.003155409,0.127595041,0.000317732,1.82605E-05,0.000920328,0.001137627,1.64344E-05,2.73907E-05,0.111518523,0.001133975,0.018271427,0.029410315,0.01481472,0.056194773,0.035058278,0.019111409,0.022633854,0.031901043,0.004612595,4.56512E-05,5.47814E-06,5.47814E-05,6.20856E-05,0.056738936,0.011726874,0.00342749,0.001451707,0.000485729,2.00865E-05,4.74772E-05,0.000105911,8.58242E-05,0.00075781,0.000726767,0.000268429,1.82605E-06,0.011312362,0.006389339,0.001119367,4.19991E-05,0.00425469,0.07994982,0.092060165,0.021645962,0.013215103,0.00420356,0.054036386,0.013279015
2000,0.007149536,6.57126E-05,0.00127107,7.51002E-05,0.003548483,0.000700309,0.026157387,0.010574103,0.001417516,0.01815171,0.233082749,1.1265E-05,0.098886265,0.011415225,0.030798578,0.017610989,8.26102E-05,1.68975E-05,0.000122038,0.000140813,0.003856393,1.68975E-05,0.007029375,0.00920728,1.1265E-05,3.75501E-06,0.063833263,0.000805449,0.004044144,0.000212158,0.006300904,0.014920525,0.000422438,0.010694263,0.007179576,0.000223423,2.253E-05,5.44476E-05,0.021174491,0.042773299,7.51002E-06,0.000523824,0.000330441,0.021733988,0.000598924,0.009947017,0.124407178,0.007900537,0.026953449,0.022009981,0.010046525,0.00019526,0.000428071,0.006171356,0.014285929,0.002390063,0.006437962,0.015008768,0.004526662,0.000328563,0.04220817,0.000264728,0.004132387,0.024657262,0.084510215,1.1265E-05,0.088207021,0.00012767,4.50601E-05,0.015596427,0.014415477,0.07644258,0.000518191,0.001111482,0.005215706,0.00233186,0,8.44877E-05,4.69376E-05,2.62851E-05,0.000251586,0.015112031,0.007784132,0.000951895,0.000215913,0.024649752,0.087675687,1.31425E-05,0.000790429,5.06926E-05,0.008970715,0.00684538,0.001026995,1.8775E-06,0.001509513,0.009817469,0.001302988,0.000324808,5.06926E-05,0.000336073,0.000441213,0.094849631,0.016191596,0.000375501,0.000200893,1.68975E-05,0.000103263,0.000587659,0.002296188,0.00011265,0.005773325,0.007752215,0.002268025,0.00011265,0.000429948,0.000679656,0.122696772,0.007678992,0.019762608,0.010998419,0.000467499,0.000247831,0.000242198,0.011845174,0.00241447,0.000606434,6.75901E-05,0.009639106,0.016369958,0.033243088,0.005095546,0.019912809,0.009045815,7.32227E-05,0.000183995,0.000567006,0.022152671,0.026897124,0.000302278,0.000651494,0.00218166,0.001860607,0.000138935,0.014896118,0.060438735,0.000324808,0.000826102,0.013215752,1.1265E-05,0.021480525,0.011477183,0.040236791,0.000244076,0.00021028,0.01252483,6.38351E-05,0.000484396,6.19576E-05,0.033222435,0.029266534,0.069801848,0.000446846,0.003576645,0.000304156,0.01594752,0.000138935,8.82427E-05,0.000253463,0.000675901,2.44076E-05,0.119050659,0.003848883,9.38752E-06,0.000910589,0.01815922,0.015654629,0.000161465,0.000304156,0.002987109,0.129102816,0.000345461,3.75501E-05,0.000899324,0.00100822,1.68975E-05,2.62851E-05,0.106377506,0.001167808,0.018634228,0.028639448,0.014238991,0.056263166,0.033669281,0.018500926,0.021546237,0.03053385,0.004703148,3.56726E-05,5.63251E-06,4.69376E-05,6.75901E-05,0.055699915,0.011556038,0.003152329,0.001321763,0.000456234,3.19176E-05,3.94276E-05,8.07327E-05,7.32227E-05,0.000649616,0.000643984,0.000221545,1.8775E-06,0.010643571,0.005906628,0.00100071,2.62851E-05,0.004079816,0.078830766,0.088195756,0.021095636,0.012062964,0.003540973,0.052519423,0.012583033
