Year,_Total_Records,additionally,adept,advancement,adventure,adverse events,aethetic,aim of,aim to,align,all patients,analysis,aptly,associate with,association between,at least,basis of,beacon,boast,bolster,burgeon,capability,captivate,catalyze,cohort study,commendable,common grade,compared with,compel,complexity,comprehend,comprehensive,control group,cornerstone,cross-sectional,crucial,cutting-edge,delve,demystify,difference between,difference in,digital world,disruptive,dive,dose of,driving force,dynamic,effect of,effectively,efficacy,elevate,elucidate,embark,embrace,emphasize,employ,encompass,encounter,end of,end point,endeavor,enhance,enigma,enrich,essential,evaluate,ever-evolving,examine,excel,excellently,explore,facilitate,finding,fortify,foster,fresh,further research,game-changer,garner,grapple,groundbreaking,harness,higher in,highlight,holistic,hurdle,hypothesis,identify,illustrious,imperative,impressively,include in,increased risk,independently associated,ingeniously,innovative,insight,interplay,intersection,intricacy,intricate,invaluable,investigate,is known,journey,juxtapose,kaleidoscope,keen,landscape,less likely,leverage,logistic regression,lower in,median follow-up,methodical,meticulous,mitigate,models,more likely,moreover,most common,multifaceted,navigate,new era,no difference,notably,noteworthy,nuance,objective of,offer,one of,optimize,our results,outcome measure,overarching,paradigm shift,paramount,particularly,patients who,pave,pioneer,pivotal,placebo group,poised,potent,potential,primary endpoint,primary outcome,proportion of,prowess,purpose of,randomly,ratio,realm,registered with,regression analysis,renowned,reportedly,resonate,results suggest,retrospective,reveal,revolutionized,robust,safeguard,safety,scholarly,seamless,secondary analysis,shed_light,showcase,significant,sought to,spearhead,state-of-the-art,statistically,stem,strategically,streamline,study period,suggest that,surpass,symphony,synergy,tailored,tapestry,testament,this study,this trial,time of,to assess,to compare,to determine,to evaluate,to examine,to identify,to investigate,to receive,transformative,treasure trove,treatment allocation,treatment assignment,treatment of,two groups,ultimately,underscore,undoubtedly,unearth,unleash,unlock,unparalleled,unprecedented,unravel,unveil,unwavering,utilize,valuable,versatile,vibrant,vital,was found,was used,were assessed,were collected,were enrolled,were performed,were reported
2024,1733341,117821,438,33105,111,26755,3710,65451,266292,16542,27698,592710,77,306557,81401,41204,13101,367,990,2770,1139,35248,361,12217,54057,739,281,101969,4111,28316,4294,103145,43812,3125,69238,109657,3030,10290,248,43642,107046,104,1454,857,21114,1957,44960,233656,67803,117534,57837,50981,527,2447,46931,103021,24748,16887,21301,20125,3942,228052,536,23421,85268,289340,222,166208,3526,204,192953,81815,302650,1382,12702,10081,29333,428,6136,826,1477,7590,35106,160807,7173,2563,23745,350533,26,9946,636,55956,26242,7620,160,30484,127725,16929,4640,2048,15191,2088,281741,34262,4054,459,44,339,20698,7654,23602,51238,17203,11805,287,2639,45034,346190,24401,96031,47125,10109,7985,1385,20800,53604,6863,6368,30376,115397,71403,42855,54523,19987,2477,1898,4816,100685,67807,12161,4283,26758,2506,1254,20080,356624,8458,29114,35679,258,35346,28719,133503,4000,3031,42426,1643,1098,399,31735,130363,265785,6479,41845,3951,81298,1413,1241,5148,14172,8552,388975,15750,54,13733,55043,39563,1407,4537,9940,154501,8531,167,5084,21606,130,139,525362,3568,32600,122186,42171,87098,119004,48487,106311,116407,9519,3798,80,262,183,96732,30672,24235,50502,837,360,616,3195,696,5742,8715,15523,82,100864,57319,9411,309,26836,112679,241074,79913,62661,21080,134849,28238
2023,1696608,70070,201,15516,112,25026,3016,73100,220580,9692,29453,531163,93,294397,74731,42599,14619,247,338,1358,718,23739,203,11145,47067,227,273,112713,2716,21284,2621,63790,40855,2418,63749,60864,1967,2831,216,44712,103926,99,1521,731,22608,2035,39970,236685,46296,93653,43272,34329,379,1932,22766,62823,11186,14780,21607,19414,2053,145459,429,22339,72083,273224,151,150043,2223,172,147869,60977,242138,1033,7104,9887,19491,282,2437,417,597,4641,37029,104340,5327,1818,25538,315372,22,5998,546,56776,25434,8083,107,17227,82434,9635,3661,759,5228,1453,261724,38093,2944,330,34,275,14492,8014,12859,47171,17516,11202,232,1264,25574,316963,25816,95402,50407,5058,4592,1131,22409,25039,4322,3155,29723,65491,82828,35890,59138,18616,2241,1446,3694,64331,67976,8218,2407,11031,2312,697,17933,287932,7831,26815,35296,126,41228,27804,128662,1815,2712,39057,597,1278,315,35143,129096,211894,3875,32488,2230,70658,1176,729,4893,9904,3388,311705,16329,33,13569,52446,36971,786,2489,10310,151215,3451,112,4135,12200,49,72,448586,3349,35158,105909,42735,92647,115606,46766,100091,107512,9880,1535,59,244,172,99850,29656,17019,11784,952,255,482,1675,422,5913,5411,6830,40,64705,34159,7367,190,22565,117535,259531,70366,58771,22392,140560,30294
2022,1782107,56223,146,10659,117,25875,2888,82881,211340,8110,32677,561564,70,311988,76623,46402,17043,272,126,995,537,21842,93,11194,51375,91,299,128682,2297,20665,1500,54001,44594,2398,68520,46337,1296,616,190,47473,108793,91,1675,630,25012,2050,40011,254519,41593,93735,43526,33455,375,1766,17896,53918,6983,14830,23335,19976,1534,133538,431,22813,70438,287303,112,156302,1801,182,146837,57967,236574,955,6317,10208,17034,262,1249,276,343,3638,40442,94269,4961,1856,28552,323176,26,5093,456,58640,26539,9172,66,14820,71944,8369,3420,383,2126,1271,269768,41284,2696,238,29,299,12995,8937,9557,50344,19149,11506,242,884,21826,328779,28213,100913,52751,4007,4008,1023,24290,18940,3059,2616,31003,56189,90764,34938,64281,20660,2261,1384,3321,59419,71604,7433,2074,9024,2538,586,18379,276659,7993,27478,37556,67,47490,30067,136572,954,2732,42622,354,1491,354,38950,134861,209087,2582,31669,1676,72990,1093,588,4698,7848,1908,310590,17230,35,13296,54453,38693,733,2087,11650,160961,1986,91,3955,10639,21,50,453104,3505,38701,107438,44874,100114,123191,48775,103723,109228,10572,1081,50,266,170,105930,32042,14794,5930,1016,240,344,1113,382,6707,4339,4411,22,54161,26246,6961,192,22197,125836,275384,74232,62420,24996,150712,32666
2021,1788086,52161,157,9786,112,24821,2723,89339,190888,7586,34317,552279,74,314048,73804,47599,18152,295,120,906,580,19898,97,11144,53755,84,297,128492,2349,19728,1191,49928,42466,2302,69114,42786,1081,490,176,47389,105546,82,1680,692,23624,1923,37624,248397,36250,90657,43668,32778,374,1835,16641,50886,7130,14843,24448,20160,1474,126347,410,20479,67311,284317,96,155964,1515,156,130844,56563,229267,1004,5815,9911,15677,234,1127,291,336,3590,40765,90916,4437,1826,30742,315245,26,4978,384,54894,26900,9633,46,13642,67443,8833,2921,364,2132,1322,264037,42899,2444,237,35,263,12011,8576,8288,46921,19075,11543,234,977,20342,326908,27584,95277,51482,3973,3744,956,25196,17777,3168,2517,32191,54838,87898,32045,65574,21696,1951,1383,3413,59332,72185,6778,2023,8958,2547,655,18891,270278,7864,25734,36846,59,47709,29144,134113,956,2493,40996,374,1526,291,41110,134531,200419,2558,30340,1598,71676,1062,576,4396,7271,1596,302675,17739,39,11658,52436,42170,703,2046,11709,167728,1807,101,3696,10144,27,58,423332,3314,39689,106774,44660,101575,121828,47783,101556,106201,10306,957,45,269,166,106658,30054,14068,5766,1118,217,313,1055,451,7523,4427,4271,24,49755,24614,6838,198,20750,126088,261891,74708,60208,24497,149373,33149
2020,1641557,44140,146,7640,100,21483,2328,85900,149459,6581,31945,493611,55,276845,63395,42805,17395,256,108,706,514,17570,64,10839,48224,75,272,122069,2149,17063,1001,40769,38332,1943,59099,36450,836,326,154,42582,93517,39,1483,570,21484,1686,33413,225581,30227,78209,40069,29001,321,1508,13831,44059,6022,13120,22412,18183,1288,114785,409,17203,57406,253371,73,139647,1323,143,106973,49076,199453,962,4752,9132,12893,183,981,227,267,2950,36505,74389,3514,1566,28854,276001,9,4132,251,45672,23305,8123,52,11342,57456,7557,2290,257,1773,1156,239630,39761,1955,253,24,238,9806,7327,5894,38453,17414,9996,232,839,15839,294386,23445,83684,44586,3267,2928,822,22820,14980,2939,1851,30419,47891,77190,27880,60954,20249,1551,1210,2885,51782,63746,5519,1765,7764,2485,572,17695,239939,6637,21505,31707,36,44587,27172,120254,853,1996,34415,309,1293,252,39942,116300,178022,2230,26247,1379,62474,856,446,3762,6101,1197,267696,15810,31,9160,46039,39848,602,1738,10162,158596,1504,67,3170,8676,27,38,368363,3240,35937,93072,39668,93523,108379,42244,88226,95499,8835,751,33,258,163,98987,25916,12309,4732,882,178,325,772,340,6595,3752,3476,24,42638,21171,6105,139,17272,115756,232744,66995,51923,21344,134140,29889
2019,1418740,36945,150,6113,86,17886,1915,79303,113037,5769,26627,436505,50,238930,54208,37959,16834,260,74,536,445,15398,79,10697,42991,54,262,108535,1895,14678,751,32821,34119,1525,49960,29573,648,257,130,37616,81513,29,1251,531,19310,1529,29474,198910,24998,65931,34981,25489,296,1174,11400,38219,4982,10885,19222,15517,1058,101215,317,14183,46671,217629,63,125691,914,102,86816,41910,172724,873,3992,8257,10684,112,715,152,217,2286,31379,58724,2600,1267,26758,235131,10,3185,246,36756,20016,7052,45,9169,47826,6234,1832,215,1393,926,213168,35351,1494,215,16,196,7782,6325,4296,31592,15365,8423,186,642,10660,264030,20080,71314,36743,2617,2123,748,20025,12506,2686,1472,27090,40015,65773,24063,54798,18473,1260,1006,2181,44448,52364,4274,1534,6453,2169,487,16359,202504,5210,17453,26775,29,40004,24277,105718,715,1773,28867,219,1067,232,37512,96862,154271,1759,22550,917,50362,736,427,3147,4903,817,231667,13900,22,7479,39758,36544,486,1419,8416,146089,1181,53,2717,7267,17,49,313732,2916,29052,78630,34380,83462,92595,37580,74538,83572,7968,570,28,210,175,83776,21415,10150,3944,648,142,239,547,273,3885,3191,2703,18,35867,17951,5432,134,13648,102050,200395,57849,42906,17966,113462,25102
2018,1351705,33543,120,5375,107,16131,1807,75883,96373,5220,25902,408518,33,224189,49851,36709,16866,242,75,502,400,14000,55,10266,39974,54,248,102592,1764,13992,668,29369,31980,1492,46274,26606,629,184,97,35811,76223,20,1167,501,18995,1507,27898,187229,22084,61482,33333,23779,290,1113,10740,35763,4846,10470,18551,14648,1061,95295,304,12298,43686,202771,61,121336,812,101,76903,38610,161873,775,3644,7782,9721,88,574,114,196,2117,29463,53134,2349,1159,26751,217777,6,2913,204,32811,18513,6457,27,8254,43585,5827,1537,207,1383,971,200875,34353,1392,179,21,198,7052,5870,3444,28351,14297,7717,190,650,8886,251150,19181,63917,33309,2396,1882,681,19139,11341,2622,1249,26095,37887,59855,22378,52278,16791,1134,920,1988,42493,49250,3852,1485,6052,2064,473,15899,187054,4676,14608,24917,31,38890,22937,98917,734,1631,27187,238,1143,223,37271,89441,143926,1587,20939,845,46334,647,361,2717,4309,719,219826,13249,21,6701,37274,34755,460,1236,7840,144210,1085,42,2346,6635,16,32,287665,2694,27399,73465,32360,79892,85639,35980,67867,77512,7616,587,27,246,160,80122,19880,9364,3882,544,121,182,508,252,3680,2922,2224,9,32560,16427,4912,138,12082,96955,185171,54796,38977,16698,105229,23498
2017,1304379,29867,112,4795,113,15315,1716,73043,84264,4818,25018,386715,39,214156,46313,35819,17065,239,60,459,376,12652,48,9711,35653,44,263,99767,1762,12923,577,26619,30284,1371,41948,24695,525,163,86,34084,73223,25,1109,501,18989,1379,25733,177540,19787,58022,32145,22280,264,1087,10023,32663,4559,9933,17693,13889,934,87754,291,11110,41868,191081,50,117538,705,96,68515,36078,152495,798,3451,7412,8791,77,538,111,182,1870,28215,48120,2075,1131,26657,205124,12,2549,163,30362,18133,6116,19,7555,39804,5461,1340,208,1290,879,189433,33518,1252,193,12,192,6146,5659,2738,26243,13681,7380,174,646,7336,242153,17757,57962,31246,2100,1658,607,18200,10353,2516,1099,25049,35841,55993,19757,50069,15669,936,897,1855,41033,46939,3233,1331,5649,2045,460,15716,173398,4149,12708,23125,25,37421,22117,93413,615,1479,25878,227,925,207,37005,81699,134445,1376,19189,756,43794,587,346,2430,3865,522,210303,12607,22,5598,35720,34886,422,1100,7373,143076,929,44,2265,5836,9,25,268303,2548,26295,69088,30873,77597,80637,34114,63324,72437,7412,432,24,212,191,76743,18752,8623,3750,547,116,175,452,236,3503,2691,1916,14,29171,15278,4381,111,11032,93611,171398,51940,36092,15254,97783,21834
2016,1285399,27045,119,4365,95,14000,1656,71229,75181,4467,24265,377014,33,205193,43594,34877,17862,258,47,382,321,11798,42,9428,32427,40,207,99018,1696,12114,519,24827,30113,1301,39727,22731,476,128,85,33630,70791,18,1141,463,18861,1320,24251,171371,18525,55190,31500,20962,279,1009,9767,31109,4495,9738,17503,13340,856,82906,279,9933,40230,182666,45,115893,660,63,62107,33953,143756,852,3193,7442,8027,64,493,98,173,1626,27693,44053,2059,1087,26721,194452,19,2370,144,28174,17636,5887,20,6929,36723,5184,1300,206,1255,951,181781,32329,1107,196,19,169,5495,5332,2218,24370,13388,6929,172,603,6489,234381,17249,52873,29747,1968,1502,621,17592,9236,1349,926,24003,33750,54096,18556,47384,14801,819,792,1662,39759,45322,2755,1318,5400,2038,426,15305,161127,3731,10850,22208,39,35968,22164,89677,653,1209,25325,229,908,173,36191,76358,128775,1323,17875,730,41344,530,330,2133,3459,410,204992,11708,15,4950,35074,34111,395,1042,7171,141425,809,46,2054,5387,17,34,257362,2416,25706,65309,29572,76391,77039,33476,59460,69427,7158,407,25,209,175,75665,18697,8253,3554,530,112,124,364,240,3255,2506,1683,11,26998,14500,4126,104,10151,93326,164701,49447,34198,14783,94408,20742
2015,1258116,24985,100,3752,115,12798,1655,68853,67420,4068,23766,368874,56,198131,41732,34202,17935,229,50,367,282,11016,35,9755,31124,29,200,99043,1702,11408,502,22554,29750,1203,37438,21366,435,121,75,33185,68223,20,1172,463,19045,1237,23183,167171,17556,52518,30387,20021,236,959,9461,29984,4167,9576,17088,12532,814,80265,282,9302,38790,175406,36,113848,617,80,57537,31829,138933,766,2765,7043,7386,47,441,80,164,1468,27149,39696,1869,1018,26767,185061,18,2149,101,26041,17135,5589,25,6275,34129,4992,1150,158,1128,904,177701,31171,1001,208,23,170,4824,5015,1800,23052,13288,6542,145,546,5450,230321,16165,48542,28216,1887,1300,569,16609,8280,1070,834,22955,31669,52128,17435,45846,14049,741,744,1516,37551,43183,2339,1220,5063,2053,467,15192,152083,3355,9334,21183,44,35913,21916,86387,590,1217,24465,215,842,164,36330,72118,123746,1131,16566,692,39018,403,292,1790,3120,350,200393,11056,21,4313,34517,33527,395,930,6721,142212,771,28,1946,4967,7,35,246085,2330,25117,62094,28557,75152,73956,32398,55687,67836,6821,315,19,219,187,74776,18444,7526,3298,495,79,142,308,213,2865,2336,1493,8,24899,13520,3848,102,9327,93478,159115,47405,32062,13786,91848,19756
2014,1205734,22189,102,3499,77,11561,1452,65221,58377,3838,23246,352214,44,187292,38222,33050,18193,246,49,327,284,10327,29,9260,29334,33,198,95161,1576,10790,469,20476,27422,1127,34897,19673,361,102,80,31736,64734,20,1067,432,18842,1180,21727,160570,16356,48992,29234,18955,280,845,9266,27881,3864,8997,16414,11799,762,75106,277,8558,37336,165943,39,110205,516,82,52766,29870,131243,750,2572,6780,6734,39,376,74,148,1313,25461,36004,1684,869,26795,174133,14,1906,81,23592,16292,5153,15,5630,31223,4667,1125,149,1038,892,168414,29857,971,201,21,137,4090,4614,1391,20626,12482,6076,158,533,4737,221123,15206,44228,26659,1745,1142,506,15822,7570,984,690,22290,29812,49366,16632,42699,13741,648,713,1448,36329,40520,1967,1133,4696,1889,355,15265,142018,2960,7959,20232,30,34559,20726,81049,507,1003,23160,175,729,149,35390,67237,116824,1037,15174,603,35710,372,299,1626,2777,290,191963,10429,15,3885,32585,31858,360,840,6203,138934,670,44,1749,4390,12,30,230881,2071,24023,58038,26903,72832,69979,30723,51695,63408,6653,275,14,190,153,71131,17700,6832,3246,508,87,103,291,155,2561,2157,1303,10,22978,12787,3560,106,8579,91490,150137,44966,30522,12530,86651,19053
2013,1150094,19482,93,3116,69,10422,1466,59776,50854,3573,22393,336257,32,175381,34469,32170,18058,224,37,284,267,9224,32,8733,27475,27,191,90042,1466,9733,395,18314,25748,1044,31862,18017,355,80,56,30050,60987,16,1019,419,18085,1090,20184,152307,15005,45442,27766,17617,250,799,8539,26147,3563,8568,15690,11003,708,70650,261,7805,35206,154244,24,106116,431,78,46987,27819,123672,761,2391,6621,6190,30,337,63,116,1097,23914,31937,1491,740,26705,161371,7,1782,75,20845,15170,4685,7,5083,28397,4170,1024,141,894,809,158004,28412,830,175,12,143,3624,4327,1124,18814,11715,5543,140,512,3967,213596,14338,39983,23788,1464,1092,481,15122,6727,980,518,20921,27636,46475,15090,39535,13735,458,607,1289,33671,37561,1690,993,4365,1845,366,14902,130035,2626,6837,18751,34,32508,19339,75926,470,826,22617,145,720,167,34171,60630,109224,902,13944,577,33318,350,213,1407,2484,217,181251,9664,14,3329,30869,31045,318,747,5574,135485,575,39,1602,3923,13,35,213074,1937,22758,53638,25034,69250,64385,28905,46976,58710,6132,208,17,160,138,67866,16439,6482,3085,470,75,90,218,147,2147,1968,1138,9,20581,11691,3042,89,7918,87841,140072,41636,27930,11608,80182,17535
2012,1090294,17108,85,2776,76,9230,1393,54785,43096,3207,20736,315559,33,161104,30322,30688,17673,206,29,241,247,8518,40,8495,24724,23,161,83970,1344,8901,396,16379,23529,941,28384,16372,373,76,61,27943,57056,7,868,392,18025,1041,18723,143213,13776,42019,26071,16315,252,738,8183,24380,3457,8081,14972,10149,705,65285,252,7023,33387,142695,36,100923,444,63,42062,25362,116656,739,2097,6281,5478,26,301,78,116,979,21917,28158,1320,768,26008,147201,11,1572,71,18353,13688,4048,9,4379,25708,3852,846,113,913,787,145817,26461,803,183,13,131,2998,4084,919,16551,10598,5044,160,521,3284,204645,12987,35979,21524,1360,943,429,14071,6012,901,433,19553,25804,43549,13905,36005,12888,421,541,1147,31140,34523,1364,933,4185,1741,373,14300,118870,2354,5723,17077,37,30869,17936,69130,474,655,20654,151,665,149,32894,53888,101102,828,12315,528,30218,255,205,1234,2274,165,168576,8519,14,2849,27974,28601,313,624,5148,129404,549,39,1412,3488,12,25,194742,1646,20966,49007,23026,65489,59271,26980,42433,53495,5927,201,10,154,136,64415,15041,5930,2781,486,60,87,202,169,2009,1818,951,4,18971,10793,2755,79,7032,84166,130909,37456,25314,10409,73533,16323
2011,1020635,14982,94,2463,71,8126,1253,49085,36533,2995,19380,290815,28,145752,26317,28649,16511,198,18,215,196,7500,19,8264,22039,21,132,76569,1311,8036,353,14033,21007,854,24927,14854,320,69,57,25456,52015,7,876,337,17071,989,16971,132332,12215,38632,24372,14838,212,705,7544,22048,3183,7463,13909,9200,635,59329,209,6411,30511,129373,13,94726,336,78,36953,22879,106068,676,1862,6628,4879,21,246,84,100,793,19804,24067,1174,648,24609,133281,18,1462,62,15956,12355,3601,3,3758,22713,3213,757,125,807,727,133536,23808,685,166,20,150,2316,3632,715,14399,9711,4467,108,461,2714,187740,11852,31748,18948,1236,808,448,12733,5343,801,328,17753,23686,39824,12190,32464,11993,355,439,1050,28347,31270,1177,930,3848,1606,318,13797,106769,2011,4467,15830,27,28743,16253,61572,395,526,18812,127,602,118,30947,48617,92949,760,10948,454,26964,230,180,1043,1999,145,153076,7656,16,2397,25269,26019,253,519,4610,122163,494,40,1241,3027,11,33,175002,1521,20061,43949,20958,60397,53210,24871,38165,48003,5464,146,9,132,114,60290,13330,5237,2480,458,56,89,157,127,1749,1628,821,5,17222,9794,2556,74,6268,78672,118126,34000,22403,9073,67330,15085
2010,942186,12840,69,2088,80,7196,1096,43248,30633,2657,17818,264797,22,130091,22688,26936,15802,167,23,210,206,6469,25,7560,18790,15,123,69261,1173,6989,330,12094,18721,725,21421,13188,262,52,53,23481,47014,4,844,291,15985,876,15590,121626,10993,34595,22236,13395,192,627,6675,19704,2822,6915,12774,8069,519,53858,204,5539,28288,115171,10,86577,287,50,31633,20546,95048,609,1689,6417,4302,12,212,69,89,660,17549,20511,1122,567,23411,118882,7,1233,57,13897,11085,2949,2,3120,19876,2880,704,104,691,615,120163,21373,611,158,13,114,2058,3308,479,12278,8684,3875,111,438,2211,171636,10554,28239,16793,1019,671,342,11596,4576,750,289,15844,21365,36328,10723,28684,11105,297,407,885,25726,28087,974,778,3531,1524,266,13066,94705,1598,3611,14219,23,26106,14696,55342,388,503,16880,105,556,98,28580,41808,84110,672,9529,394,24242,204,178,863,1648,115,138339,6730,19,2082,22291,23595,211,497,4105,113222,426,28,1123,2592,11,34,154713,1326,18259,38396,18407,55198,46914,22258,33449,43042,5040,115,14,111,121,55523,11931,4838,2274,433,44,73,140,114,1475,1371,674,5,15000,8472,2130,64,5595,72349,107186,29766,19382,7580,60372,13733
2009,877683,11072,88,1795,63,6285,999,38195,25417,2287,16519,243679,28,117554,19786,24753,14586,118,16,192,158,5705,14,6745,17764,19,107,63673,1059,6251,293,10391,16953,659,18784,11588,248,36,46,21652,42861,5,913,296,14623,771,14075,112765,9995,31270,20490,12060,178,534,6220,17917,2502,6301,11770,7074,441,48035,206,4840,25516,102718,20,79985,254,53,27399,18308,85147,577,1518,6081,3619,2,175,63,80,573,15843,17417,1020,484,21671,106291,10,1038,61,12066,9680,2557,5,2680,17028,2401,625,94,590,571,109340,19133,487,147,8,89,1727,2914,404,10754,7804,3309,116,387,1753,158118,9473,24827,14636,858,555,313,10740,3917,620,236,14169,19002,32836,9307,25555,10165,225,339,773,23210,25398,731,706,3045,1382,225,11859,82667,1198,2962,12779,24,23520,13649,49783,321,426,15201,97,538,110,26574,37036,76154,574,8198,369,21631,145,133,756,1437,104,125177,6214,14,1632,20192,20473,195,402,3539,106280,377,30,1026,2182,17,32,135293,1179,16539,34369,16675,51297,42026,20244,29535,38814,4538,93,5,100,80,51773,10948,4156,2100,399,33,53,117,98,1189,1169,554,4,13343,7419,1871,52,4926,67640,96701,26655,17173,6680,54836,12605
2008,837238,10045,72,1602,54,5570,948,34662,22212,2053,15756,228234,17,108947,17444,24222,14092,126,24,156,142,5201,16,6518,16665,11,90,59783,1016,5743,276,9245,16149,610,16881,10442,204,42,36,20281,40706,4,851,303,14734,797,12956,108483,9176,28910,19996,11468,170,526,5874,16611,2336,5958,11990,6348,389,44932,196,4569,23855,95383,15,77250,250,59,24638,16804,79340,573,1346,5643,3297,1,146,58,66,508,15148,14945,976,361,20976,98072,5,947,37,11238,8910,2293,8,2539,15340,2232,539,83,556,535,102178,17786,441,145,11,92,1531,2693,336,9519,7600,2998,103,363,1479,150238,8783,22988,13436,769,507,260,10161,3479,634,186,13134,17432,31336,8606,23565,9806,185,265,721,21638,23895,647,678,2780,1358,231,11404,76463,1021,2458,12093,21,22744,12801,45850,290,360,13692,92,506,71,25487,34736,70784,485,7292,327,20037,153,118,663,1311,85,118382,5407,13,1421,19044,19125,184,358,3307,102952,363,36,954,1862,15,20,124226,1054,15855,31773,15300,48514,38960,19312,27092,36207,4286,75,7,78,75,49323,10325,3857,1908,380,27,57,106,79,1029,1056,467,6,12487,6991,1608,45,4464,65469,91220,24788,15976,5883,51633,11589
2007,786752,8980,65,1446,53,5023,780,31762,19741,1824,14709,215711,16,99960,15733,23505,13607,132,17,140,133,4698,16,6221,13396,9,62,56223,928,5054,229,8310,14947,526,14369,9547,200,38,44,18959,37745,2,762,261,14381,697,11759,102372,8406,27014,18583,10510,156,452,5445,15183,2240,5459,11396,5796,356,41572,187,4187,22395,87533,12,73151,222,39,21748,15237,72128,561,1289,5221,3090,0,117,42,55,441,14138,12877,921,330,20183,90274,3,890,31,10180,8180,1920,1,2181,13720,1949,475,71,474,467,94664,16416,411,145,11,85,1305,2435,254,8212,7146,2703,94,328,1229,138617,8080,21319,12139,706,472,278,9607,3122,607,131,11872,16232,29073,7698,21593,8712,143,244,603,20410,22545,492,646,2576,1371,194,11121,69179,844,2065,11300,30,21280,11711,41757,281,278,12241,79,382,62,24722,30776,65479,431,6482,300,18291,120,108,535,1025,47,110463,4830,8,1262,17859,17381,163,333,3001,98628,336,27,880,1649,8,23,113760,965,15080,29402,14293,46019,35610,17890,24567,33121,4022,49,5,54,65,47141,9734,3465,1639,335,16,53,95,76,975,955,418,1,11282,6379,1415,31,4248,63381,84994,22455,14503,5382,47622,10955
2006,750246,8020,63,1231,70,4397,721,28398,17154,1717,14121,203870,17,91063,13814,22490,13189,99,14,149,136,4191,11,5668,10924,12,54,52540,871,4664,234,7489,14148,478,12574,8709,185,40,41,17707,35214,2,662,244,14339,674,10837,96990,7687,25004,17427,9444,158,386,4932,14298,2025,5317,10689,5244,337,38663,174,3704,21168,79881,9,68861,200,44,19513,13865,65960,451,1132,4829,2536,0,116,49,50,385,13199,11014,897,298,19079,82549,5,824,43,9261,7402,1607,6,1920,12143,1669,460,57,410,471,87492,15350,349,132,6,64,1073,2277,220,7290,6404,2444,82,331,968,125790,7410,19203,11119,593,377,218,9057,2725,557,136,10956,14955,27644,6764,19471,7578,119,207,507,18776,20867,462,572,2406,1282,151,10801,62565,651,1634,10746,31,19704,10995,37960,273,198,11145,60,405,66,23520,28768,60934,381,5646,241,16795,97,108,413,1005,33,103192,4409,13,1103,16414,15582,159,286,2746,94329,312,22,815,1470,9,25,103441,940,14381,26851,13078,43528,32572,16513,22225,30519,3833,34,7,38,55,44340,9261,3238,1506,362,34,44,86,59,875,901,333,2,10252,5811,1217,38,3765,60337,79209,19851,12894,4858,44430,10508
2005,700524,6972,44,1047,51,3919,534,25418,14617,1507,13360,189061,7,81840,11893,21249,12375,125,16,111,123,3796,7,5453,10372,10,34,49198,762,4066,167,6215,13100,461,10817,7500,165,23,39,16618,32606,2,566,224,13646,589,9440,90807,6936,22641,16232,8750,116,375,4505,12941,1853,4924,10329,4620,294,34984,153,3360,18923,72058,9,63552,171,40,16783,12644,59615,386,986,4476,2184,0,87,44,27,351,12178,9165,814,286,17759,74767,8,713,36,8072,6789,1361,2,1636,10576,1354,414,61,341,342,80006,13900,313,126,9,47,805,1982,183,6350,6113,2194,79,303,818,114133,6571,16879,9867,501,307,186,8510,2476,462,114,9341,13702,25726,5580,17186,7058,116,168,509,17015,20101,426,510,2164,1252,150,10305,56225,512,1375,9695,26,17833,9950,34564,230,185,10304,51,334,65,22160,25887,55364,335,4659,252,15151,109,98,339,800,37,94625,3876,11,978,14568,14010,126,245,2512,88525,267,25,738,1294,8,20,92488,897,13332,24056,12202,40501,29357,15000,20136,27623,3729,31,7,46,71,41818,8675,2889,1375,288,28,37,79,79,786,712,280,2,9284,5292,1097,28,3514,56414,72292,17841,11504,4172,41182,9612
2004,639782,5881,41,1020,63,3313,520,21552,11839,1322,11851,167987,11,71990,9819,19491,11512,95,9,89,93,3098,4,5042,9268,13,25,43851,723,3483,149,5471,11045,363,8966,6502,153,26,30,14571,28882,4,481,185,12675,537,8292,80970,6159,20142,14617,7756,121,354,4038,10954,1666,4302,9187,3981,263,31185,129,2920,17561,63248,4,57797,146,35,14099,11267,53399,346,869,3784,1946,0,70,37,42,275,10852,7522,719,217,16282,65728,7,630,32,7010,5618,1162,4,1440,8891,1154,326,38,263,336,69556,12219,247,119,7,51,609,1747,110,5115,5439,1874,67,271,648,98136,5487,14905,8713,458,264,191,7639,2174,431,88,7781,11902,23409,4672,14999,5991,65,151,426,15283,17843,325,482,1956,1157,136,9633,48404,417,1084,8613,32,16205,8717,29827,198,145,8797,54,320,69,20072,21394,48796,323,3880,244,13302,80,80,241,662,34,83610,3121,9,830,13389,12134,104,224,2179,80188,258,24,675,1009,8,20,80024,743,12082,20906,10847,37144,25261,13182,17194,23711,3264,26,3,28,52,38252,7643,2551,1180,304,19,26,60,69,701,600,237,0,8034,4697,969,22,2991,50801,64225,15484,9770,3494,36563,8729
2003,594598,5126,43,809,60,2903,501,18956,9901,1070,11366,150443,12,64908,8598,18261,10768,74,12,82,79,2683,6,4634,8381,6,24,40791,624,2926,141,4646,10098,364,7790,5755,131,15,24,13425,26513,0,448,228,12386,417,6868,75265,5383,18304,13505,6968,118,305,3744,9521,1523,4035,8948,3436,245,27751,141,2656,15923,57470,17,53725,111,32,11818,9723,48723,368,776,3537,1631,0,68,39,20,205,9814,6249,666,184,14971,58714,7,560,33,6337,4942,863,3,1153,7470,1033,255,39,243,291,62179,10960,262,129,1,62,526,1522,101,4506,5122,1693,67,267,517,86527,5005,13101,7727,337,199,203,7275,1756,362,67,6564,10881,21097,3801,13305,5522,50,137,408,13753,16805,272,484,1647,1093,124,8936,42307,343,835,7814,42,14502,7932,26562,171,146,8103,52,303,42,18980,19558,44820,243,2974,188,11781,76,72,235,538,24,76163,2764,6,662,11921,10932,108,193,2051,75045,210,22,622,824,6,33,71888,708,11092,18820,9596,34092,23303,11874,15442,21232,3154,18,3,40,46,35945,7328,2228,1027,299,15,25,48,50,592,497,212,1,7042,3999,767,11,2849,47170,57604,14115,8650,2953,33701,7946
2002,565485,4717,39,756,40,2444,461,16664,7874,899,10592,138686,10,59805,7389,17614,10366,84,7,77,69,2578,3,4380,6744,7,14,37578,540,2828,127,4241,9076,281,6679,4967,180,16,33,12479,24941,1,380,163,11742,398,6326,70933,4952,16703,12669,6484,93,256,3541,8758,1388,3931,8335,3130,210,25682,157,2467,14850,52107,3,50193,112,35,10295,8839,44832,386,683,3276,1399,1,49,35,26,179,8923,5343,586,157,14315,53331,5,464,29,5629,4315,745,0,1101,6706,879,238,30,225,260,57440,9959,190,124,10,56,464,1374,69,3733,4590,1470,57,268,458,78539,4482,11874,6881,293,171,151,6729,1566,354,44,6016,9915,19966,3284,12007,5113,54,121,330,12840,15568,233,419,1444,969,103,8373,38114,270,662,7413,29,13204,6939,24225,159,111,7524,34,260,32,18425,17545,41438,256,2571,191,10642,67,65,195,467,18,70341,2429,6,581,10873,10104,112,191,1843,72110,233,19,551,741,14,11,65203,652,10371,17201,8817,32087,20940,10925,13646,18939,2896,16,7,28,48,33557,6646,2038,883,307,15,18,56,58,538,423,191,3,6540,3684,723,18,2527,44802,53107,12640,7709,2575,30900,7427
2001,547631,4252,54,755,41,2125,411,15313,6664,846,10047,132402,11,55635,6810,16893,9653,63,9,54,63,2367,3,4146,5579,16,11,35520,524,2547,109,3624,8507,281,6340,4552,140,12,25,11744,23952,2,393,206,11544,342,5954,67227,4489,15215,11971,5906,104,266,3482,8346,1374,3623,8084,2761,213,23883,142,2431,13960,48063,4,48707,85,27,9206,8233,42467,345,652,3334,1248,0,52,31,12,156,8653,4706,551,136,13602,49466,5,421,32,5160,4004,695,1,909,5824,780,211,24,156,275,54056,9373,197,101,8,62,421,1283,62,3600,4391,1390,50,234,399,73536,4238,11123,6256,283,143,142,6487,1435,325,31,5333,9235,18794,3080,11160,4900,47,107,322,12191,14703,189,389,1308,966,86,8095,34900,203,533,7242,8,11989,6707,22690,173,121,7338,32,246,34,17882,15834,39365,228,2099,168,9611,83,53,164,431,14,66695,2271,7,586,10178,9135,79,165,1728,69875,174,10,504,623,9,15,61071,621,10006,16106,8113,30774,19199,10466,12395,17470,2526,25,3,30,34,31072,6422,1877,795,266,11,26,58,47,415,398,147,1,6195,3499,613,23,2330,43783,50415,11854,7237,2302,29592,7272
2000,532622,3808,35,677,40,1890,373,13932,5632,755,9668,124145,6,52669,6080,16404,9380,44,9,65,75,2054,9,3744,4904,6,2,33999,429,2154,113,3356,7947,225,5696,3824,119,12,29,11278,22782,4,279,176,11576,319,5298,66262,4208,14356,11723,5351,104,228,3287,7609,1273,3429,7994,2411,175,22481,141,2201,13133,45012,6,46981,68,24,8307,7678,40715,276,592,2778,1242,0,45,25,14,134,8049,4146,507,115,13129,46698,7,421,27,4778,3646,547,1,804,5229,694,173,27,179,235,50519,8624,200,107,9,55,313,1223,60,3075,4129,1208,60,229,362,65351,4090,10526,5858,249,132,129,6309,1286,323,36,5134,8719,17706,2714,10606,4818,39,98,302,11799,14326,161,347,1162,991,74,7934,32191,173,440,7039,6,11441,6113,21431,130,112,6671,34,258,33,17695,15588,37178,238,1905,162,8494,74,47,135,360,13,63409,2050,5,485,9672,8338,86,162,1591,68763,184,20,479,537,9,14,56659,622,9925,15254,7584,29967,17933,9854,11476,16263,2505,19,3,25,36,29667,6155,1679,704,243,17,21,43,39,346,343,118,1,5669,3146,533,14,2173,41987,46975,11236,6425,1886,27973,6702
