Year,according to,additionally,adventure,aethetic,align,aptly,are presented,are shown,associated with,association between,based on,beacon,between groups,bolster,burgeon,can be,capability,captivate,catalyze,changes in,characterized by,commendable,compared to,compared with,compel,complexity,comprehensive,consistent with,control group,cornerstone,correlated with,correlation between,crucial,current study,cutting-edge,data set,decrease in,defined as,defined by,delve,demystified,determined by,differences between,digital world,disruptive,dive,driving force,due to,dynamic,effect on,effectively,elevate,elucidate,embark,embrace,employ,encounter,endeavor,enhance,enigma,enrich,essential,ever-evolving,excellently,explore,exposure to,facilitate,follow up,foster,fresh,game-changer,groundbreaking,harness,have shown,higher than,holistic,hurdle,illustrious,imperative,impressively,in addition,in contrast,increase in,indicate that,ingeniously,innovative,interaction between,interplay,intersection,intricate,invaluable,is consistent,journey,kaleidoscope,keen,landscape,leverage,methodical,meticulous,mitigate,moreover,multifaceted,navigate,new era,no significant,notable,noteworthy,nuance,number of,obtained from,occurrence of,optimize,our results,our study,over time,overarching,paradigm shift,paramount,participants were,pave,percentage of,pineer,pivotal,poised,potent,present study,prevalence of,previous studies,prowess,realm,related to,relationship between,reportedly,resonate,respect to,results obtained,revolutionize,robust,safeguards,sample size,scholarly,seamless,shed light,show that,showcase,significant between,significant difference,significantly different,significantly higher,spearhead,state-of-the-art,statistically significant,strategically,streamline,subset of,suggest that,symphony,synergy,tailored,tapestry,testament,these findings,these results,this article,this paper,this study,to determine,to evaluate,transformative,treasure trove,ultimately,underscore,undoubtedly,unleash,unlock,unparalleled,unprecedented,unravel,unveil,unwavering,utilize,valuable,versatile,vibrant,vital,was calculated,was measured,was performed,was used,were collected,were determined,were significantly,with respect
2024,0.893353765,4.33226564,0.912300201,2.362510113,4.344298968,3.903097366,-1.176364141,-1.716900879,0.984944007,1.33966868,1.742363366,1.952798134,0.717655608,9.454770198,3.969973506,0.579662671,2.977323602,11.46128413,-2.403852053,1.428762777,3.552804452,27.18492405,1.651207681,-1.993920414,10.42509664,2.00848646,4.146314441,-2.03237817,0.737364579,2.154019435,0.328184336,2.356010491,5.95005862,0.645212751,12.44182354,0.041968566,0.141371891,1.111541897,0.545693715,100.2746075,5.000500356,-2.204979354,0,5.220675829,0.436555826,3.916854658,1.167744198,2.363529049,1.688817114,1.425319185,5.483276455,8.142648542,3.10505074,7.546396847,3.354173436,5.326288647,4.387028915,6.109426442,3.537787168,7.751775071,2.482823005,4.376316446,4.820394729,2.886023024,2.887409708,1.156436076,2.601970295,-0.430967881,5.04875819,-0.61234448,6.17324373,11.36861037,4.698342667,3.954246186,0.616484189,9.112532444,1.959188817,0.588865108,6.103195405,15.16661365,0.756062592,-0.869338309,-0.089393272,-1.376767395,9.890883414,4.227098655,3.581503075,3.263843888,4.787269546,21.05617122,7.450348006,-1.301332524,3.577293552,0.566179293,2.417873386,3.169592945,10.23174547,2.328643332,27.79804099,6.185501881,1.702379014,4.992535938,4.88769273,2.869870103,1.286983655,10.2052209,11.39006925,6.575518001,-5.918612039,-0.962552391,5.162870478,1.787908415,0,2.016739627,1.142423149,2.38539625,1.943661715,3.208474993,1.367596308,4.29550653,-6.802859114,7.833405864,9.76166098,4.291201779,-0.784264405,-2.023116172,0.966247023,0.451193838,11.55518653,15.04376492,1.564077043,2.264952168,0.533074747,1.877650649,-5.390138711,-1.529294182,5.808552828,1.823508344,8.567693747,1.236775545,3.374298907,4.476734161,4.527482406,0.315556995,24.36760491,0.515102646,1.30229625,-1.558554789,0.454770532,2.330144434,2.794436653,1.314231881,4.48551356,4.790137562,-0.918082779,-2.666946734,17.02097374,4.153457219,3.487330231,18.202797,6.814018131,4.294787948,-1.809766201,-0.232140958,-0.120415928,1.72371015,-3.6162064,0.772600769,7.895188315,2.642550443,3.758507532,34.90688872,1.302538182,5.576494139,11.27273512,3.842716451,1.357516207,4.825419438,9.894998653,8.13430843,4.763591783,6.114475406,1.974733134,2.74163539,3.593863777,0.628495428,-6.14887836,0.903687768,0.880546207,1.184019574,-3.126441792,-0.021067455,-5.609480219
2023,1.494273713,2.660288101,-0.399118171,1.925464369,2.355602819,2.673940276,-0.952743331,-1.342068447,0.831602018,1.154614387,1.799483452,-0.75869886,0.683215247,4.633448932,2.084513064,1.218915028,1.752387982,5.280256657,-3.471193531,1.354000311,1.603000987,7.566458519,1.276751441,-1.037531461,3.30205099,1.344649925,2.471772588,-1.778391885,0.715374438,1.755583234,0.464282146,1.420293253,3.262256312,0.863173492,8.14621431,1.096056627,-0.257445151,1.004799058,0.316195679,29.20336988,4.817496751,-1.909864479,0.639941914,5.128143774,0,2.156585202,1.619901198,2.242335548,1.35992079,2.332295367,3.624052602,1.791235008,1.438228642,1.340203741,2.185921257,2.543492478,2.574845005,2.42471981,1.752657103,1.63880005,2.426168107,3.497447146,2.608342083,2.609726691,2.237851629,0.121799681,1.632749074,-0.584017881,2.664846685,0.130260205,4.928667332,4.409725374,2.635676162,4.125957718,2.483522778,6.960734386,1.213265736,0.414750178,3.055563866,11.50784278,1.682474644,-0.947410051,-0.438991963,-1.647154164,5.756362671,2.338182502,1.707335181,1.365505486,3.726106223,6.631466732,2.520831071,-1.046188133,2.462941838,1.037202604,1.474158561,2.163936292,6.787577915,0.960470322,8.956827769,3.974446596,1.620008992,2.235008074,2.875065477,1.950004837,0.893467204,3.810482363,6.140109297,3.4160185,-2.682550175,0.404615534,3.270957388,1.496264085,0.321644113,1.687992839,1.07504179,2.1965025,1.112834781,2.039833811,1.291051426,3.037649666,-4.150874585,3.049380456,2.68241455,1.175836287,-1.239642998,-1.17161271,0.876499286,0.712182383,4.020553302,4.779567555,1.910921438,1.985194482,0.987290376,1.107269749,-4.307990671,-1.040841941,3.656006117,1.26752014,4.46754791,1.152997905,2.892352922,2.562529798,2.680930777,1.530680498,10.40984153,0.640421145,1.161202596,-0.118682339,0.648657069,0.868796822,2.861025452,1.294320366,1.905318463,2.584360232,-0.781857159,-2.606548622,9.024277849,3.025214035,1.971840294,5.615137903,2.01976497,1.994131894,-1.658190102,0,2.841886644,1.405870266,-1.902033415,0.847925628,3.516707453,2.272836257,2.346445976,8.897017742,1.952162607,4.138836149,6.264227351,1.936793853,1.472982393,2.07959947,4.240078271,3.159434631,2.888752689,3.065523597,1.262655752,1.294653492,2.783288402,0.746118215,-5.042657711,1.187351779,1.313517313,1.261769595,-2.639387076,0.487340425,-4.475457606
2022,1.690441413,1.648032667,-0.598622299,1.399461285,1.373160427,1.110216305,-0.864569702,-1.20835296,0.888038485,1.088055086,1.733518622,-0.497605469,0.750896017,2.692944128,0.772074608,1.179656785,1.257530975,1.43241407,-4.432689674,1.215231879,0.423970158,1.914148655,1.071418557,0,0.120841892,1.055712065,1.672544323,-1.72462118,0.997690286,1.494172757,0.955718432,1.139889546,1.718788166,1.006359158,3.944830235,1.58070493,-0.6745,0.995703718,0.3383275,5.075720361,3.448732919,-1.624330691,0.827765513,4.541872135,0.724794045,-0.116463686,1.287689012,1.92326147,1.115994018,2.589295815,2.644573722,0.579302616,1.038273256,0.554741101,1.473820881,1.369223726,1.836611804,0.977861219,1.020447654,0.893731313,2.284860356,2.628644592,1.463760261,2.575155955,2.021087064,0,1.19534006,-0.377944688,1.927275805,-0.238113074,3.588417376,1.586136401,1.637781666,3.220242492,4.175853185,5.699541162,1.132779934,0.73781452,2.086564801,8.535432724,1.921444797,-0.998307576,-0.705965155,-1.230496874,2.99300446,1.636958848,0.768427449,0.740874455,3.070150187,1.169838433,0.535957773,-0.966011377,1.928339879,0.409091445,1.565755626,1.695465536,4.528185127,0.923814126,1.342238562,3.058548049,1.64331175,1.276157589,2.191398725,1.195712795,0.966008073,1.761989603,3.210130361,2.527842358,-0.605384969,0.302226206,2.966270523,1.216764547,0.507639415,1.425426522,1.02341015,2.089375806,0.873212484,1.477887491,1.268731344,2.463478495,-3.115135564,1.657099566,1.256962565,0.193377996,-1.384389307,-0.349473626,0.914483318,0.90446673,0.668275106,0.893798226,2.247283367,1.874946612,1.52391788,1.324719556,-3.477600262,-0.943226573,1.639602103,1.042301,2.475615942,1.008099431,2.42290902,1.513138082,1.652278333,1.922796604,5.16689182,0.96985156,1.165048253,1.083529778,1.047278371,0.782944231,2.505353218,1.168009768,1.359199647,1.734733191,-1.12394559,-2.493950486,4.920239635,2.442437012,1.370507018,-0.06330098,0,0.853980677,-1.526018149,0.049872831,4.709151256,1.249816045,-1.012896189,0.91672124,2.08421729,1.589281414,1.467028928,1.58081461,2.132589956,2.295932283,3.406135555,1.370927908,1.727535187,1.046775616,2.148070007,1.098607005,1.806950917,1.449982071,0.958765408,1.070621296,2.440984652,0.853013231,-3.829024836,1.330631079,1.379522886,1.318589035,-2.347560461,0.980052449,-3.636028226
2021,1.286784097,1.39864254,-0.88432694,1.042531631,1.106637861,1.30042484,-0.776498815,-1.191303608,0.907956902,0.964913054,1.301964786,-0.09346493,0.799656905,2.283378254,1.045228801,0.988294378,0.938940601,1.576958307,-4.599750112,0.988043878,0.33553762,1.592368152,0.969379548,-0.067099112,0.396328918,0.883810523,1.41221569,-1.604214667,0.625819171,1.337776179,0.750191863,0.723414171,1.393340289,0.889252736,2.808403969,1.010884999,-0.817622155,0.99310047,0.736248625,3.749223837,2.944427666,-1.537342356,0.746031293,4.102895345,0.821528016,0.78341616,0.796469171,1.725781644,0.817852151,1.410721303,1.883529594,0.574517253,0.915902882,0.399076162,1.64220048,1.055075669,1.780581921,0.82364625,0.730491677,-0.141555535,1.798966531,2.068666464,1.069581122,1.560818204,1.595310031,0.361051851,1.081689388,0.38328921,1.576639559,-1.005405015,3.298398948,1.520882464,1.598376025,2.507403417,2.393554944,4.61120856,1.081206479,0.723408463,1.970917729,6.70054208,1.017293057,-0.931062074,-0.733296947,-1.454729586,1.849484264,1.379922604,0.534303038,0.897344492,2.300323927,1.162552208,0.926886392,-1.015546957,1.577728389,1.196572657,0.901823195,1.484059126,3.799248407,0.443448979,2.9158858,2.765696692,1.408813762,1.249048982,1.94339269,0.926296289,0.690106013,1.555909365,3.398618127,2.390044444,0.180531401,-0.462176054,2.13801039,0.917979633,0.602128025,1.184713313,0.95418426,1.667374845,0.86653217,1.557283954,1.066369151,2.155558979,-1.603751173,1.462192359,1.204541122,0.6745,-1.266832022,0.076701804,0.980781376,0.639604291,0.192999008,0.88688907,1.94381192,1.250770636,1.661676204,0.6745,-2.775033705,-0.887615294,1.60245549,0.912975239,2.208110716,0.820379332,2.316979811,1.443125331,1.412172123,1.004972708,4.167676869,0.894050412,0.900239548,0.923815732,0.882018754,1.37268197,1.997109454,0.895755993,1.184858976,1.653217576,-0.10513586,-2.189070011,6.394847031,2.040145855,1.227373368,0.910155835,0.548889617,0.684131312,-1.357047146,-0.008101915,1.882691205,0.959798322,-0.6745,0.852356356,1.737945591,1.292833727,1.23732472,1.367853329,3.157590732,1.934136206,3.159099524,2.001363286,2.13071628,1.103082791,2.034724981,1.08750205,1.449596301,1.153721896,0.906052779,1.140209841,2.097186451,0.762799318,-2.887840312,1.247660812,1.053972108,1.167369114,-2.182127584,0.832563642,-2.916673726
2020,1.008503974,1.162839592,-0.991905838,0.6745,0.905329416,0.566273092,-0.719447222,-1.068311142,0.680163866,0.774857777,1.001839159,-0.410749171,0.734672356,1.66005688,0.937774685,0.923856968,0.823203948,0.708721303,-3.344461411,0.278667753,0.333362039,1.541955351,0.74864305,0.392825008,0.34201395,0.687871058,1.075102152,-1.546334616,0.507143455,1.013069523,0.505070333,0.463665863,1.124887488,0.794634183,1.892177486,0.810866871,-0.873699824,0.821938944,0.784217493,2.371923677,2.621014439,-1.285174819,0.400292145,1.713149405,0.280280857,-0.344020158,0.475354683,1.351496951,0.6745,0.902170001,1.426755714,0.559000593,0.736635806,-0.6745,1.12091919,0.774711858,1.153803664,0.6745,0.681352146,1.413381431,1.450601812,1.283815526,0.676631572,1.547245989,1.22676453,0.989061056,0.857810144,0.547221682,1.154797719,-0.913808449,2.686744287,1.068657503,1.294746294,1.610941059,1.782978157,3.381023907,0.892378266,-1.093129194,1.58592406,3.901255186,0.817892247,-0.913098311,-0.990951971,-1.067218141,2.478554142,1.104159781,0.31736737,0.682199069,1.662085225,0.838531542,0.413913683,-1.012225027,1.153297366,0.004804644,0.744411176,1.207888002,2.753472196,1.155060127,1.794758679,2.19568138,1.24967402,0.952938193,1.447504176,0.648420817,0.527420408,1.172369822,3.461416623,1.725728868,0.102184165,-1.061408567,1.325667941,0.751160503,0.6745,1.017563084,0.6745,1.325223562,0.765202486,1.289112403,0.846745617,1.793120979,-1.952705758,1.149537779,0.926402312,0.454373935,-1.160547204,0.446285295,0.6745,0.696085281,-0.764351427,0.775255489,1.339530687,0.830943312,1.179569082,0.500906862,-2.207179167,-0.894369204,1.435118271,0.755951984,1.925243825,0.745817218,1.851849418,0.905031842,1.164140561,0.73588839,3.249203597,0.935023524,0.627915109,0.812449465,0.619410778,0.733094339,1.520053726,0.606409257,0.920431605,1.412468958,-0.044634419,-1.942324453,1.556958244,1.681400806,1.03515278,1.586787181,-0.802769958,0.394550601,-1.107718752,0.084619577,1.920194745,0.755839315,-0.585338917,0.722036223,1.358175514,0.780826267,1.049396964,0.6745,1.520680715,2.412838762,2.230173365,1.275583592,1.962273403,0.845264908,1.673951974,1.510330524,1.190505121,0.89678041,0.836162541,0.374527388,1.655976954,0.644357597,-2.136255656,1.105231034,0.868528665,0.940679615,-1.845370502,0.656842739,-2.354757972
2019,0.862652505,1.075240198,-1.083721153,0.434905305,0.956321581,0.728171693,-0.620494501,-0.856424914,0.672886248,0.745477387,0.914988812,0.545159642,0.737403439,1.248945262,0.943677139,0.953685358,0.866415611,1.658042851,-0.168343226,0.481241365,0.6745,1.022912397,0.738603308,0.781482987,0.605160267,0.674711106,0.889821206,-1.200552989,0.709711886,0.6745,0.6745,0.529202082,0.912209278,0.848631529,1.385093419,1.152527308,-0.724174315,0.83056055,0.851856965,2.051526489,2.469203679,-0.882383647,0.755747178,1.363607275,-0.036269744,0.401573572,0.804619352,1.096978173,0.763913688,1.649223879,1.229469332,0.84940877,0.817221493,0.307724853,0.670122042,0.793695857,0.519792054,0.501877793,0.778648557,-0.634867795,1.278154893,0.6745,0.674002208,0.562552812,1.044209114,1.57873861,0.813440754,1.276569087,1.061540822,0.108462431,2.297404093,0.897908829,1.027844166,1.252451801,2.372090174,2.262082234,0.715625075,-0.779125241,1.181061224,4.846584615,1.06897385,-0.701583373,-0.825554192,-0.079122923,2.483090704,0.93504817,0.776973792,0.550771441,1.38750693,0.550727102,-0.302077376,-0.764449928,0.811366917,-0.798483848,0.59326397,1.025172302,2.192995923,0.484264743,0.034272428,1.489553,1.201059749,0.768951392,0.999621121,0.857014828,0.717299822,0.968830495,3.827066847,1.509482913,-0.222912294,-0.065031129,1.002504943,0.748930026,0.907022117,0.910951857,0.689812099,1.187499399,0.6745,0.885334228,0.789624294,1.496988209,-0.978331193,1.199455659,0.748593348,0.390997437,-0.785786568,1.205222961,0.513659632,0.925846149,-0.899888477,0.6745,0.977201069,0.731837476,0.942877554,0.683093536,-1.409447428,-0.72664213,1.150190079,0.740917137,0.883130576,0.704982904,1.829559731,1.219810431,0.978069748,0.945227016,2.39747708,0.756423925,0.648646395,0.872201062,0.642037134,-0.003685316,1.363183368,0.565667251,0.6745,1.240273883,0.231274047,-1.382152885,0.273536774,1.642257761,0.954701854,0,0.853592532,0.6745,-0.692543348,0.161078089,1.550985985,0.702385572,0.391996531,0.6745,1.092000686,0.74386999,0.872786531,0.468214833,0.014932821,1.810477668,1.561997037,1.039583923,0.809181363,0.79643921,1.386648637,1.157236785,1.094500077,0.82339872,0.913598294,0.6745,1.288038782,0.737784354,-0.489793675,0.969428195,0.84738357,0.784409433,-1.168177216,0.871392252,-1.519213159
2018,0.6745,0.947570314,0.6745,0.385264816,0.781960091,-0.2813509,-0.46753235,-0.738378509,0.589760019,0.649865165,0.745556499,0.392251996,0.661707853,1.18891886,0.754482982,0.810652503,0.724681085,0.80377732,-0.002430192,0.595097379,0.440790245,1.149260797,0.719475308,0.6745,0.297880562,0.6745,0.734200466,-0.98419155,0.599839796,0.760451669,0.547500973,0.459520779,0.72993174,0.706899363,1.464539486,1.021760518,-0.703785287,0.710605819,0.526218324,1.222101113,1.079721275,-0.816872675,0.742022935,0.767337581,-0.316345439,0.331327878,1.053325154,0.93233796,0.733244723,0.962422952,0.912948718,0.842528249,0.715404277,0.772484554,0.650278899,0.708890844,0.6745,0.673410888,0.719660522,-0.527342445,0.9531081,0.500783738,0.703235803,0.749079793,0.844875532,1.263926252,0.686849512,1.117617802,0.920741543,-0.147141902,1.333635104,0.769424332,0.962029802,0.743002052,1.52889229,1.909845484,0.611347836,-1.303024843,1.049974287,3.801669088,0.902122609,-0.598088941,-0.6745,-0.01665406,1.238825001,0.797704762,0.57141121,0.495875343,0.971510379,0.6745,0.622295683,-0.590930786,0.753937544,0.222166756,0.876213192,0.923332202,1.708066227,1.138096888,0.902527958,1.177881594,0.991769719,0.6745,0.837421718,0.6745,0.5703922,0.868267051,3.986877556,1.248485707,0,-0.686721825,0.614425385,0.6745,0.910958256,0.752257608,0.660311689,1.069145733,0.585036248,0.764135923,0.681794061,1.357841547,-0.359843181,1.294262729,0.6745,0.469353834,-0.6745,1.479655816,0.349407847,0.931422903,-0.6745,0.956418383,0.704307625,0.598174615,1.581044065,0.733673165,-1.077679295,-0.659950993,0.991764211,0.6745,0.761688413,0.580198057,1.577390313,0.86070972,0.786673463,0.6745,2.146967953,0.6745,0.518168323,1.095343105,0.588858676,0,1.200415189,0.442739297,0.648858373,0.993475912,0.626888409,-1.05797191,-1.455615212,1.164947732,0.849321843,-0.055059775,-0.728955873,0.688757514,-0.501560093,0.775575368,1.76354785,0.565105024,0.546390039,0.557209566,1.250876024,0.766401104,0.761119952,0.653022818,-1.006274009,1.118095934,1.483256061,0.940882639,0.792871121,0.6745,1.037294122,0.05441976,0.92887868,0.6745,0.776239177,0.906459773,1.012211726,0.674078757,-0.046810012,0.809339533,0.677151755,0.627525265,-1.211478751,0.81633585,-1.186109417
2017,0.47941754,0.748250127,1.360403638,0.311021665,0.641718835,0.229297449,-0.523704447,-0.6745,0.535902267,0.551690888,0.54275098,0.540229393,0.645584188,1.038571078,0.6745,0.524820476,0.537460478,0.583216678,-0.502081633,0.5308321,0.181594932,0.726797582,0.612443554,0.783600304,0.754328346,0.538611296,0.590357776,-0.838442591,0.470875809,0.597482669,0.492736561,0.192261958,0.613118158,0.554456338,0.858780123,0.553369961,-0.81695821,0.647358493,0.6745,1.017637601,0.6745,-0.782588508,0.524486104,1.228069886,-0.50631097,0.692732786,0.6745,0.6745,0.541031059,0.377479998,0.625051537,0.82669249,0.576682117,-0.100219669,0.699913751,0.464023035,0.410631759,0.388821324,0.501846753,-0.6745,0.744699411,0.438028529,0.41449502,0.6745,0.643949002,1.018701589,0.569497795,1.078293557,0.859739539,-0.438413521,0.994976726,0.6745,0.771561998,0.124930837,0.636210836,1.379917776,0.641645842,-0.348919106,0.756577016,2.674399214,0.589497655,-0.493942933,-0.566184737,-0.127305452,0.667323984,0.678349707,0.145373918,0.416648245,0.6745,0.575867338,0,-0.603831491,0.584550468,-1.299233494,0.901857617,0.735198112,1.260467836,0.674240027,1.351636341,0.863873697,0.794539589,0.465917861,0.644701323,0.371894676,0.459774633,0.51819354,3.946946174,1.05579479,0.382617437,-1.063270425,0.35826361,0.424617642,0.866761478,0.63375037,0.612190437,0.785435379,0.60779482,0.6745,0.563899032,1.042949912,-0.304271984,0.864775083,0.530891779,0.503702179,-0.531172885,1.489717523,0.263685899,0.735235461,-1.016969264,0.435371693,0.545623112,0.410436901,0.665822945,0.617993794,-0.885401678,-0.668176697,0.708349222,0.549732695,0.515744748,0.469882194,1.393411735,0.842257073,0.627157156,0.470931867,1.404215615,0.540472262,0.464675616,0.932442968,0.528814143,0.290791035,0.859730944,0.372761409,0.478711569,0.790208369,0.6745,-0.792494858,-0.63330916,1.166176247,0.632648533,-1.807988938,-1.383341934,0.617266321,-0.414805971,0.176947765,0.060506377,0.447588061,0.747090199,0.461811713,0.742351497,0.607805075,0.597020806,0.658750748,-0.6745,1.108855202,1.260590561,0.853135671,0.760720048,0.540287066,0.800619439,0.798937598,0.690262112,0.542820558,0.583587455,0.386099932,0.816698481,0.549855787,-0.153929625,0.584763232,0.453621445,0.498065014,-1.232873817,0.751005962,-0.978209721
2016,0.42679017,0.555784639,0.194906035,0.214602862,0.454551268,-0.163758649,-0.358016412,-0.544132608,0.38828901,0.438088969,0.415460488,1.151720114,0.543440121,0.598130573,0.269092968,0.328588581,0.39046298,0.348877743,-0.872557226,0.322309617,0.121519923,0.548947699,0.440821472,0.885487514,0.435629027,0.388570783,0.470102984,-0.755772371,0.535892962,0.472408236,0.402274244,0.29287074,0.418285244,0.419507039,0.548158552,0.472025696,-0.712641203,0.560006188,0.658595863,0.551401284,0.68813119,-0.680866293,0.548141748,0.684150389,0.042497882,0.017384749,0.469637687,0.477342777,0.358890258,-0.334869966,0.438958127,0.6745,0.365452278,0.956629182,0.462478247,0.318619675,0.333522984,0.178092615,0.313543262,-1.179685199,0.4618591,0.201781247,0.273079472,-0.982368244,0.449974382,1.009336526,0.408714842,0.939796835,0.667771978,-0.020068043,0.733606632,0.588314567,0.528599439,-0.003723416,0.541410958,1.422846017,0.580171959,0.769431707,0.592607354,2.095367595,0.360987541,-0.417011362,-0.659045665,-0.426697713,0.772341685,0.525529904,-0.250645761,0.31899728,0.633618193,0.539200986,0.915274512,-0.492215229,0.342470406,0.041656267,0.360743047,0.571467389,0.886427347,0.701147235,0.540884053,0.6745,0.564441013,0.364461452,0.482188283,0.512067326,0.339807769,0.330600332,0.831261997,0.766219085,0.727922631,-0.522940103,0.303830942,0.298737241,0.631127313,0.496957278,0.469342149,0.594818596,0.381748033,0.439964299,0.45104718,0.758054957,0.049909127,0.892055593,0.403006817,0.243282391,-0.601346115,1.154166982,0.225094801,0.428012765,0,0.701852088,0.359079358,0.365239067,0.647320401,0.171500316,-0.583503576,-0.598824627,0.644957771,0.420633004,0.439921909,0.354139014,1.145323709,0.752508196,0.432805292,0.224015813,0.945859305,0.52346851,0.360876445,0.852050645,0.464288806,-0.842454447,0.634635895,0.348099597,0.313522079,0.695556849,0.668238254,-0.764348464,0,0.801473957,0.492948388,0.439057299,-0.324627922,0.31079789,-0.461854153,0.271546671,0,0.357432136,0.720090679,0.345861816,0.670461332,0.713767937,0.50241619,0.437035114,-0.80573688,0.339893706,0.765322254,0.946022494,0.620944669,0.385243511,0.587203702,0.4015939,0.50089781,0.413112637,0.479160921,0.257673813,0.590148073,0.383008892,0.407637034,0.467749403,0.323893256,0.379296119,-0.993876812,0.560116985,-0.643525264
2015,0.360147344,0.432799538,1.798092668,0.310795239,0.248962752,1.588378911,-0.292226282,-0.393762986,0.317768065,0.384303201,0.287438036,0.498129964,0.396412534,0.554109064,0,0.217378124,0.270609487,0.073061885,0.543817973,0.205205899,0.261151684,0,0.279411765,1.192002978,0.774433996,0.279353104,0.318243856,-0.486803863,0.600021773,0.296275495,0.45787652,0.260351673,0.30819576,0.313907657,0.311210417,0,-0.465595527,0.361278524,0,0.488934485,0.234294792,-0.497945969,0.6745,0.883679546,0.6745,0.23855268,0.186821136,0.301800084,0.26573653,-0.395982994,0.326122806,0.269902884,0.258302981,-1.167811491,0.351100445,0.254979152,0.406620721,0.102964581,0.266029443,-0.586121854,0.342023763,0.062969088,0.001063659,0,0.330245266,0.195829213,0.264409219,0.975251823,0.326222559,-0.771483668,0.382040949,0.514513603,0.387259755,-0.3337089,0.444261636,0.997889117,0.473243895,0.6745,0.392577906,0.6745,0.268104587,-0.337862351,-0.485411307,-0.271881529,1.228366587,0.370730415,0.061118021,0.277987732,0.371727448,0.30763029,0.627294267,-0.28586617,0.181587658,0.882613171,0.486417938,0.405786002,0.590658581,-0.504802611,-0.548327838,0.437144465,0.387981134,0.323422515,0.269314338,0.262441015,0.468900022,0.275025045,0.122314037,0.629952627,0.602560793,-0.6745,0.128815645,0.196287246,0.56588334,0.373700657,0.260517722,0.480676526,0.300961738,0.279264148,0.357256519,0.515283324,0.155363214,0.585679992,0.227128188,0.731036248,-0.516975477,1.240289004,0.161515699,0.431428703,0.421681947,0.411207885,0.248022609,0.366885895,0.398043114,0.093139858,-0.436978449,-0.517203561,0.334451414,0.301648444,0.355803664,0.258853798,0.562322973,0.4850395,0.28209144,0.164369016,0.715823397,0.346933621,0.459640249,1.178578118,0.513171231,0.252847548,0.417204734,0.378859898,0.381468828,0.488647525,0.549185062,-0.497869217,-4.171620789,0.6745,0.372209844,-2.282486971,-0.125610383,0.20085242,-0.384160611,-0.203154738,-0.176387973,0.280815665,0.880848108,0.273949701,0.343323803,0.274976503,0.278467369,0.143937991,-1.172833832,0.6745,0.465385672,0.666446489,0.392161659,0.258461495,0.422470759,0,0.332588587,0.253431503,0.37300645,0.262814782,0.392763099,0.34789454,0.911085299,0.432547911,0.257056421,0.252875265,-0.668793126,0.6745,-0.514161035
2014,0.269771637,0.28188995,-0.725610281,-0.08311978,0.206476108,0.842239152,-0.191273149,-0.257775354,0.247645772,0.279001266,0.201300811,1.266934085,0.288334761,0.388819088,0.119658834,0.172280553,0.21712173,-0.141157902,0.291731294,0.26387796,0.202969507,0.293692497,0.150727929,1.228494176,0.320175054,0.242659968,0.214912313,-0.38083331,0.334992608,0.215120088,0.348849347,0.194944568,0.203742647,0.253238655,-0.136554563,-0.136939267,-0.343622474,0.234781327,0.510731408,0.276077169,0.703309479,-0.287416206,0.642348512,0.956257632,0.013848448,-0.037341876,0.161566126,0.2128135,0.178993057,-0.092203155,0.22977335,0.374572199,0.205519583,2.049311972,0.049222578,0.131931453,0.106199524,0.040500064,0.163548418,-0.120568861,0.235229096,0.103956075,0.15967644,0.297490284,0.239818102,0.6745,0.196286861,1.184093991,0.249842389,-0.6745,0.240196344,0.381616049,0.274929043,0.098036098,0.188131985,0.6745,0.221624994,0.134082521,0.204525121,0.087846128,0.186327876,-0.240731921,-0.248702823,-0.061128833,0.442441655,0.249856875,0.054143476,0.215172245,0.422569197,0.203718091,0.924808329,-0.32947206,0.209226111,0.6745,-0.254069125,0.240529225,0.312538053,0.520530979,-0.299364234,0.303821415,0.255488415,0.257682824,0.131431302,0.011110284,0.312008025,0.118447365,0,0.414948907,0.9511714,0,0.508944906,0.184950756,0.405612076,0.255187522,0.206797353,0.358376711,0.303221163,0.271644382,0.247196248,0.323653307,0.136508888,0.419755228,0.098287478,-0.21038055,-0.226520315,1.062905712,0.22491268,0.308936261,-0.497026823,0.06308709,0.181099245,0.292220352,-0.042109238,-0.032614693,-0.14182296,-0.220844143,0.240932597,0.207585537,0.085217441,0.163963147,0.480946593,0.660297564,0.155682197,0.202952388,0.503061061,0.315690955,0.293465106,0.909778569,0.438937482,-0.6745,0.311843962,0.275390998,0.224514382,0.365218119,0.713881206,-0.30545888,0.216806875,0.411001967,0.219346521,-0.723854871,-0.553031577,0.109311019,-0.25667651,0.481303851,0.073201097,0.212816204,1.233060545,0.227624697,0.233101106,-0.07753651,0.116205996,0.287969982,-0.652670795,0.114509601,0.438114446,0.011709233,0.254414679,0.165568184,0.279835695,0.353280039,0.230790148,0.211838812,0.297825016,0.472224187,0.271394978,0.291843571,1.24108496,0.343478346,0.179624052,0.234547052,-0.27313439,0.575920216,-0.176589802
2013,0.158949117,0.129965236,-1.079388687,0.166335084,0.140718337,0.036261641,-0.127871666,-0.143301295,0.155101648,0.154748039,0.084565823,0.943670607,0.207187099,0.193580317,0.084191505,0,0.062953685,0.073249383,0,0.381073067,0.296411473,0.028924931,0.079103594,1.113365145,0,0.092056609,0.098710917,-0.077889014,0.231864161,0.132418414,0.268704781,0.00971341,0.1017961,0.124124046,-0.046905035,0.182658306,-0.188331653,0.173776223,0.004443972,0,-0.526968152,-0.218917912,0.525171007,0.6745,0.018288744,0.133763631,-0.047305338,0.120945295,0.079558056,0.061225021,0.101401695,0.25790768,0.095954,0.979629236,0.019538846,0.064430765,0.07574588,-0.027157405,0.105253955,-0.353261745,0.123578429,0,-0.328564163,0.285117599,0.105242175,0.01786689,0.12061031,1.173355162,0.185360045,-0.150407412,0.063198847,0,0.080364229,0,0.281415671,0.310750346,0,-0.972721407,0.158444468,0,0.051295891,-0.120082789,-0.103344948,0,-0.229404087,0.153902307,0.029914074,0.058944879,0.307807721,-0.038783394,0.414685936,-0.07642336,0,-1.002753303,0.114969635,0.149935152,0.135674399,-0.084101272,-0.201509473,0.144912487,0.122456169,0.032645515,0.13524405,0,0.244155655,0.143321168,0.127967818,0.126124706,1.143207518,0.288729665,0,0.065322411,0.24467775,0.135882223,0.109344261,0.028535518,0.102492577,0.125359856,0.149002195,0.18543966,1.349036733,0,0,0.071050324,-0.078429724,0.666562451,0.136479836,0.180103967,-0.070812717,-0.023018361,0.133537583,0.202315729,0.107610259,0.368114501,0.026385564,-0.184211605,0.059350647,0.13348928,0.093983932,0.073269275,0.45396943,0,0.052784739,0.084343373,0.210623595,0,0.201313557,0.6745,0.244599579,-0.732680014,0.144075345,0.227451515,0,0.228716547,1.008012744,-0.079196372,-0.578552475,0.258636925,0.105137852,-0.243719428,0.25396754,0.110890477,-0.05306373,0.978095595,-0.042230941,0.109800931,1.131911232,0.100216041,0,0.24256279,0.100510976,0.268399385,-0.888736451,-0.031655117,0.033252445,0,0.021595634,0.059428216,0.157390276,0.267850423,0.06871475,0.079549017,0.082070024,0.149639896,0.177070673,0.1461118,1.437585845,0.176748026,0.070007513,0.119143395,-0.281101663,0.379442641,0
2012,0,0,-0.189016445,0.177437062,0,0.263894347,0,0,0,0,0,0.740831078,0,-0.022026856,0.025493129,0.025130565,0,0.577154229,0.6745,0,0,-0.132887298,0,0.883901353,-0.414097163,0,0,0,0,0,0,0,0,0,0.276352611,-0.040605923,-0.051965994,0,0.101208492,0.002870791,-0.020718573,0,0.222278188,-0.11468054,-1.297489637,0,0,0,0,-0.374428373,0,0,0,1.973894869,-0.067573682,0,0,0.101643567,0,0,0,0.002757153,0.188603701,-0.390784099,0,-0.046482635,0,0.6745,0,-0.124841438,0,0.096755838,0,0.049768728,0,0,0.175204008,-0.354266779,0,-0.003705946,0,0,0.046792476,-0.137149849,0,0,0.090851214,0,0,0.135978559,0.6745,0,0.036623835,-0.644543042,-0.028570299,0,0,1.543394826,0.813915896,0,0,0,0,-0.194903427,0,0,0.037088521,0,1.33725336,0.631793143,0.026030314,0,0.035422611,0,0,0,0,0,0,0,1.356666621,-0.041606495,0.043239709,0.363722253,0,0.556204194,0,0,0.327598684,0.167723964,0,0,0,0.21020827,0.488591342,0,0,0,0,0,0,-0.008647706,0,0,0,0.033838046,0,0.612186676,0,-0.586706621,0,0,0.108104042,0,0.861154366,0,-0.003545619,0,0,-0.348759269,-0.835949236,0,0,1.642025542,0.92443857,0,1.056709278,0,0.017405923,-0.323574865,0,0,-0.194388321,0,0,0.437064384,0,0,0,-0.491270066,0,0,0,-0.001103607,0,0,1.409367064,0,0,0,0.019359834,0.183766229,0.512048292
2011,-0.162131102,-0.10495851,-0.202884002,0,-0.006300197,0,0.167427378,0.130591643,-0.160750937,-0.145439177,-0.114958207,0.916711586,-0.159378009,-0.098525095,-0.337902321,-0.120102001,-0.126877304,-0.449928028,1.704555976,-0.333820643,-0.097139945,-0.168459997,-0.121837201,0.516435914,0.097190516,-0.090115241,-0.139651243,0.197760587,-0.292521428,-0.0775464,-0.266671807,-0.213296755,-0.072159405,-0.20455675,0,0.176998423,0.006216574,-0.070456634,-0.107853398,-0.035902338,-0.02828681,0.106336854,-0.197890154,-0.068612577,-0.388034969,-0.831104082,0.09283689,-0.175815379,-0.116249907,-0.6745,-0.164645889,-0.040957212,-0.116693383,0.283138589,0,-0.132144924,-0.203902923,0,-0.118813775,-2.206443597,-0.057788994,-0.211363378,-0.6745,0.86482774,-0.109213165,0.041931466,-0.109109683,0.535830403,-0.118423446,2.773914202,-0.09261076,-0.050298384,-0.17443126,0.06543938,-0.366250844,-0.220056265,-0.024465618,1.341386229,-0.014127153,-0.199874894,-0.117297023,0.104846104,0,0.086838484,-0.562205824,-0.127616928,0,-0.24615691,-0.092499026,0,0.539355687,0.129845095,-0.124020841,1.198182213,0.893940546,-0.180239236,-0.142027725,-1.118338938,0,-0.116664703,-0.131711887,-0.048231647,-0.114756272,0.16345059,-0.274724524,-0.190473145,-0.110892902,-0.179765992,0.6745,0.681849576,-0.32197154,-0.144228332,-0.154209442,-0.122684175,-0.197033838,-0.090932076,-0.206116446,-0.042728052,-0.109623087,-0.083286439,0.6745,0.263210377,-0.024933745,0,0.200600258,0.313796524,-0.241287127,-0.132778702,-0.353726857,-0.188115825,-0.02717982,-0.124257421,-0.135568912,-0.179927167,0.59732429,0.239894653,-0.035736529,-0.091710846,-0.2139966,-0.201568018,-0.05523097,-0.093020698,-0.091032998,-0.164814214,-0.052413245,-0.447930467,-0.225689728,0.139267974,-0.238523564,0.03131428,-0.135756486,-0.259898138,-0.291280334,-0.179808916,0.696439273,0.086542664,1.049657288,-0.210062906,-0.116253855,-0.430531915,0.530170865,-0.025486145,0.11246816,2.302703046,0.6745,-0.118684958,0.586820242,-0.138752987,-0.186690249,-0.359421747,-0.157911823,-0.249660493,-0.139721862,0.150834041,-0.246066527,-0.054337908,-0.116673115,-0.099196884,-0.091333152,-0.266677827,-0.073723051,-0.090946876,-0.01605817,0,-0.125127858,-0.258306872,0.887610352,-0.11544656,-0.17221616,-0.141846696,0,0,0.651971435
2010,-0.263023189,-0.213878568,1.202776966,-0.227795748,-0.103887533,-0.379775353,0.308813192,0.312575256,-0.315087502,-0.267855959,-0.206989713,0.331200829,-0.195502247,0,-0.057951363,-0.233494412,-0.264090473,0,1.458023537,-0.614787089,-0.203505142,-0.485178126,-0.24010095,0.240748537,-0.293908953,-0.23060098,-0.239982706,0.155183651,-0.501538262,-0.289265331,-0.577529404,-0.571953999,-0.159387799,-0.379429353,-0.342177973,-0.323958886,0.177176587,-0.163430144,-0.093564555,-0.263892378,0,0.177840141,-0.212539777,-0.343895177,0.161814348,-1.43386019,-0.16584563,-0.27086672,-0.133422483,-0.676568576,-0.238485001,-0.356946755,-0.203855012,0,-0.123961976,-0.251046847,-0.147971119,-0.295269488,-0.184423874,-1.224166915,-0.202285718,-0.172668373,-0.764838658,-0.708969652,-0.230743756,-0.581299746,-0.188322736,0,-0.156213237,4.028352948,-0.314297396,-0.111606734,-0.284567968,0.055240669,-0.46802642,-0.072563981,-0.119404726,-0.703588614,-0.196656218,-0.210952449,-0.248725011,0.150478876,0.074044947,0.04078662,-0.648555943,-0.269185652,-0.478782367,-0.304428057,-0.077633159,-0.166302498,-0.296769891,0.075300838,-0.179597179,-0.194588097,0,-0.212035269,-0.33481583,-0.338614858,0.40965632,-0.220083437,-0.210862465,-0.213397847,-0.24064507,-0.435841938,-0.430922869,-0.198145839,-0.074787494,-0.214444241,0.682529762,0.564372243,-0.261376536,-0.244440558,-0.36600161,-0.243313134,-0.286434726,-0.168174689,-0.200238781,-0.206128279,-0.229766287,-0.184757318,0.041518349,-0.207377038,-0.047187626,-0.358463352,0.373699598,0.068239823,-0.285056435,-0.246732516,-0.539590899,0,-0.150404893,-0.322681329,-0.133540684,-0.394747055,0.683059399,0.377155706,-0.11099619,-0.190608713,-0.358218645,-0.374705641,-0.112144789,0.039177684,-0.239912647,-0.26259389,-0.165326318,-0.434191008,-0.416093633,0,-0.6745,1.010408894,-0.206856288,-0.49415197,-0.534891061,-0.124756324,0.267587544,0.128810176,-1.870853408,-0.273535322,-0.22353485,-0.111647014,1.075790513,-0.291393086,0.212043404,1.78424346,0.156456643,-0.238816564,0.275448262,-0.284114834,-0.290325854,0.250426472,-0.155931778,-0.280899473,0.0628711,-0.047431678,-0.286973367,-0.109511042,-0.250359686,-0.290401599,-0.210969974,-0.19215408,-0.206553499,-0.272131143,-0.187006095,-0.140253106,-0.208535984,-0.446784339,0.6228282,-0.262944341,-0.251211702,-0.296135543,0.074032742,-0.224605777,0.6745
2009,-0.374772635,-0.319092002,0,-0.316462979,-0.286862934,0.415544081,0.402792956,0.393472343,-0.450171232,-0.378165623,-0.331863921,-1.165636703,-0.321141243,-0.033289857,-0.464357919,-0.368957643,-0.367189366,-0.601341525,0.310225119,-0.986528973,-0.690037867,-0.095497861,-0.403323634,0.063620192,-0.6745,-0.32241403,-0.349236004,0.245213901,-0.6638041,-0.348058124,-0.77664658,-0.6745,-0.283633098,-0.467195805,-0.298960471,-0.6745,0,-0.296182566,-0.942922024,-0.524252747,-0.267822223,0.264953778,-0.363271452,-0.191000785,2.278252819,-0.631448011,-0.50431552,-0.339119259,-0.241508156,-0.861578038,-0.307844012,-0.647155068,-0.33347779,-0.070730572,-0.404077662,-0.338081774,-0.47571355,-0.495711679,-0.349674381,0.296321805,-0.333195193,-0.453321463,-0.246909214,-0.215901998,-0.339667067,-0.494850367,-0.310720471,-0.10108621,-0.231543458,4.493500111,-0.610056237,-0.169426502,-0.35323036,-0.423332744,-0.526642453,-0.176910114,-0.263871792,0.090623916,-0.382555563,0.191948288,-0.428345316,0.201134383,0.110508587,0.050272683,-0.270612774,-0.36778706,-0.77574255,-0.50954732,-0.172192027,-0.344023663,-0.3273792,0.228336621,-0.409422663,-1.319648428,-0.6745,-0.293233919,-0.383081837,0.594168337,-0.333357521,-0.335760313,-0.327642161,-0.347075536,-0.367124711,-0.48614596,-0.580047061,-0.332006398,-0.389159732,-0.30417907,-0.260225842,0.690597477,-0.474218662,-0.382511289,-0.572137093,-0.362384409,-0.400878588,-0.307714317,-0.344785104,-0.313188639,-0.3236429,-0.355487125,-0.513752834,-0.325091364,-0.323217642,-0.676853634,0.196355113,-0.135252198,-0.433190454,-0.461716619,-0.27269403,-0.336228583,-0.302824001,-0.449567835,0.019872605,0,0.618604745,0.412049252,-0.253110163,-0.315625291,-0.346105835,-0.431301778,-0.443014793,-0.354198241,-0.319843293,-0.411553316,-0.185455306,-0.618088392,-0.596866228,-0.761405904,-0.829097166,0.091173402,-0.386423109,-0.62327842,-0.552989836,-0.326074051,0.243439605,0.209909908,-0.495184189,-0.334315066,-0.35479618,2.621378107,1.129897589,-0.484539457,0.250257996,0.193405092,-0.083000468,-0.405237875,0.203120709,-0.402516953,-0.369825246,-0.6745,-0.360547904,-0.323696488,-0.030145982,-0.396158137,-0.406511723,-0.259546631,-0.440696094,-0.45882436,-0.325611793,-0.329048223,-0.306422755,-0.433289045,-0.277555086,-0.40641243,-0.339878926,-0.593984304,0.47566576,-0.387411734,-0.394775044,-0.408502042,0.090366525,-0.41929851,0.618274141
2008,-0.497577446,-0.383181919,-0.66698917,-0.337425127,-0.417957724,-0.663023502,0.577734369,0.426374852,-0.574221589,-0.500728847,-0.419795315,-0.604392561,-0.506158131,-0.294375724,-0.573926819,-0.536098367,-0.448759619,-0.421825992,0.649169146,-0.6745,-1.042379054,-0.6745,-0.42916227,-0.144479673,-0.605843661,-0.403252056,-0.43648467,0.499152777,-0.6745,-0.418134574,-0.785107782,-0.616351137,-0.398063477,-0.557590335,-0.6745,0.078388311,0.204940231,-0.42963643,-0.31726361,-0.356229731,-0.923736137,0.416748503,-0.636013309,-0.287840748,1.929506409,0.065468421,-0.01969627,-0.384562042,-0.360687726,0,-0.413203036,-0.036421678,-0.345893773,-0.053210155,-0.306712271,-0.4373657,-0.604134182,-0.652390609,-0.421788076,0.245736395,-0.35376227,-0.624717168,-0.454156724,0.463631986,-0.422218576,-0.431993964,-0.413052291,0.03695423,-0.37696251,3.747669498,-0.64072155,-0.384291792,-0.419635363,-0.6745,-0.540347706,-0.163868209,-0.608909307,-0.995656892,-0.458597049,-0.940782037,-0.508665376,0.436628676,0.457432094,0.354353089,0.137406001,-0.375770761,-0.542104649,-0.554053891,-0.356142656,-0.367645088,-0.489805113,0.51307375,-0.4784783,-0.353069292,-0.382532202,-0.345342357,-0.442261477,0,-0.561757668,-0.412156117,-0.385484698,-0.423020004,-0.409548067,-0.849715813,-0.650049636,-0.405872435,-0.208689475,-0.41496076,-0.201068785,1.34557758,-0.428119981,-0.440320273,-0.722796121,-0.423084597,-0.528855056,-0.391593096,-0.565121707,-0.348921706,-0.405492385,-0.406550564,0.744816718,-0.295249692,-0.470851113,-0.437187503,0.250703315,0,-0.555932431,-0.493749248,-0.478561459,-0.477454072,-0.290952059,-0.440243318,-0.037931894,-0.750589838,0.845738572,0.680351843,-0.432262835,-0.416730198,-0.507757982,-0.455161114,-0.329941536,-0.465661065,-0.370838828,-0.505867997,-0.281213311,-0.631190155,-0.6745,-0.585568587,-0.852008225,-0.001242976,-0.469544053,-0.6745,-0.577471024,-0.414227152,0.188583001,0.374131332,2.223442062,-0.412479362,-0.485720873,2.105237123,-0.697128181,-0.524450302,0.449838247,-0.106858939,-0.2709339,-0.500841971,-0.05853074,-0.486286518,-0.450705755,-0.405578229,-0.426241502,-0.556109843,-0.043807925,-0.239190126,-0.458880609,-0.537405603,-0.554129367,-0.555326545,-0.424348084,0.147474901,-0.346355952,-0.463728858,-0.425742941,-0.574973053,-0.4540845,-0.6745,0.6745,-0.450009134,-0.443698402,-0.462823141,0.367847644,-0.513095576,0.888385482
2007,-0.53083401,-0.443785871,-0.404247518,-0.835797093,-0.532056833,-0.660038125,0.6745,0.506018754,-0.6745,-0.56073119,-0.461044716,0,-0.560701814,-0.361824919,-0.579755623,-0.61691995,-0.517646788,-0.352139079,1.062646943,-0.422936663,-1.076784876,-0.790090856,-0.473910888,-0.133601837,-0.942261703,-0.538253683,-0.489087581,0.589037263,-0.756773262,-0.607109835,-0.914310244,-0.686809115,-0.450840865,-0.640377565,-0.572610178,-0.179839044,0.514119768,-0.51941694,-1.490812845,-0.390475349,-0.022774402,0.549719049,-0.713260043,-0.523356584,1.227749147,-0.787006182,-0.454959449,-0.440521563,-0.472753371,0.219137307,-0.481446155,-0.336667444,-0.438200712,-0.396624746,-0.570444971,-0.531521296,-0.966870515,-0.702601578,-0.477886409,0.545569914,-0.402347055,-0.631978742,-0.56747041,-0.944690858,-0.504536725,-0.092550786,-0.50405256,-0.072272425,-0.340294254,3.336812923,-0.6745,-0.539919205,-0.486216117,-0.651083957,-0.407485639,-0.146032288,-0.642558138,-1.428205262,-0.458381705,-1.155167409,-0.486099528,0.520762309,0.706890571,0.752012378,-0.738623082,-0.475271262,-0.6745,-0.6745,-0.46734451,-0.546545291,-1.12754586,0.58963224,-0.489093371,-0.150481462,-0.446040878,-0.4090135,-0.520995754,-0.230336096,-1.078449418,-0.479816395,-0.41036281,-0.448543516,-0.418451871,-0.511901619,-0.6745,-0.493174609,-0.162508056,-0.54990201,0.632025859,2.229867545,-0.877516874,-0.528264435,-0.831503157,-0.508793445,-0.60261019,-0.484506543,-0.581260006,-0.5219494,-0.476880153,-0.53181587,-0.807204439,-0.226004675,-0.516638825,-0.796619277,0.50723761,-0.033831486,-0.775554304,-0.493696688,0.709028139,-0.398717415,-0.370949285,-0.503510375,-0.835938894,-0.861652035,0.671303982,0.988433718,-0.507702354,-0.493167237,-0.557849896,-0.540592835,-0.524765139,-0.504218049,-0.558703844,-0.568137645,-0.517005196,-0.726157871,-0.75694952,-0.054360033,-0.904316477,-1.169793346,-0.517290882,-0.71795623,-0.705597726,-0.426777822,-0.060417221,0.584852888,-0.452667596,-0.467881703,-0.548141049,-0.646899068,0.079874426,-0.576528832,0.605454614,-0.6745,0.431782539,-0.563426929,0.228576919,-0.565186018,-0.585500184,-0.608025137,-0.530566714,-0.955920566,-0.568362968,-0.253769268,-0.504666247,-0.501380036,-0.544880156,-0.62013186,-0.458330763,-0.929296621,-0.426321041,-0.536551107,-0.511400786,-1.01473587,-0.427551859,-0.781130601,0.524294973,-0.538984463,-0.480597014,-0.535124351,0.723895598,-0.535452664,0.707379086
2006,-0.621875515,-0.518878424,1.972334761,-0.94302069,-0.557309681,-0.443835415,0.838177799,0.609378279,-0.859332144,-0.6745,-0.562564427,-1.252108372,-0.6745,-0.195383685,-0.450953773,-0.6745,-0.625897892,-0.6745,-0.127446284,-0.845609511,-1.550718421,-0.480027298,-0.58521351,-0.392708435,-1.125183504,-0.60173468,-0.552619617,0.700022174,-0.798800126,-0.705951263,-1.175380699,-0.812162263,-0.532883917,-0.6745,-0.645984364,-0.630835605,0.595339172,-0.61712601,-1.479731623,-0.298250036,-0.111432889,0.626231193,-1.012389852,-0.510298007,-0.033661253,-1.008004505,-0.372283908,-0.579676435,-0.578882258,0.196966359,-0.589425956,-0.777281969,-0.648049271,0.492662587,-0.864769388,-0.57293327,-0.662332028,-0.716114023,-0.566142623,0.065635614,-0.54037821,-0.704155526,-0.705975787,-0.332640568,-0.579778484,-0.145612954,-0.618660948,-0.533283174,-0.494683206,2.543974798,-0.6745,-0.596722051,-0.55438295,-0.394152319,-0.940159573,-0.054916915,-0.706261123,-0.85676968,-0.506791318,-0.35321063,-0.549319162,0.6745,0.870959408,0.6745,-0.027241577,-0.556564847,-0.770462055,-0.835721926,-0.43849595,-0.70899123,-0.646277655,0.6745,-0.629423378,-1.587901332,-1.228295652,-0.494604801,-0.552013868,-0.891382492,-0.323928726,-0.569778286,-0.514572755,-0.587575563,-0.572713725,-1.007074685,-0.724555756,-0.593115912,-0.261035752,-0.511840806,0.275297459,2.17293022,-0.6745,-0.665108839,-1.062738125,-0.602489462,-0.730413786,-0.539326021,-0.693349609,-0.687461458,-0.585587752,-0.539886702,-0.185741086,-0.555810781,-0.58303066,-1.351893008,0.637901419,-0.323718072,-0.885681118,-0.6745,0.999550482,-0.349463229,-0.549048031,-0.6745,-0.488930565,-0.691731522,0.710772717,0.825253416,-0.603482582,-0.607390313,-0.883038525,-0.6745,-0.6745,-0.433805526,-0.532372901,-0.812016224,-0.605882553,-0.757164188,-0.927566482,-0.040455089,-1.214950756,0.391777408,-0.585831784,-0.81180588,-0.657042521,-0.548503675,0,0.617941994,-1.991712758,-0.552892855,-0.616604791,0.00277075,0.6745,-0.73408167,0.6745,-1.577561274,-0.089709306,-0.6745,-0.01681462,-0.679540153,-0.669239708,-0.307614317,-0.574875413,-1.110642104,0.492353228,-0.431495267,-0.552437805,-0.789716282,-0.611870585,-0.637617338,-0.575783866,-0.6745,-0.519938515,-0.644910131,-0.635096423,-0.669782081,-0.58246784,-0.915274452,0.614839143,-0.640924655,-0.579300639,-0.6745,0.682230473,-0.699198129,0.679742484
2005,-0.705151758,-0.596019297,0.094535701,-1.646145962,-0.6745,-1.621982543,0.900867656,0.720711398,-1.00769832,-0.777277048,-0.6745,0.373440124,-0.705355184,-0.518621352,-0.510798972,-0.846018297,-0.6745,-0.939817083,0.649267301,-0.702167609,-1.95872754,-0.597040246,-0.6745,-0.356297632,-1.85001696,-0.729625477,-0.6745,0.830586893,-0.843413107,-0.639918412,-1.252949202,-0.899429507,-0.6745,-0.734797371,-0.752594615,-1.563490342,0.921022689,-0.6745,-1.855115189,-0.6745,-0.04000155,0.79757749,-0.937747577,-0.49035668,-1.124025007,-1.124694334,-0.751860778,-0.647418564,-0.785320167,0.19878533,-0.6745,-0.841728796,-0.6745,-2.752507964,-0.762545053,-0.6745,-0.780572839,-0.83826023,-0.6745,-1.064300298,-0.590858782,-1.060661408,-0.669739064,-0.436858198,-0.6745,-0.694602496,-0.6745,-0.467778696,-0.615553747,2.363433656,-0.6745,-1.086948142,-0.571819737,-0.539550322,-0.6745,-0.17696096,-0.6745,0.096214027,-0.625507778,-0.618360295,-0.681036788,0.767441542,0.962558359,0.888677129,-0.571087545,-0.642060439,-0.948780125,-1.022043737,-0.498104818,-0.882379574,-2.606326523,1.018768133,-0.6745,-0.422568472,-1.855241595,-0.599939984,-0.58278716,-0.665335951,-0.592153125,-0.610343798,-0.619255648,-0.684280542,-0.6745,-1.204771464,-0.727897923,-0.6745,-0.555309207,-0.555786028,-0.139305349,2.367050188,-0.746121033,-0.852449277,-1.283367196,-0.6745,-0.835608155,-0.522785375,-0.807388954,-0.59458654,-0.6745,-0.546405909,-0.232008437,-0.737311818,-0.699812476,-1.194211793,0.79272634,-0.371345589,-1.236301085,-0.715274198,0.616910632,-0.608852071,-0.6745,-0.796534453,-0.89436798,-0.602486536,1.168594954,0.956435177,-0.6745,-0.748345212,-0.6745,-0.754043192,-0.504848204,-0.476465437,-0.6745,-1.044650756,-0.556031846,-1.008822394,-0.971459785,-0.266414113,-1.247220467,0.037420129,-0.623792473,-1.037344843,-0.983441399,-0.639669863,-0.534751884,0.6745,-0.029228231,-0.639733542,-0.6745,-0.201802954,-0.019082082,-0.786651757,0.891890016,-1.613251336,-0.39523519,-0.771154555,-0.128129923,-0.773079882,-0.6745,-0.240737689,-0.6745,-1.201567625,-0.841863466,-0.550413084,-0.566933463,-0.241396517,-0.65061418,-0.889813523,-0.63511514,-0.639928521,-0.58043068,-0.702112659,-0.6745,-0.997197717,-0.583328615,-1.065727674,0.696585972,-0.6745,-0.6745,-0.759977484,0.879256592,-0.759812129,1.205823232
2004,-0.92926983,-0.6745,2.444903353,-1.467820883,-0.747185257,-0.95239121,0.93074891,0.721604413,-1.148364484,-0.894464321,-0.810368676,-0.6745,-0.848688424,-0.6745,-0.828973841,-1.001164285,-0.836780483,-1.152405065,0.973332327,-0.829452027,-2.716781542,-0.185872111,-0.781636796,-0.667176911,-1.432146273,-0.841202408,-0.709607607,0.706187433,-1.262684803,-0.925785734,-1.487806977,-1.047377259,-0.759545891,-0.802987331,-0.718045712,-1.996165969,0.907155063,-0.828821828,-2.003056198,-0.531188196,-0.652436427,0.722098925,-1.518817645,-0.132487403,-1.948205477,-1.990737521,-0.762061692,-0.730590207,-0.893984984,-0.589427064,-0.742520237,-1.214888324,-0.775166876,-1.056848851,-0.6745,-0.909075076,-1.405150439,-0.874109827,-0.755924368,-2.469153279,-0.6745,-0.931511217,-0.950413059,-0.59863307,-0.763278646,-1.258898588,-0.731399639,-1.386361412,-0.6745,0.480417876,-0.6745,-0.614232992,-0.6745,-0.830680371,-1.391394889,-0.316060083,-0.872838476,0,-0.6745,-0.680081297,-0.6745,0.842839051,1.087418441,1.020423211,-0.211880692,-0.6745,-1.748927969,-1.104630556,-0.721776741,-1.102383496,-2.087962082,0.892445884,-0.823704943,-0.880883499,-1.421028132,-0.6745,-0.672419015,-1.189376566,-0.871357107,-0.661651281,-0.6745,-0.683498921,-0.715134992,-0.94442941,-0.781821567,-0.708836793,-0.505319559,-0.615546029,-0.880866316,1.216743684,-1.223135814,-0.969783996,-1.452932052,-0.807313595,-0.9340199,-0.6745,-0.819495048,-0.705715282,-0.740800329,-0.63155158,0.353016163,-0.605982023,-0.73171605,-1.213543464,0.96555955,-0.6745,-1.362129533,-0.803806311,1.790712636,-0.746619335,-0.862842871,-0.907836994,-0.737684005,-0.323739257,0.6745,1.024658835,-0.610732047,-0.843172373,-0.557497937,-0.819052686,-0.701973636,-0.632892122,-0.750195839,-1.390407514,-0.554228871,-0.93222301,-1.089615146,-0.376849343,-1.607939363,-0.319575749,-0.6745,-0.983737168,-1.159858644,-0.638681918,-1.183794326,0.582580293,0.532243612,-0.635950032,-0.806778702,0.182869497,0.374389574,-0.863424321,0.993391674,-1.783534437,-1.761097126,-0.886413439,0,-0.923673503,-0.692369093,-0.776218089,-0.744071294,-1.444059521,0.354163896,-0.798972456,-0.715517864,-0.320694847,-0.6745,-0.99732817,-0.6745,-1.161452284,-0.6745,-0.766097959,-0.710695453,-1.168502029,-0.721853233,-1.204151126,0,-0.802160576,-0.786501089,-0.888956298,0.6745,-0.996876873,0.640225543
2003,-0.993457972,-0.733835044,2.668020797,-1.362415775,-0.974913222,-0.6745,0.790638407,0.594213833,-1.258007599,-0.95802296,-0.990891627,-1.514985044,-0.879786258,-0.684193105,-0.960511231,-1.337550937,-0.930282009,-0.93430463,0.67730589,-0.959295352,-3.305032844,-0.881866785,-0.932307207,-0.655653538,-2.230875422,-1.002943678,-0.790880678,0.6745,-1.344122425,-0.784744754,-1.487366541,-1.058367913,-0.835352037,-0.857404056,-0.899835301,-2.586669034,1.200703261,-0.916915011,-2.31585287,-0.81427061,-1.107394821,0.6745,-1.637863566,-0.791179097,-1.924509245,0.6745,-1.672363041,-0.868927136,-1.193511705,-0.593380489,-0.884128814,-1.365806686,-0.885393653,-0.384656066,-0.872651676,-1.101167009,-1.278871207,-0.870142643,-0.896715194,0.499081505,-0.709427508,-1.128745326,0,-0.658562419,-0.86299307,-1.002991976,-0.894692711,-1.111741409,-0.737995632,0.61471148,-0.6745,-1.172619009,-0.797051631,-1.410758789,-1.33525944,-0.329708503,-0.958135353,0.166561267,-0.737799319,-0.434736958,-0.849321217,0.962121312,1.408960822,0.948352238,-0.339498718,-0.793595224,-2.605452241,-1.147075697,-0.934850575,-1.109370606,-2.590390025,0.838435033,-0.689802882,-3.105316129,-0.575777571,-0.69912598,-0.6745,-0.672290229,-0.081912655,-0.709112059,-0.762352312,-0.87519137,-0.838638249,-0.606212783,-0.96451776,-0.682135818,-0.735531024,-0.6745,-2.041110832,-0.501676806,-0.716176152,-1.131669361,-1.61876062,-0.853739968,-0.983401304,-0.715995714,-0.837235485,-0.668606602,-0.818079515,-0.6745,1.974698099,-0.272215754,-1.016666059,-1.262969776,0.95146163,-0.746512797,-1.472319572,-0.908052516,3.667081266,-0.906376247,-0.887746085,-1.052881821,-0.6745,-1.012974209,0.22621434,0.714537648,-0.841403162,-1.014200996,-0.910577978,-0.876981747,-0.68410062,-0.6745,-0.843001613,-1.769196546,-0.626351256,-1.212417017,-1.296029377,-0.135079229,-1.61789559,-1.186737076,-0.768790826,-1.181276273,-0.965668362,-0.712667711,-1.222779699,0.659224882,0.373862367,-0.659731338,-0.901911404,-0.6745,3.896973853,-0.932223863,1.138556711,-2.72900421,-3.214589693,-0.955611533,-0.380237329,-0.941771776,-0.743559789,-0.740258148,-0.866250692,-1.683547472,0.87167304,-0.770299668,-0.817604355,-0.702333923,-0.764840036,-1.136679069,-0.693183217,-0.8542779,-0.773953742,-0.950625994,-0.868370823,-1.655542139,-0.6745,-1.267293906,-0.074541102,-0.838881831,-0.926905598,-0.969882182,0.57236702,-1.027068916,0.118753456
2002,-1.134027596,-0.762668015,-0.095680645,-1.459202521,-1.153923476,-0.906792127,0.885844357,0.685662405,-1.369022059,-1.058129181,-1.056418765,-0.67261182,-0.971257359,-0.698217514,-1.074604293,-1.350752551,-0.917074582,-1.206215407,0.515044911,-1.00491357,-3.390105432,-0.726198807,-0.993707111,-1.048393583,-3.166986579,-0.977683939,-0.82706748,0.562013223,-1.61597938,-1.147720735,-1.702191862,-1.378334896,-0.97549715,-0.966445205,0.04611347,-3.483830966,1.070613946,-0.965868897,-3.01812291,-0.757936615,0.146549232,0.693099921,-1.948659255,-0.604873922,-3.118260086,-2.01668744,-1.655838484,-0.934079155,-1.270332935,-0.880473375,-0.956338394,-1.716764355,-0.954261633,-2.835567718,-1.168320892,-1.191886607,-0.940797749,-1.038607175,-0.981985777,3.88554475,-0.746868487,-1.282625346,-0.990707428,-0.114339509,-0.940071705,-1.447758262,-0.988157493,-1.658319546,-0.854050728,0,-0.624489002,-0.957340322,-0.83771634,-1.334031695,-2.064351459,-0.634077722,-1.04940806,-0.420642837,-0.916679337,-0.623444781,-0.95540032,1.091245961,1.360043964,1.167950647,-0.873034318,-0.790586148,-2.987663794,-1.263870879,-0.956348326,-1.140708053,-3.006339648,0.976484496,-0.946621326,0.738882235,-0.756211054,-0.723147459,-0.722504129,-1.444540085,0.689945855,-0.728832541,-0.834317366,-0.937708162,-0.889776911,-1.193124604,-0.976038614,-0.815288585,-0.6745,-0.757168792,-2.344555495,-0.237560753,-0.63327744,-1.235757303,-1.796306453,-0.88136275,-1.123837364,-0.688970636,-0.889161181,-0.856053574,-0.876307075,-0.713091802,0.455316493,-0.6745,-1.231191052,-1.586594442,0.84108637,-1.090226341,-1.698194744,-1.126960153,1.90587317,-0.953179032,-0.962837959,-1.100898451,-1.008996445,-1.273137965,0,0.6745,-0.735817092,-1.087256978,-0.793711284,-1.030160768,-0.744289869,-0.739136866,-0.898144816,-1.919486955,-0.6745,-1.345026661,-1.386710583,-0.374272925,-1.993701405,-1.07345178,-0.812824611,-1.334772084,-0.798483731,-0.6745,-1.477033134,0.774086037,-0.6745,-0.849568749,-0.940298537,4.535397962,-1.34180607,-1.010689725,1.35789263,-2.811014305,-3.449930321,-1.048228912,-0.692198687,-1.076194127,-0.753328338,0,-0.939477062,-2.022206465,1.619902674,-0.978656756,-0.6745,-0.405566708,-0.804771603,-1.256694275,-0.718420274,-0.192484672,-0.812418094,-1.013755362,-0.876371132,-1.246867314,-0.805851082,-1.432413546,-0.041700977,-0.997521446,-1.045331229,-1.072242789,0.551532381,-1.220502902,0.002463267
2001,-1.258886459,-0.822979868,0.282746106,-1.688211774,-1.192298178,-0.68336313,1.095057206,0.815583289,-1.504816541,-1.103431499,-1.156014631,-1.844157828,-1.023925888,-1.00060615,-1.1480325,-1.437918224,-0.984126693,-1.196391058,-0.07673719,-0.918647282,-3.848074126,0.419476142,-1.053950852,-1.339565806,-3.148099153,-1.08589987,-0.921471047,0.562796882,-1.767600855,-1.096715963,-1.75525606,-1.332865608,-1.049314606,-1.004804793,-0.558815716,-4.284078615,1.121108603,-1.098564329,-3.618112698,-0.875152321,-0.738934552,0.647802051,-2.327870992,-0.406424638,-2.44944601,0.46842712,-2.17885458,-0.957450486,-1.337087665,-1.09912172,-1.095440473,-2.337015099,-1.141134476,-1.000898878,-1.006282461,-1.23512028,-1.627036624,-0.965798163,-1.104390565,2.35201252,-0.719413517,-1.508206666,-0.905660259,-0.962825332,-1.004465613,-2.012697295,-1.065284612,-1.98024461,-0.874621365,1.166574757,-0.6745,-1.377114487,-0.883356814,-2.000796092,-2.471871396,-0.743522946,-1.133456984,-0.362902399,-0.993045314,-0.303453388,-0.955296979,1.157119213,1.414859025,1.419413382,-0.679938587,-0.900302606,-3.228031738,-1.346962199,-1.05216464,-1.468942475,-2.411339606,1.084200972,-0.888372199,0,-0.267975632,-0.742551052,-0.731338783,-2.061800525,-0.756567733,-0.755758806,-0.881934661,-0.939473236,-0.955154373,-1.254128587,-1.010823929,-0.866532665,-0.790031629,-0.807432339,-3.233409839,-0.163297587,-1.043236629,-1.268351003,-1.929012011,-0.977181253,-1.162789394,-0.711888638,-0.947909392,-0.847995366,-0.921728088,-0.76995217,1.004290656,-0.843211749,-1.39488983,-1.894356596,0.827718691,-1.312433297,-1.807260575,-1.21657316,-1.431807468,-0.699809254,-1.07516649,-1.228054422,-1.080044871,-1.171341601,0.156769957,0.612337968,-0.823045685,-1.202542083,-0.961514595,-1.038550461,-0.531012958,-0.930252212,-0.927135639,-2.199606171,-0.70986314,-1.176358181,-1.507852533,-0.481821392,-2.061439965,-0.599856002,-0.790984018,-1.438518569,-1.346159979,-0.780155085,-2.481626551,0.781154547,-5.40376953,-0.992714629,-1.025324652,1.578794633,-0.188161244,-1.01554932,1.510017004,-3.614879929,-4.062357539,-1.110911461,-0.97827257,-1.198355806,-0.667625525,-0.696582915,-1.029818107,-2.246576605,0.551393004,-0.65950268,-0.620709695,-0.6745,-0.979528967,-1.285760672,-0.811595812,-0.827936508,-0.84789506,-1.051335532,-0.988098238,-0.93517501,-0.892978246,-1.518586846,-0.627656719,-1.044689917,-1.119834917,-1.118950409,0.380452038,-1.376686794,0.150335126
2000,-1.36325616,-0.887033546,0.303895504,-1.865843422,-1.300979561,-1.503793216,1.093946116,0.891922979,-1.593418203,-1.176640746,-1.282354104,-2.978177999,-1.0833813,-0.811990732,-0.876908919,-1.666688627,-1.116110034,-0.54759766,-1.909629618,-0.879585247,-4.235396164,-0.80199832,-1.066112164,-1.526852085,-4.647703349,-1.274631451,-0.956820218,0.498122522,-1.946228057,-1.382309303,-1.863511294,-1.483830179,-1.226641162,-1.069811019,-0.869910294,-5.005023828,1.483023175,-1.175475146,-3.393567718,-0.863819767,-0.125990944,0.5828755,-2.49055225,0,-5.289740641,-0.824263254,-2.347627945,-1.050414442,-1.533407736,-1.040271243,-1.167751498,-2.173148775,-1.341433495,-0.615305505,-1.289298789,-1.400641237,-1.990575982,-1.215875708,-1.199962144,2.805608962,-0.82959108,-1.755235392,-0.73715375,-1.248818993,-1.060603456,-2.384806416,-1.145912084,-2.256462055,-0.969018888,-2.286593236,-0.6745,-1.300855816,-0.931300777,-2.420056694,-3.067957093,-0.940633304,-1.226502646,0.440957581,-0.961113937,-0.649950348,-1.164024665,1.218210225,1.585150022,1.39754583,-0.6745,-0.9577666,-3.735501926,-1.424457389,-1.215045643,-1.320247144,-3.267220825,1.073221118,-0.854293527,0.549843502,-0.610612682,-0.810426713,-0.733791014,-0.6745,-0.6745,-0.771962302,-0.920206445,-1.005239923,-0.976218736,-1.389101183,-1.051587807,-0.833686397,-0.744041864,-0.781399234,-3.585083284,-1.113937176,-1.416927049,-1.36307589,-2.0014079,-1.051507895,-1.249057311,-0.741757551,-0.983914831,-0.889769805,-0.955377687,-0.806363538,0,-1.167339235,-1.599963417,-2.116321438,0.885337554,-1.286821457,-1.979820115,-1.124986219,-1.736090103,-1.223891011,-1.21237741,-1.234293013,-0.843776451,-1.173732604,-0.161438397,0.53582788,-0.749905946,-1.243838083,-0.975728331,-1.124756823,-0.612440919,-1.020087356,-1.006514167,-2.40481128,-0.716395044,-1.60863164,-1.664716929,-0.715744725,-2.292103174,-1.340170507,-0.872720705,-1.500078903,-1.171025324,-0.771889374,-2.806885749,0.912271931,0.543188783,-1.04836585,-1.089680121,1.743192464,-0.348912887,-1.069858668,1.653026773,-3.324412402,-4.378030179,-1.196065111,-0.942834749,-1.284465896,-0.716900334,-0.681009998,-1.170663361,-2.512160047,0,-0.823718443,-0.817575426,-0.876923564,-1.077205362,-1.398894285,-0.874602451,-0.818542958,-0.941022408,-1.195929133,-1.072704723,-1.416905544,-0.963412878,-1.681580201,-0.682969944,-1.163189397,-1.274224266,-1.24784712,0.064443599,-1.476751083,-0.186267126
