"Year","accurately","actionable","additionally","address","advancement","adverse events","aim of","aim to","align","all patients","analysis","aptly","associate with","association between","at least","basis of","boast","bolster","capability","captive","catalyze","cohort study","commendable","common grade","compared with","compellingly","complex","complexity","comprehend","comprehensive","control group","critical","cross-sectional","crucial","deep dive","deeper","delve","difference between","difference in","dose of","driving force","ecosystem","effect of","effectively","efficacy","effortlessly","elucidate","embark","emerge","emphasize","employ","encompass","end of","end point","endeavor","enhance","enhancement","essence","essential","ethical consideration","evaluate","examine","excel","excellently","exceptional","exercise caution","exhaustive","exhibit","expansive","explore","facilitate","finding","fortify","foster","foundation","fresh","fundamental","further research","game changer","garner","grapple","groundbreaking","harness","higher in","highlight","hypothesis","identify","illuminate","impressively","in addition","in summary","include in","increased risk","independently associated","ingenious","innovative","insight","integrate","interplay","intricacy","intricate","intriguing","invaluable","investigate","is known","journey","juxtapose","knowledge gap","landscape","less likely","leverage","logistic regression","lower in","median follow-up","methodically","meticulous","milestone","models","more likely","most common","multifaceted","navigate","necessitate","no difference","notably","noteworthy","nuanced","objective of","offer","one of","our results","outcome measure","outperform","particularly","patients who","pipeline","pivotal","placebo group","potent","potential","predominantly","primarily","primary endpoint","primary outcome","profoundly","promptly","proportion of","prowess","purpose of","randomly","ratio","realm","registered with","regression analysis","renowned","reportedly","results suggest","retrospective","revolutionize","safety","scholarly","scrutinize","seamlessly","secondary analysis","shed light","showcase","significance","significant","soil","sought to","statistically","strategically","study period","subsequently","suggest that","surpass","tapestry","testament","thereby","this study","this trial","thoroughly","thought","thoughtfully","time of","to assess","to compare","to determine","to evaluate","to examine","to identify","to investigate","to receive","transcend","transform","transformative","treatment allocation","treatment assignment","treatment of","two groups","ultimately","underscore","understanding","undoubtedly","unearth","unlocking","unveil","utilization","valuable","versatile","vital role","was found","was used","well-rounded","were assessed","were collected","were enrolled","were performed","were reported"
2024,3.58803691344972,6.93934720613038,5.42612641231626,4.2683203125,10.6179974779055,1.43521238138094,-0.6745,3.66098708078389,5.6356317503648,-8.21163773741859,2.23428125,1.59256944444444,0.947749134439376,1.37445076243161,-1.99989173695726,-3.20047148468575,31.0070508050847,11.0719252291826,3.52856503963829,-0.6745,-1.827092345,0.93307746786582,27.1988078,0.366175673076923,-2.43397531208652,3.67909090909091,7.70117018386988,2.52626138971295,12.8262576526963,4.87826926064738,1.08756663973235,2.74570593495811,1.0220337556911,7.55076706736782,15.6227047619048,4.49477460769231,107.533482173913,0,1.36335106382979,-1.17526931769854,1.14751271724272,2.1717191007284,0.6745,6.53336556040973,3.17438819625943,3.59468823529412,3.9403398827998,7.93600187771387,2.49109728834869,21.7042018624895,6.43230559567572,17.9862341835665,-3.7923347720162,0.878144197907341,6.84581469592623,4.86533912947979,1.30557643619778,5.80589774955246,5.48575147329166,7.40545126287882,1.07977382031286,2.34127961207862,7.63780384035374,3.6485054,15.4857194593169,9.47355689393939,2.07455760606061,5.25611767165053,7.01657809002735,3.35570467525557,3.09787250209602,3.09179795778924,2.77084419830981,6.45149899302551,5.1483478262186,0,1.30753612492795,4.21434840256405,6.29064773109244,14.8172909938954,21.34349859375,13.1040057798236,5.01586182969478,0.0506829729271138,3.54356287088015,-4.5866,1.73698002840271,3.15059292316798,13.477537384106,0.388122104330185,3.68323483071786,1.80254310344828,0.91183140936172,0.433141098696637,7.07925873913044,5.18429923435968,3.98610038051832,3.0159810187248,3.98725350820507,20.1943847001951,23.1343739439407,3.78487468129384,7.61325343137254,1.39717857142857,-0.941073164889116,3.96828968392561,4.05535190688459,5.76018164136984,3.44837304305746,0.6745,12.8015044775188,1.67403693418056,0.163873899300069,1.1240639147681,11.3857675384616,33.2350160362599,2.65039634402498,3.38739273700942,0.6745,1.0205808792211,5.88796327536243,5.91534765774233,16.8853571076762,-0.509216189232047,8.09980603517736,11.1535117602807,8.52500681234393,0.0674708147053942,7.04620984233938,0.272648717624879,-0.0488308772263746,0,4.69934192670772,6.87501342198588,1.33216997642228,2.36633468958061,11.5144443073408,-1.22739336224551,-0.763010727378308,2.26796249728657,6.20554169492986,51.8132792660374,1.4112349713601,2.19109922269458,13.0300640756664,18.510890593047,1.64711112575,10.8052165540541,-3.55005951128944,0.223753529107753,0.889063242001904,13.8755101236979,2.11218908430724,1.44105215231948,12.0299959524275,0.158839292683659,-4.5693697744908,1.31659983173094,7.143850008001,2.12598562571583,3.74880794236598,7.98577602952603,8.71109801178037,1.69575840661971,4.35320156007265,26.9861448989836,2.82391682696202,3.56108291179065,2.61231338046747,0.472402824641796,1.37148333333333,5.46506533652245,0.643618719790039,5.53582063619334,-2.59463676592945,25.0852111037234,22.365,7.40514893617021,6.47999511135319,2.03995121951219,1.08137351806947,4.1310962115172,-2.596825,4.24082183908046,-0.659748337686913,1.83257663530625,0.710918436733471,-4.21110954455181,0.884224901834379,1.16252778147136,1.48588076882743,1.4552215782061,0.401269738484988,5.93637429846939,0.808758443510669,9.92962491670023,0.33725,0.162533543970511,-9.61788957589823,1.8486004518702,4.38234322132512,54.0202931364309,2.1597567641125,0.514809990261785,3.613687,22.2244972278307,10.8556880497848,6.28749129882774,6.93445116600514,2.03750285782676,4.27479778780541,-2.56745161290323,0.76015271780816,7.38884090909091,1.23425200369856,1.45584271108333,0.628400338200797,0.806817048749083,0.6745
2023,2.37097436275995,5.58884853706827,2.65782716044824,2.23428125,4.23312740476288,1.29418049955245,-0.233273772191202,2.90323411135327,2.36553327929371,-4.30005120174435,1.01175,2.56684722222222,0.839020715482149,1.16527245308154,-1.37787186210074,-2.80746799930634,9.74715377118644,4.6498681901738,1.74120601678273,-0.376400001812711,-3.4433595975,0.555382628743569,7.4664452,0.33488925,-1.05027694222374,-0.33725,1.94184316686965,1.354342961126,7.2035147958089,2.4757665729526,0.735707156120689,1.65725075514345,0.847884849744037,3.26427747002108,11.4472285714286,2.33269910153846,29.3081980434783,0.6745,1.29159574468085,-0.866183560484165,1.61126604178871,1.54611647939835,1.59459693158769,3.61488010376143,1.80700169631909,2.35678235294118,1.43726412216704,1.55195951179439,1.47670211384307,6.62024542155733,2.54482453589298,5.59464800897191,-2.55104823709824,0.814174727021725,2.43614036418816,1.75482091516842,-0.6745,3.54645786804193,3.505862160784,3.27539024622565,0.903503164563708,-0.811554082357865,4.30573269350183,2.52263,6.06738322827377,3.31118181818182,1.15994582575758,1.97571315220511,4.0150866388958,2.24100117158392,1.64073059636205,1.63364953772133,-0.156001519791835,2.7023067998209,2.97217529777344,0.0404899406135753,0.981090729509811,2.28945729738444,4.0360606302521,5.26755731708138,9.1840025390625,4.3784851172774,2.64782414775823,0.576718053617887,1.88821485265869,-3.95706666666667,1.31459527102137,1.47870663795383,11.4628818211921,1.93160213260662,2.04842789849749,1.94209482758621,0.85946646955436,0.666438984372798,6.97767317391304,2.34466951926873,1.98942808712058,1.7082340586419,1.37630668245261,6.19507265428434,6.64657907970129,1.57671660648575,2.56815101168126,0.963571428571429,-0.0748319625963564,2.48711200667947,1.11961487741456,4.40959785948549,2.17302280193344,0.984373678860727,6.75107124061519,1.46948094552897,0.483979058478212,1.01704360970578,5.0328076923077,9.10432228971102,2.03831104740278,0.873111138669576,1.02913245716011,1.36640873486484,2.22674024763617,2.91146469562486,5.276497479569,0.784296997296825,2.94657863064529,6.14336511844452,3.34755857645503,0.0645836988430054,2.45243940010717,1.93411895720636,0.422710655252818,-0.781936467982281,3.2257030557163,2.17857150084387,1.50131093608848,2.2823932923284,2.67682538059082,-1.90216963016504,-1.26863183297797,1.42300956081241,0.324709386633755,16.592004653305,1.27433411508563,2.0029833154041,2.54862405846947,11.0885593047035,1.719975,4.01054054054054,-1.46548172751958,0.0738690667798711,0.811635556690143,4.8155757703993,1.83588189374843,1.061890286519,3.30541157193394,0.967541350185635,-3.64283863475665,1.36161467793437,3.6566431538147,1.54361923182185,2.96177412014418,3.63099864564448,3.21839293854799,1.61642451275388,2.68167346244572,10.4141141046555,1.54408595610176,1.4851664941916,2.36026206932939,0.672050053889418,1.16913333333333,1.90713859032971,0.861080093431268,2.47289110725534,-2.59524801332546,8.70884771411258,5.9995,1.98044680851064,2.38739987579859,1.39835365853659,0.914836317157965,2.38337966484645,-2.030245,3.3725,1.54972991325352,1.25376947763377,0.901186454478625,-1.86058713473157,0.852281587189956,1.01530490997883,1.33087473948769,1.15048568850493,1.36447857591858,2.29020280612245,-0.562707892330953,3.57558844055509,0.140520833333333,0.0134615850447606,-0.643313387003031,1.74634625661027,2.35579350402025,8.93045347667206,1.31804716413154,2.02628192129231,2.25543333333333,9.04469416402269,4.23499678740527,4.23493676178193,3.06313808868783,1.27431902754795,4.13934288053049,-1.63185483870968,1.31548565905855,4.15430681818182,0.747992191252409,1.28607971716667,0.877550789271791,1.20037304050264,1.47402481113971
2022,1.65339609269031,5.3318985114028,1.64576979997037,1.538703125,2.20342897384421,1.24655672390381,0.05016602759361,2.5367453670432,1.37380885983996,-1.53372247499255,1.0960625,1.11479861111111,0.889376972151684,1.08980285160381,-0.945457405552612,-2.45589488396291,2.40076271186441,2.70072131636746,1.2521165857135,-0.455213528260161,-4.417975,0.6745,1.8886,0.518846153846154,0,-1.33980227272727,0,1.06091689646907,2.96348608478758,1.67557511904483,1.01315579935567,1.38827464125286,0.912130662509531,1.71918684264137,6.37241904761905,1.62544641923077,5.05981307065217,0.837952640513557,1.24854255319149,-0.6745,1.28772731888303,1.2086066914872,2.24289072435155,2.64082390020498,1.52476521300506,2.69006470588235,1.03876650126718,0.52592160544537,1.21194137800105,2.8909359730337,1.36964691995914,1.28669349417923,-1.55385272051216,0.725053330230332,0.988782946188865,1.02168746363919,-1.10745859999946,3.05134922427755,2.63157178182503,1.73758892540204,0.908715718188677,-1.12073462745007,2.92653072010045,2.59008,2.50716889094026,-0.684719696969697,0.937084893939395,0.900591760289671,2.83494228736633,2.02138549895167,1.19902754346954,1.17775551190933,-1.28949762820366,1.9353705568799,2.18540657553989,-0.307452776120953,0.740022175350387,1.60591335233911,3.50791012605042,1.92840620015211,4.3933662890625,1.59791036747782,1.64771642679063,0.867202382074583,1.43291891809918,-3.55236666666667,1.19730674993499,0.901157465651643,8.5173269205298,2.19583029939459,1.88857027245409,1.87231896551724,0.824488904850083,0.908881096535328,4.47774156521739,1.64258371578534,1.33573967789214,1.41438663470892,0.751810605038609,1.76268494331835,1.1672226155858,0.333861650518887,0.561070317062994,0.819035714285714,0.155238710485625,1.94134445123548,-1.42587930287271,3.53558727540669,1.70412256359055,1.2776499124589,4.52973979501626,1.52147000280638,0.82143906073606,0.941814810675045,3.93285384615385,1.3768713878152,1.6044407891002,0.418550703357003,1.22065338471596,1.35131737249319,1.28566039611124,2.18812655832148,2.27245503964586,1.23590758318664,1.63001210258417,3.19494826896874,2.41508827194223,0,1.29116059375751,2.39403787287334,0.590967702099285,0.0869663111218143,2.47139006719467,1.11320603225585,1.52160642174978,1.97805816606009,1.25444166058132,-1.40295349957836,-1.39662102174584,1.08375235510751,-0.861454677549982,3.38582214824195,1.20661873136945,1.92969545471424,0.568737472055028,6.02945841854123,1.82115,0.665385135135135,-0.213172217811636,0.475254955886152,0.863891811856657,0.903966129557291,1.71541864176515,1.29525286119345,1.0622310046227,1.53036380057442,-3.20272064508059,1.34039207368469,1.6535857457817,1.46722146671367,2.44696251589525,2.30565535159285,1.56253356954255,1.3878380633249,1.65688410404441,5.18737814029364,1.09676641320413,1.00350122540509,2.17156807189715,0.688316107792041,1.10168333333333,1.37652811165945,1.15360430850217,1.46962304895177,-2.49052479330775,3.48814868367897,-0.0709999999999997,-0.0717553191489367,1.31351537256079,1.23384146341463,0.900715346635893,1.75522592032335,-2.030245,2.0235,2.69652310303006,1.10045911332826,0.899373194925847,-1.01383542532165,0.913346617437339,0.945023264525809,1.27835036433148,0.983406950508884,1.68078748568427,1.51685070153061,-1.06766384190724,2.10285148841126,0.281041666666667,-0.198904686677198,0.96913025977259,1.98347201145487,1.46843503487866,1.57851706477958,1.04415659303304,2.1999974508793,1.88557066666667,3.29178394705637,2.15268374807364,3.23522301114565,1.44509620102634,0.968161296533349,3.78022507979309,-1.349,1.37772311675117,3.77106818181818,0.766853134369827,1.32943444125,1.07655960811326,1.33455052793745,1.71643611214866
2021,1.14361939724653,4.63944415927257,1.39905165335767,1.3384609375,1.87741896202308,1.11518105380002,0.336491639624945,2.15703511864023,1.11066405011131,0.891543524108411,0.843125,1.31152777777778,0.907834909280806,0.966337720174672,-0.6745,-2.23746463641894,2.19498305084746,2.28494765207219,0.934226221305213,0.512887031867455,-4.5866,0.809869315936534,1.612055,0.466961538461538,-0.0632531235621472,0.705159090909091,-0.308468085017643,0.886940511616459,1.90445427156344,1.4146657282253,0.638303830155024,1.25051736661948,0.927090956431761,1.39478014075625,8.49227619047619,1.44239230769231,3.74706744565217,0.759905742842707,0.961521276595745,-0.896846015443106,0.794648193712165,0.914144054553245,1.47977577329453,1.8843690973985,1.31899298221241,1.38074117647059,0.918389500219148,0.425945839690174,1.18718360262609,2.07864065774995,1.05789756553291,1.39420171882002,0.0551315879513393,0.750009564348899,0.837807458853742,0.731748425933025,-1.21945660401765,2.55368195379762,2.07626066845247,1.51515415694306,0.842548579745443,-1.32479576731492,2.17481363571229,1.59182,2.07560630357378,0.327030303030303,0.746037878787879,0.757348136840196,2.41369430800796,1.59605344008076,1.08334332737943,0.970581689955688,-0.891712390908886,1.58609959579442,1.59518725160316,-0.955533212312962,0.820149609666037,1.32579190666758,3.03428642857143,1.60802358036574,4.80813109375,1.51838812744059,1.59919768462835,0.902258648806608,1.32430084674737,-3.01276666666667,1.06702286444902,1.01836274509804,6.68045347682119,1.16239581482301,1.54627019298831,1.61647413793103,0.878136337727224,1.06138501602188,4.6180962173913,1.38027924264024,1.12475703255387,1.10754572899091,0.90438289127984,1.54637510247929,1.16538308068207,0.385616481070576,0.913051261994158,0.6745,0.421541617936613,1.58310159819843,-1.46788939450223,3.15122252034823,1.48851277067353,1.05751177215133,3.80052045899954,1.28761627670764,0.759468356288101,0.941353713674473,2.63573846153846,2.93965548499908,1.89177817201249,0.0944348599916351,1.09462395289505,1.2404756382453,1.25158517895835,1.94283083642517,1.76993703635015,1.72958990569827,1.41136443593499,3.39088748691402,2.11944232998504,0.320264355131286,1.14977211240193,2.00772215851702,0.6745,0.843974247563848,1.83740911835071,1.07591730481842,1.55565993840651,1.70481389866866,1.20118812081541,-1.40075148174919,-1.27111646002426,0.987898516101144,-0.589222910999849,1.58002231486686,1.1614158337717,1.73484292669232,0.683709853826312,6.03427402862985,1.652525,0.246101351351351,-0.195373598211023,0,0.757362149883525,0.899055219184027,1.46003846122369,1.03758241750816,1.21624308223192,1.64360733335335,-2.76551310139689,1.3180471071606,1.60977196806714,1.37062126891048,2.32193066803071,2.23596633536217,1.50100643181151,1.22389715516652,1.4157120822445,4.18259405195131,0.856549398469132,0.747907996541723,1.56600771205965,0.781954740315722,0.8094,1.19117284053408,1.16068080523471,1.2037681946919,-2.18477124254598,2.90505156292082,1.1005,0.545340425531915,1.0258003223529,0.954170731707317,0.677264683455549,1.23489066440565,-1.84813,1.14742528735632,3.25027985278245,1.05935432018465,0.854223519258885,-0.6745,0.851891855020935,0.712231500068087,1.18510863868415,0.830763932325561,1.19116789444679,1.68940454931973,-1.6219431524491,1.75029675222438,0.309145833333333,-0.291253291205897,1.55839077931777,1.42797144925244,1.2459113472777,1.36953729879708,0.95893746247693,3.26520284126711,1.57049633333333,3.1181168958113,2.03641944918983,2.77584321747144,1.15718889882346,0.910705215065513,3.31143792923178,-1.37075806451613,1.05536698006233,3.57178409090909,0.78018613807524,1.17720024091667,0.998212631769495,1.2541617320877,1.82315337933208
2020,0.76308749648434,3.91731319205104,1.16218118492928,1.074984375,1.35220858444119,0.95161046103751,0.532410074259311,1.65302952553233,0.911320768172562,1.65140555142441,0.505875,0.571451388888889,0.680293517625055,0.775676650684917,-0.927713870356268,-2.07221920096672,2.12067372881356,1.66815888201872,0.814515813960483,-0.131620789979335,-3.338775,0.734666930221693,1.52437,0.466961538461538,0.391831623642793,0.521204545454545,-0.504481759515689,0.689523600481588,1.56503344478615,1.07613112799612,0.521056279330329,0.998530488250901,0.732351617416404,1.12499497710136,2.49672063492064,1.32824615384615,2.36426913043478,0.437148560462122,0.6745,-0.930424806961171,0.476048691661785,0.712059646028297,1.18658747271842,1.42561966946163,0.987396629214025,1.05539411764706,0.737146145243175,-0.651860990494073,0.941093184046562,1.10551474238891,0.777071659523921,0.884952064443237,0,0.6745,0.673198844402942,0.681798191764905,-1.09868529387022,1.00936386497314,1.28690985236445,2.07285261386547,0.703015639390991,-2.23621394044245,1.98457618271022,1.585075,1.8784527020968,1.17526515151515,0.429227272727273,0.783329460447818,1.57281288858493,1.22653452097884,0.858531259796596,0.663418870396477,-0.510639383332952,1.15963569379481,1.23331267219994,-0.884820997899436,0.6745,1.00229182711217,2.50213993697479,1.45966508611696,3.5191510546875,1.07778014688769,1.29564537833617,0.714831204517175,1.03162904200409,-2.8329,0.855922245346068,0.923614042212903,3.91763894039735,0.935141942117321,1.43450723205342,1.27922413793103,0.579335204836957,0.783151309941081,3.15548695652174,1.10518411616346,0.908614784523717,0.817920773046717,0.688743202218837,0.649959206174201,0.839651934889964,0.481517461651895,0.44381368377138,0.578142857142857,0.495698581943471,1.15151013380774,-0.566802160723131,2.44713960605598,1.20951761846226,0.722517417918089,2.75360727249494,0.959769673824833,0.711688834951457,0.75291891098,1.40088461538462,1.84422924719308,1.27282342889583,-0.586091997322423,0.73825571013845,1.01693753159932,0.953964811902377,1.45246229676488,1.28804292789561,1.52658756680567,1.15112624115285,3.45704979509598,1.62342454843965,0.598953713552159,0.904363577566844,1.54253096267044,0.738148408948335,1.12625629642393,1.32359185070347,0.694655294832843,1.28095729412544,1.35232928603416,0.924085354695102,-0.6745,-1.16424062130138,0.870900498593882,-1.04073701840076,-0.812756121432968,0.977324814425157,1.48977266046008,-0.316962803095445,4.59443081117927,1.2141,-0.765648648648649,0.0605332274001821,0.210471356147018,0.643249167863937,0.789119623480903,1.13193908294322,0.526459009221384,0.909916997634394,1.19973210443624,-2.24902393022488,1.0938779147673,1.43680504596128,1.14596215529415,1.85454449235594,1.66645843585427,1.23673808986482,1.07005045339534,1.16571349480859,3.26063913916426,0.640490478887492,0.431624726857743,1.42358315306284,0.6745,0.517116666666667,0.921272775439764,0.933282980493233,1.07456614157785,-1.93805451493511,2.36295261580932,1.562,-0.789308510638298,0.805462126945997,0.740304878048781,0.91443629524672,1.01703759336919,-1.773935,2.13204022988506,2.89912567548844,0.842920708241814,0.6745,-0.585205291095398,0.721293656840336,0.356044252021905,0.982877228661038,0.732814500939711,0.082925091060958,0.698933418367348,-0.6745,1.36642126981802,0.505875,-0.0603817798841497,3.6208025977259,0.944263975473919,1.05648414602797,0.6745,0.778710457825989,1.56600917969869,1.26460466666667,2.12112016472775,1.67235689169763,2.40882853633972,0.897205450971431,0.836878537679394,2.72737482390491,-1.37075806451613,0.868178035343182,0.827795454545454,0.678381522552374,0.9443,0.830488043955057,1.112119673562,1.65395079101229
2019,0.699306159591068,3.46374075309819,1.07413026976358,0.8958203125,1.1306706465102,0.852769886360167,0.82803417531142,1.2881294433954,0.960220590487255,-0.309849650672822,0.80096875,0.730708333333334,0.672547373363469,0.74623187667452,-0.611527106717546,-1.60107197685589,1.34328389830509,1.24724853179908,0.856792750852108,0.527033362940943,-0.168625,0.836114343760175,1.01175,0.959865384615385,0.780994197885209,0.275931818181818,1.101610846381,0.6745,1.07995014125304,0.88952084747824,0.726408927851531,0.6745,0.6745,0.912156494917935,3.46029206349206,1.0792,2.04452313858696,0.766231435523569,0.746255319148936,-0.789133878364514,0.809564640695175,0.721083011497714,1.73094154348029,1.22979104040873,0.860321238487397,0.849076470588236,0.818738913571221,0.384309059969486,0.6745,0.6745,0.794235930941935,0.631714720212046,-0.289866251963247,0.621282133446746,0.512050309326486,0.777965714790817,-0.522864395357273,-0.445546031881339,0.6745,2.41151069994126,0.6745,-0.745400838921858,1.24030603415922,0.559835000000001,1.54578713174205,1.19570454545455,0.6745,1.0186715377337,1.79790482777916,1.04323724340076,0.812500054678673,0.6745,-0.0554641006746978,1.06288906999092,1.23211391385613,0.014052885039291,0.67791110706303,0.887709569964917,1.5615525210084,1.03458712990571,1.8779028515625,0.90863622022809,1.02793564258079,0.6745,0.823902964396604,-2.24833333333333,0.79386891327111,0.867594705126752,4.83285950331126,1.22207608110253,1.33522713789649,1.05826724137931,0.548086252410086,0.797258404202335,2.89741739130435,0.93460246825266,0.805937975006607,0.8101025778177,0.548381102154215,0.554313035365957,0.554683605915653,0.781365474992763,-0.308083573216519,0.770857142857143,0.72005192344656,0.813131353866527,-0.6745,2.0055327110823,1.02626437649833,0.717217833309203,2.18992294759958,0.825070186498242,0.889478189207497,0.6745,1.62917692307693,0.0258850082827168,1.2367377746239,0.73283860693393,0.698156384754743,0.84389640665947,0.766989691663842,0.998316469046854,0.687421463795787,1.75484836483868,1.0521163679299,3.82201763647554,1.39967163123465,0.896820600412296,0.745150476813978,1.39823881351756,0.945082822413755,2.0860796737402,1.28583993721013,0.644539137116871,0.937191639313861,1.27857266706088,0.744815679960585,-0.552503336947355,-0.789875196705541,0.790460389847245,-0.815394644246672,-0.924454750502918,0.784957931498042,1.33823863594166,-0.688163989681859,0.0929485344239946,1.0792,-0.902371621621622,0.61279285627304,0.6745,0.725481072129495,0.6745,1.1940981724883,0.365520236579641,0.414051099246913,0.959495436668768,-1.43672442488985,0.962436169270482,1.15226133918888,0.862297294444689,1.83722266734231,1.23020694120694,1.17227311502787,1.0021880872598,0.979368533518991,2.39548363240892,0.6745,0.44265705787643,1.38291726903392,0.736222165523866,0.517116666666667,0.6745,0.769069115398638,1.15741845969105,-1.37985517503823,1.88738061372206,0,0.846712765957447,0.767929182863927,0.690951219512195,1.07525101522101,0.865189674650069,-1.33551,1.35675287356322,1.26681299127404,0.751448580272192,0.689538228682289,0.41577998823082,0.6745,0.627695996507558,0.90285282628034,0.791522871502348,0.762954398481028,0.535327019557824,0.754740513687189,1.09116323093259,0.2529375,0.79380729331227,-0.0633160428251236,0.615743523955093,0.879947322648163,0.465818936196492,0.710972905905622,0.00983331901242972,1.06710633333333,1.73747032336634,1.38725607376524,2.27938490905111,0.824139942581652,0.913897765566622,2.22194337854942,-1.06614516129032,0.846832543457307,1.21103409090909,0.6745,0.786916666666667,0.749023484305609,0.976428587759383,1.39100182401426
2018,0.559287067905009,3.08142186697954,0.946953087073417,0.7693515625,0.917517236214309,0.714158955639434,0.848078118866483,1.01935705890512,0.785658852436402,0.807765528570055,0.54803125,-0.281041666666667,0.589373354558339,0.650889535944041,-0.424431819843608,-1.37377474710217,1.53191525423729,1.1955837769767,0.71703250498899,0.769024879454738,0,0.756160578242113,1.13316,0.907980769230769,0.671342874022398,0,0.6745,0.676222149758907,0.867980966599914,0.735275167202547,0.61169781928066,0.610647984789808,0.602462430236357,0.730417057901158,3.39605396825397,0.996184615384616,1.21930538043478,0.754494456086695,0.588393617021277,-0.669759636323736,1.05435901191174,0.6745,1.40063371596654,0.913512987003487,0.753302368736466,1.69815294117647,0.716716999082971,0.851970836756248,0.601067475026747,0.575340918767032,0.710783531316148,0.748750435008533,0.198126711269962,0.582950194012943,0.6745,0.720847525241518,-0.510385055329358,0,0.504180690293608,1.49460573732756,0.573117579766226,-0.249635264074713,1.04004421388068,0.748695000000001,1.38245548463669,1.13438636363636,0.57230303030303,0.904231494487377,1.47585665879134,0.844912176655116,0.686151603907703,0.5834990292314,-0.707567227761533,0.92214218338262,0.92578725019024,-0.205573732527684,0.636076253356263,0.767649729590361,1.17045588235294,0.6745,0.6745,0.7699476195402,0.962920729818475,0.567215268089439,0.713659063550037,-1.84363333333333,0.6745,0.954838770511416,3.82906056291391,1.03355923300662,1.0588969869783,0.872198275862069,0.40267460624167,0.6745,1.95898260869565,0.798442236861407,0.689339227353446,0.679558402043798,0.50620445040872,0.584764976111724,0.6745,0.682145864055457,0.625650104297037,0.722678571428571,0.880461323079544,0.75611078974941,-1.47285877909856,1.63693044417447,0.925704850291741,0.60091993907199,1.70872752065661,0.6745,0.686673718672388,0.557233152104666,0.342438461538462,0.906099438615865,1.29290334941811,0.6745,0.709623032984729,0.671725101666493,0.6745,0.833775278265414,0.684776060161989,1.80251096589043,0.916736776355492,3.9871679266028,1.21779316314389,1.00820568887086,0.716320682568662,0.945274802098422,0.952179299473554,1.24786602712881,1.10286397873608,0.669543195938105,0.85261159970859,1.03669127540026,0.6745,-0.567624942777978,-0.6745,0.68842447076396,-0.891822685952943,0.271294858334967,0.6745,1.0546282883077,-0.152623748925195,-0.286153715064759,0.910575,-0.6745,0.919056478791493,0.556042737519533,0.638245336306109,0.960298882378472,1.11483571900132,0.304623724534615,0.731883076155131,1.59076890129795,-1.00026885878089,0.854987955631233,0.994534617641307,0.727172009181642,1.57852385482498,1.09713251100751,1.0489448443953,0.810201669288108,0.787772233843467,2.14753216212825,0.594421167884182,0.408879967603433,1.12139517050951,0.737806355155201,0.427183333333333,0.65156671409973,0.685232612580533,0.94523332023304,-1.05355214003735,1.71855692415163,-0.0709999999999997,-0.703202127659575,0.479632486050606,0.559341463414634,0.952471876186859,0.80613337372005,-1.139905,1.63585632183908,1.02754414388524,0.6745,0.62473324465352,0.564815364540862,0.556381582631685,0.6745,0.748410213684719,0.665896639149277,0.815558324220063,0.569768962585034,0.728935949532332,1.25169872578814,1.20847916666667,0.616924196945761,0.600158892854169,0.432289098894921,0.763658959922243,0.652755700561245,0.639129901168252,-1.03895100819156,0.8165,1.48942085696888,1.03823889977342,1.84397862946474,0.6745,0.777140358217032,1.78471541932644,-1.10966129032258,0.676598794321238,1.71690909090909,0.64965804556886,0.6335167055,0.6745,0.810863726922412,1.23299583829271
2017,0.36187302334242,2.45821295006233,0.747909285324006,0.6218046875,0.724835390063975,0.6745,0.836443989245542,0.804498954415454,0.642184375083053,0.857476922979974,0.29509375,0.234201388888889,0.534844167867575,0.552257308405209,-0.283443855470387,-1.14901666992395,0.988885593220339,1.03865721686402,0.5317233743328,0.898628258347535,-0.505875,0.510592253416611,0.71497,1.40088461538462,0.778306411292349,-0.582522727272728,0.585060431281858,0.538977540701034,0.555412061042769,0.590523290157226,0.481673885992819,0.533249283542471,0.450059959699379,0.61289880650471,1.5973873015873,0.892415384615385,1.01475592391304,0.546392533045753,0.545340425531915,-0.533284971243402,0.6745,0.444565935267002,0.930702762203265,0.625301559018334,0.644595148715544,0.6745,0.577374284329153,-0.109712122990261,0.464202397978317,0.286621191999843,0.464994044696161,0.605320389147908,-0.246304289665808,0.510965752092121,0.389053811135753,0.502086302115814,-0.414281385038595,-0.521327380444974,0.438891459197787,1.50196205013415,0.46770162555308,-0.103596248311842,0.762804642133348,0.6745,0.992979989450086,0.6745,0.122636363636364,0.734967807317128,0.6745,0.643476599749467,0.569066695221085,0.453413910991669,-0.110602033297259,0.862277904608191,0.701147696835255,-0.467163097430046,0.517552727886152,0.607536412224123,0.997579831932773,0.619151567873897,0.71665625,0.6745,0.771938072674214,0.511687370385732,0.58568480290117,-1.57383333333333,0.574888985452857,0.6745,2.66959059602649,0.6745,0.768724609682804,0.755905172413793,0.475193310906318,0.618654110245543,0.821130434782609,0.678358092888403,0.551814178057901,0.525358599221845,0.420549889388358,0.705333305063184,0.575339203675344,0.217393528025468,0,0.529964285714286,0.971391018401553,0.584423360691521,-0.823999133234275,1.30928051418111,0.736131418432221,0.59669054033682,1.25893658297042,0.57495390935912,0.615741047640551,0.530873945111061,1.19334615384616,1.35244512700165,1.16439415554925,0.644065617715052,0.529987285385037,0.577489992871356,0.46566167180116,0.642152025847218,0.445748461594591,1.58179387348234,0.772332091176267,3.94854426873727,1.0009636351566,0.954597784933067,0.625738187992453,0.650239101321545,0.91193418068424,0.6745,0.731833927260479,0.6745,0.77224554341347,0.789920255629313,0.529591978192461,-0.235810920371039,-0.531749555242304,0.560662490823692,-0.659230305560155,0.226266362768139,0.530027200596177,0.85263687394436,0.454321857265693,0.925613496932514,0.6745,-1.01175,0.875149021376937,0.545271254629799,0.536087889038069,0.436792909071181,0.980969465086588,0.233314912186199,0.701947262191549,0.669748051077286,-0.693430419068789,0.6745,0.708714897853956,0.649211806785334,1.39387810136627,0.928347373305707,0.630265001918259,0.6745,0.627144321026117,1.40421380767139,0.370234609155992,0.337434655400111,0.6745,0.687130470436193,0.382216666666667,0.480179713282267,0.591457117045319,0.6745,-0.790027601596682,1.20495006143954,-1.8105,-1.349,0.429228832407508,0.444182926829268,0.874402575301645,0.6745,-0.897085,1.41102298850575,0.899542175795492,0.575229200070202,0.56463059982159,0.772441107710415,0.461357580079053,0.507085873764762,0.638285740766058,0.52030346093311,0.955048462512165,0.509603103741497,-0.349027186478078,0.742574834315843,0.6745,1.61361427066877,-0.695843016017901,0.275316492559602,0.601175972586862,0.658857759360851,0.540583776098186,-0.7124229965057,0.8023,1.58656545844951,0.801295933036265,1.42133684337638,0.542826392028878,0.58392857774725,1.2952964822254,-1.08790322580645,0.453157980401384,0.0919772727272726,0.574158387578268,0.505875,0.51614931292607,0.586137383424282,0.903398212806968
2016,0.233859471790193,2.03779423626897,0.55514595359246,0.46371875,0.545068705676709,0.499541856147798,0.788031783930708,0.608381859363801,0.455645445674995,0,0.168625,-0.159256944444444,0.38668577177015,0.438071251045411,-0.435758351750988,-0.847043920955494,0.451572033898305,0.59819042446524,0.384874001940871,0.56536417358518,-0.87685,0.279670151401634,0.5396,0.33725,0.87775633437313,1.37965909090909,0.482171625924882,0.389642333658883,0.322711490666571,0.470684257320883,0.543411637934795,0.343015273259886,0.358005292887485,0.41752573864314,-0.012847619047619,0.6745,0.549864130434783,0.565116629273495,0.401829787234043,-0.502120118766634,0.475021333723881,0.553709012831372,0.385066508898014,0.438342697087453,0.476878747314302,0.460247058823529,0.366518921811544,1.05057669287642,0.384636556294245,0.191969542548733,0.319391645211848,0.608244875241937,-0.100397991615242,0.408016231935532,0.181411754406443,0.313538902012821,0,-0.409207782797714,0.202603895512718,1.33025050404026,0.336400735633055,-0.0821040811346726,0.638406754737323,-0.984770000000001,0.927883579058421,0.735818181818182,0.347469696969697,0.496065399948087,1.11732409537428,0.449274752381965,0.407985364342216,0.221453985968348,0.682203778755152,0.669320619616712,0.605846068139201,-0.0919857005783044,0.434586260057074,0.432263666333567,0.736848739495798,0.48786701171783,0.247667968749999,0.588314567224392,0.528912072276853,0.482674041325742,0.447044198821973,-1.39396666666667,0.420351627456801,0.450981146183586,2.09170937086093,0.413328901962223,0.476537065108514,0.593094827586207,0.41121644746028,0.549617640508565,1.32553913043478,0.524980276747427,0.396983776785859,0.406096715974212,0.32046759574157,0.720568809544003,0.538708086704406,0.31936936837608,0.928091739674591,0.33725,0.795441816076281,0.342390856471376,-0.63528779717682,1.02860202719636,0.572223675208446,0.405068876861834,0.884571138836514,0.439906109260328,0.557170456084895,0.393305963760879,1.33862307692308,0.541133236701637,0.935902733465796,0,0.469513499251144,0.466129053146195,0.364308031515253,0.479963185057927,0.318278969754828,1.29595852056909,0.532698229081456,0.82811109532903,0.764049389493466,0.6745,0.425228421516752,0.466801050726828,0.700915126748069,-0.0226811410374053,0.569761217968096,0.551877077869646,0.642408470229816,0.6745,0.401246625198323,-0.091956589567522,-0.6024293710742,0.38283419073899,-0.6745,-0.104672063913517,0.385703796247589,0.605659451275432,-1.0364913327601,1.24397614178595,0.5396,0,0.498186408083289,0.783420790111608,0.415351581903166,0.704104519314236,0.625269176733122,0.197562316077167,0.762345877552792,0.651152000960701,-0.776010038369233,0.509552574712689,0.647178450651637,0.492949684625398,1.15075345393007,0.54037011676595,0.6745,0.486723037680366,0.432656104226672,0.945896883757895,0.254196303269295,0.248085882181979,0.538536229972388,0.48055125189053,0.359733333333333,0.314480085682279,0.544636722124408,0.426115882740601,-0.760595626829825,0.734685909305144,0.426,-0.301372340425532,0.284455736963505,0.345475609756098,0.728881303865143,0.482491067148738,-0.897085,1.40327011494253,0.71428621977943,0.420415650192258,0.417885018955679,0.74018307796125,0.344666634107588,0.467404657123862,0.486527826523591,0.397913281348843,0.624861107284016,0.493400191326531,-0.601583725254052,0.670662084874226,0.6745,1.24826898367562,-0.60716814673414,0.355654977775435,0.503587583774198,0.435276130396666,0.403644923732526,-0.848312124076302,0.7597,1.22997948915168,0.586987518964961,1.00291180293556,0.413438793549089,0.479484161749248,0.85130385070438,-0.913838709677419,0.322428861841146,0.245272727272727,0.43218563370481,0.382216666666667,0.46958265055922,0.467792443496337,0.595567784385225
2015,0.137102049171706,1.46899244701914,0.432564907577135,0.316171875,0.279763289735589,0.351445829664808,0.731129571013076,0.451152271464107,0.249256355350365,0.0361096904158802,0.168625,1.6019375,0.31661029216969,0.384637216675073,-0.411618285143919,-0.713599904759021,0.628771186440678,0.554085776355997,0.265818153240222,0.651794955226045,0.5396,0.226097590324626,0,0.285365384615385,1.18526022267736,0.735818181818182,0.126479651174915,0.279350249341528,0.294026426834501,0.318490822963654,0.608007485615157,0.181286282355783,0.273579727262826,0.307745079424817,-0.147747619047619,0.435830769230769,0.487546195652174,0.687683163462305,0.272670212765957,-0.376669567822083,0.187216227299356,0.475010725657687,0.297597600178408,0.325430551755619,0.347520444990508,0.515794117647059,0.258984181450458,-1.28227033212064,0.262048669168342,0.105327668956979,0.25530747677182,0.309736679204447,-0.196522367602018,0.248878755059578,0.102919750204272,0.265999092879007,0.226811227069729,-0.679128526979795,0.0650692867272437,0.979128446920989,0.255861640652713,0.0574132844349071,0.532350053565702,0,0.754155576948437,-0.224833333333333,-0.398568181818182,0.422876231455721,0.876296443670729,0.330038483448757,0.263642206466664,0.15705518936615,-0.156234496971932,0.327542392033398,0.428857329132244,-0.762231703015999,0.308161166222289,0.299770615223283,0.385428571428571,0.337992246444604,-0.41629296875,0.514443830975717,0.387477006509446,0.494322206930357,0.303076615958034,-1.16913333333333,0.312240408848306,0.276061934086415,0.6745,0.307307813269606,0.282145039065109,0.453543103448276,0.375703805201862,0.462438498078314,0.709691304347826,0.371050813301683,0.282251427503912,0.264906339183564,0.278720454427532,0.0593402877901223,0.307251653991087,0.21897847613666,0.628224853984146,0.33725,0.6745,0.181473460374283,-0.0988865775136215,0.670713254682546,0.406909777898912,0.241964696979421,0.589103761502105,0.365812927882261,0.6745,0.295165378279874,0.290553846153847,-0.549296015092949,0.6065866761283,0.141693504431385,0.291823425926097,0.3681206582941,0.32426486749961,0.266199703042931,0.284067133458189,0.77719439395936,0.340157480091698,0.121984759770423,0.681664502275037,0.448367772698934,0.247106375690314,0.324834465383901,0.64226153628591,-0.509988214705358,0.394688787214012,0.299416531717837,0.475238074442014,0.465673662535659,0.22642274028324,0.284295940248163,-0.518517645502997,0.278011543774483,-0.70038151235149,-0.306048487167848,0.263326940499153,0.411750539705563,-1.8454505588994,0.366010565780501,0.370975,0.428398648648649,0.798513779480862,0.930162947444843,0.343387483577758,0.418247086588541,0.6745,0.13080592248414,0.655996885647937,0.400459695577772,-0.498236379436192,0.403244493232823,0.334677586544103,0.365382624646727,0.55743258024113,0.6745,0.408465911398975,0.268413453463721,0.281774652581294,0.715827125946375,0.128998728482133,0.238028821491483,0.200574781476987,0.361537382311177,0.382216666666667,0.3825243498138,0.394238450857207,0.412291957446841,-0.496194779819839,0.640700065647724,-2.2862,-0.114808510638298,0.239001519326905,0.279670731707317,0.6745,0.248870261084467,-0.6745,0.364385057471264,0.6745,0.316128276914732,0.349708187106854,0.904107646850952,0.273476423971296,0.3622028062362,0.354222274781975,0.390408605213084,0.197675644315473,0.190018579931973,0,0.343382267218337,0.983645833333333,1.69193299104792,1.07195916673582,0.409851507229571,0.278583596228907,0.143645268285629,0.28193148127938,-1.21301427794008,0.1846,0.6745,0.422303488159095,0.724836800189185,0.253520787083978,0.373237091906293,0.625586501210653,-0.543951612903226,0.256006729318138,-0.306590909090909,0.349317910982862,0.258558333333333,0.33905923663045,0.433345456919044,0.373894982994808
2014,0.121611402578644,0.910082862799736,0.281436647972984,0.2213203125,0.228273271124205,0.231190432047507,0.678547543461226,0.285210902211433,0.206333604796997,1.13952809111496,0.12646875,0.852493055555556,0.246649791751639,0.27913412082288,-0.306655243237203,-0.404173825797093,0.680216101694915,0.389019420836516,0.211987678645952,0,0.303525,0.181162815154566,0.290035,0.415076923076923,1.22172389075314,1.44097727272727,0.62517253515987,0.242681535573503,0.233520660492061,0.214900546432362,0.342128362135011,0.150215279000378,0.213729368206078,0.203462788483714,0.633815873015873,0.300930769230769,0.274932065217391,0.655647978727566,0.200914893617021,-0.244511469802168,0.157192350126928,0.199860231872801,0.355871476450118,0.22945563529732,0.227040108109691,0.357088235294118,0.20641352047789,2.25147324257716,0.184269597636123,0.287536815853596,0.132333531097505,0.136997462648857,-0.110126931813029,0.182051344856663,0.0406839033500642,0.163717993032409,0.626927435455114,-0.176775232290512,0.104498374170562,0.970883380165421,0.202204085760338,0.44238950243666,0.244869794403237,0.29678,0.369284080179348,0,0.43944696969697,0.34627644636489,0.197183474260134,0.239151521752735,0.195620231108519,0.0847857757738441,0.0484903170838395,0.250441364530075,0.340362959628765,-0.6745,0.2133423458462,0.198576825324142,0.240892857142857,0.162390810825363,-0.53222265625,0.381755592334946,0.275282008336022,0.3395533303797,0.21355484254961,-0.764433333333333,0.243168592373955,0.191119800521365,0.0893377483443703,0.213510167772203,0.0870179318864768,0.325620689655172,0.337796893703162,0.355567609028633,-0.117304347826087,0.249466448438219,0.184274740796661,0.165011680142158,0.214143083824286,0.0210322421055606,0.203689320680696,0.379234857150731,0.927388256153524,0.289071428571429,0.670170398440512,0.205239185875607,-0.0414254581475986,0.477964059622781,0.241015110438696,0.0814831268816114,0.311441214271599,0.224247650994781,0.506478956875142,0.212526091739956,0.363192307692309,-0.298763896558072,0.556877002554641,0.204962839851394,0.217966278188268,0.324670643642583,0.25669877057764,0.130006859075472,0.12396074329912,0.692412821290196,0.243596564775289,0,0.429150241802463,0.575754826294141,0.173770784665699,0.217927813364766,0.499888759885749,-0.188378932410494,0.296158879541902,0.365354971922243,0.347037419829128,0.37090666202351,0.098293000677453,-0.244870883026141,-0.226930266869394,0.205412195161974,-0.393864469358912,0.897664257604799,0.153485263603951,0.256523071744691,-1.03083086844368,0.530201090661212,0.370975,-0.492202702702703,0.860994289256815,0.739128067358213,0.249089366325835,0.0635490831163194,0.425243541373403,0.0689420963331848,0.279054484883999,-0.0358826143084454,-0.315286630395423,0.323696428747172,0.2413607400032,0.21067629157711,0.481373904064403,0.380843849823017,0.55726051093408,0.199956984886822,0.155449479905137,0.503227163592253,0,0.234364848121331,0.102995515221864,0.310237692773646,0.292283333333333,0.225391519573708,0.26872642103984,0.355336310706898,-0.303737452807939,0.316308119276865,-0.72775,-0.530989361702128,0.115375253272849,0.197414634146341,0.409758405153525,0.152715509703651,-0.33725,0.0775287356321839,0.628329662302828,0.228617938296752,0.264299188814458,1.26593675982871,0.227412123047269,0.264786134362909,0.26221444439978,0.283435401189899,0.477050871429681,0.343473065476191,1.07362136392805,0.233248427373586,0.533979166666667,0.919721063717747,-0.227242426757394,0.41925580456438,0.116632065096697,0.287420583778442,0.221317570035259,-0.6745,0.407066666666667,0.516634618466173,0.27991423656325,0.572749446742637,0.211299646349121,0.298839714529541,0.448511692438917,-0.195822580645161,0.177977038785862,-0.352579545454545,0.308781054251788,0.236075,0.203106550533599,0.344618778791927,0.424562292643863
2013,0.0507789259884554,0.4649336364303,0.129555736609413,0.0843125,0.104713262964488,0.12277951250026,0.503125550128105,0.150488859069636,0.141099696770658,1.68087307638986,0.12646875,0.0374722222222224,0.154090768185538,0.155002686838572,-0.0456676423884724,-0.176700585759548,0.200063559322034,0.193632126145913,0.0585079061447395,0.275529447485772,0,0.132986005845785,0.0269800000000001,0.466961538461538,1.10662331833607,0.582522727272728,0.758893379684859,0.0924087445753724,-0.0409984757187811,0.0988466648262029,0.237581268248286,0.0404428341095797,0.122724837871691,0.10165447373953,-0.00214126984126999,0.114146153846154,0,0.545163190575899,0.100457446808511,-0.218093463550281,-0.0463562341339581,0.233585604398863,0.210743669630637,0.101555280903479,0.105464355430906,0.333282352941176,0.0965505425351082,1.07598621053867,0.0998849019392129,0,0.064840451257284,-0.0331822256705085,-0.0292757963253828,0.0986263719607892,-0.0271833780786738,0.105289634964169,0.87541170008078,0.203856427414542,0,-0.146676525217888,0.0969500288386016,0.808998140433785,0,0.28329,0.136892456811289,-0.623401515151515,0.480325757575758,0.188431910381217,-0.151200556453619,0.105013960038452,0.119939091605001,0.0245608833645108,0.664435385819881,0.185768940057587,0.176988739006958,-0.206455317548817,0.0711141152820667,0.126742739846445,0.0651827731092437,0.0769394051569219,-0.88001171875,0,0.0805672510996841,0.23129211756721,0.102843560714676,-0.314766666666667,0.136974428199138,0.191119800521365,0,0.0593659060799539,0.0187355606010015,0.151181034482759,0.224264864870519,0.228697567118036,-0.457486956521739,0.154068139326375,0.0884645144611467,0.0771924499683365,0.0575480346976222,0.0024025951997287,-0.0387520949119882,-0.0983783334941216,0.41557585523571,0.144535714285714,0.651322683405899,0,-0.648692607726598,0.19240928827484,0.150568788483894,0.0166336886223433,0.134712791722199,0.137177723387635,0.373363174531497,0.0994914555998667,-0.2698,-0.201710634087981,0.28036072097644,0.658539584795324,0.172937371535736,0.129124675167121,0.0328371924540085,0.133717185306367,0.0710895832319885,0.720456006279378,0.106774309725025,0.127754357169536,0.201157179260651,0.419392012256063,0.0595006266788428,0.101811937373077,0.356002578578294,0.576327541716664,0.117670927079105,0.166631555863638,0.177817659050268,0.136590009005911,0,0.0601289001325149,-0.0789967884357096,0.094712120291367,-0.151691614280497,0.435359215508304,0.0644478856157578,0.132005357390014,-1.56943332760103,-0.440422631220178,0.20235,-0.063804054054054,0.649415738861995,0.428398424329679,0.170574879515372,-0.0230249240451386,0.216109605689593,0.188002471096529,0,0.108734581244308,-0.176576045672981,0.168110720125258,0.0596176306384794,0.138985672123435,0.454269052786568,-0.0772082092290428,0.262807034370698,0.0844778615879093,0.0529972760720333,0.210726586355461,0.0492246604416517,0.152127986560864,-0.0975936263388368,0.218684965594948,0.247316666666667,0,0.0793607155339139,0.101082828671457,-0.0775990070727585,0,-0.2485,0.25831914893617,0.0106173520284773,0.0987073170731707,0.343910463349791,0.105902964690126,-0.20235,-0.558206896551724,0.471392051859721,0.121211914119631,0.143466743428386,1.16226949590797,0.100215606217482,0.139433370180203,0.1277115739853,0.159514623499793,-0.0632850143372556,0.6745,1.0592441541545,0,0,0.6745,-0.18260888870443,0.236174896958836,0.101141347946981,0.267614800521779,0.0964516398990495,-0.91903860915392,0.2414,0.140507323013813,0.157453436789436,0.188734295163956,0.0796395066193062,0.0829445398440995,0.195472119194365,-0.0870322580645161,0.0689337290419177,0.153295454545454,0.194151867206282,0.123658333333333,0.131260568195869,0.177238675266626,0.140731227427113
2012,0,0,0,0,0,0,0.360055488753018,0,0,0.400445500338204,0,0.271673611111111,0,0,0.0357127263233126,0.0119586733977632,-0.12003813559322,-0.0148545227750191,0,0.733078281912773,0.6745,0,-0.1349,0,0.874669973132217,0.245272727272728,1.03346303052611,0,0.0781256436847376,0,0,0,0,0,-0.107063492063492,0,0.00183288043478277,0.25866157209511,0,0,0,-0.0488883596179481,0,0,0,-0.0555470588235294,0,2.16487507334819,0,0.0891369209809273,0,0.0836943224831476,0.220170448877291,0,0.101328528072838,0,0.661990762760851,0.879046394169293,0.00313088594463982,-0.206405073740693,0,0.934954755364635,0.149481818367918,-0.39121,0,-0.459886363636363,-0.194174242424242,0,-0.0798253388460579,0,0,0,0.914715004490295,0,0,-0.192776756308186,0,0,0,0,0,0.0964941943158604,0,0,0,0,0,0,-0.00446688741721893,0,0,0,0,0,-0.287395652173913,0,0,0,0,-0.359073573064202,0.135513371732883,0.410376066373571,0.6745,0,0.511205811841905,0.0363638911929915,0.0062639301634463,0,0,0,0,0,0,0,-0.581107692307693,0.812336117246454,-0.0900150212886746,1.04371594220024,0,0,0,0,-0.125504920769081,0.460508646839124,0,0.0364875584594581,0,0.283625190717725,0,0,0.168525594419336,0.405726098293135,0,0,0,0,0.0426004580873535,0,0,0,-0.0651261113392327,0,0,0,-1.31631313843508,-0.6745,0,0.328135135135135,0.6745,0.1258391062793,0,0.167871164279514,0,0,0.181781387677149,0,0,0,0,0,0,0.147312127687128,0,0,0,0,0.0802790224783114,0,-0.281707381417189,0,0,0.108029458960308,0,0,0,0.0202947204080261,-0.355,-0.818010638297872,0,0,0,0,0,-0.131798850574713,-0.172756561582139,0,0,1.08298342639943,0,0,0,0,0.239926638881954,-0.544389179421769,0.235353990119198,0.0172829665702464,0.0562083333333333,0.843107240652976,0.0274772180264159,0,0,0,0,-0.202520006301198,0,0,0,0,0,0,0,0.0870322580645161,0,-0.567193181818181,0,0,0,0,0
2011,-0.239206945151039,-0.23246681821515,-0.105039548163429,-0.0948515625,-0.0852487914963952,-0.103760313034633,0.181499811833834,-0.119759921791294,-0.0059412195742387,0.31389332392272,-0.168625,0,-0.161451813616073,-0.145397997227134,0,0,-0.634487288135593,-0.0984907192990833,-0.130800710260088,0.884494154007905,1.719975,-0.11874688752838,-0.168625,-0.492903846153846,0.511754021537386,0.490545454545455,0.640298442830814,-0.0897468469674104,-0.02644790623659,-0.139631460970464,-0.293735551240055,-0.119830739488613,-0.118304846204117,-0.0723738198578053,0,-0.093392307692308,-0.0366576086956519,-0.135743961102028,-0.186563829787234,0.0522990413933234,0.0936278705330988,-0.262110120976861,-0.331764879804474,-0.164577206576239,-0.0746401140752272,0,-0.116138065036285,0.311325959394436,-0.11965212437602,-0.0365962373585203,-0.131634329502291,0,-0.0697931202928451,-0.112342344477178,0,-0.118688644591897,0.215122637771592,0.713799356406102,-0.211759485792321,0.0593537727611882,-0.123412792602575,1.0389977963717,-0.209623419470621,0.863360000000001,-0.0217747065805095,-0.0510984848484848,0,-0.093977830296436,0.263547329644367,-0.109459233127041,-0.109371393941603,-0.140457343098173,0.6745,-0.118150511716476,-0.129337924658931,2.37209341044061,-0.138277446381796,-0.0865408562998172,-0.0906890756302522,-0.159099503960909,0.569109375,-0.0499041738860584,-0.174293397195832,-0.233682789110517,-0.118864248271875,0.0899333333333333,-0.114318905884828,-0.0424710667825254,-0.201009933774835,-0.13271168989353,-0.142546285141903,-0.139551724137931,-0.158443271293855,-0.116981702171645,-0.129034782608695,-0.12772201416984,-0.105416903792811,-0.111691483184502,-0.244431523138823,0,0,-0.0569140458109957,0.540528598247809,-0.144535714285714,0.207102660876118,-0.123991568802934,-0.210927408370481,-0.0814177803262255,-0.180286737066352,-0.188475538493457,-0.14265912167232,-0.124846030992371,-0.16483494016708,-0.128442274752934,0.217915384615385,0,0,0.312423412798957,-0.093137945227362,-0.161264974521397,-0.0466943361271579,-0.115783678376978,0,0,-0.0889737039342141,-0.111041685736682,-0.135161090996369,-0.0014528030414582,-0.0755218136095464,-0.201224670260931,0,0.307517233683897,-0.0826960546885121,-0.183299764186196,-0.183359646599113,-0.122434285304283,-0.0248647733171452,-0.189219148295386,0.200487875181189,-0.10353469895939,-0.201769907689935,0.76976980702669,-0.0978895537436437,-0.165527744551182,-0.500997489251934,0,-0.0674499999999993,-0.346364864864865,0.59414086723906,-0.310903938868179,-0.200968624624761,-0.181462163628472,-0.157122780742244,-0.133311979653564,-0.0240803980293855,-0.135660041830536,0.0583537679866485,-0.0914602702721934,-0.0354837153067937,-0.14366899506913,-0.0550222676903367,0,-0.192177168197513,-0.101377492990495,-0.0908395054860046,-0.0522908896975782,-0.0845463913127771,-0.23644657115784,-0.361274107880896,-0.115883341650111,-0.20235,-0.292169653940476,-0.130172719727864,-0.0977249235210897,0.088313835025764,-0.0905286451319688,-0.426,0.530989361702127,-0.0769125115236827,-0.131609756097561,-0.0382996348125856,-0.0537922657429914,0.1349,0.224833333333333,0.318467447402138,-0.135451641555291,-0.129505663557127,0.603262798587061,-0.137840844712731,-0.135956441660458,-0.101126842088038,-0.163456536961023,0,-0.110122448979592,0.220090341388583,-0.186743960309033,-0.281041666666667,0.3798724328594,0,-0.348331096821799,-0.157888148327863,-0.245520999213717,-0.104958642770743,-0.14477582058773,-0.0023666666666667,-0.246428228054995,-0.0911089763500463,-0.203708125818146,-0.0907394325168,-0.0158069156077305,-0.121352096632181,0.0652741935483871,-0.173111610152111,0,-0.109401369688497,-0.1349,-0.158006745842689,-0.114902407561125,-0.0976966177510122
2010,-0.232743838344333,-0.382333724426193,-0.21414032302265,-0.189703125,-0.211668429691861,-0.170508305165569,0,-0.225053437193003,-0.103604284443297,0.0961555461729484,-0.33725,-0.374722222222222,-0.315570430867039,-0.267746547963337,0.24150069911209,0.220737319049021,-0.245792372881356,0,-0.266733070122414,0.981782275314506,1.450175,-0.299705657042844,-0.48564,-0.441019230769231,0.237066779609182,-0.800202272727273,0.474990213211439,-0.230608248733814,0,-0.239773802056507,-0.503423900390751,-0.220813701843466,-0.242288025868642,-0.159458940100634,-0.0877920634920635,-0.249046153846154,-0.263934782608696,-0.146933100100869,-0.344425531914894,0.117125067776832,-0.164871192149971,-0.155375522431792,-0.442745749787284,-0.238711999133858,-0.1975374154172,-0.00793529411764717,-0.203701288692724,0,-0.186310666354024,-0.375552677471967,-0.251204742250221,-0.19853225141348,-0.264310753432845,-0.283952216430331,-0.295515641414731,-0.18429459512651,0.573160046713121,0.267074631318728,-0.17348001361241,-0.0561842406058007,-0.25878019502516,0.649176246982007,-0.322827890330197,-0.708225000000001,-0.0516615587498351,0.6745,0.183954545454545,-0.169697349068965,-0.546448162770455,-0.230873666497843,-0.188270606568731,-0.279624600287207,0.426550153130541,-0.156006900164408,-0.176988739006958,3.48023528694796,-0.201489993299189,-0.160921229900443,-0.314577731092437,-0.231812417130512,0.0895820312500002,-0.110954369132897,-0.28448113072514,-0.493957114173674,-0.214713396918057,0.4047,-0.228264261614736,-0.0212355333912627,-0.209943708609272,-0.283421709163444,-0.288614834056761,-0.244215517241379,-0.278374009361614,-0.369397720758901,0.0762478260869563,-0.269290986932913,-0.197549222776234,-0.203875720511227,-0.302538875864964,-0.230553798094592,-0.16620517017396,0,-0.297531320400501,-0.289071428571429,0,-0.179593796385227,0,-0.305572524979025,-0.212136802422921,-0.236382212812196,-0.335231097025537,-0.250164938482297,-0.403532964551819,-0.264255411491566,-0.0415076923076918,0.409566629854593,-0.10768259437979,-0.0337500501974893,-0.221054506706458,-0.26289492352355,-0.212985197236894,-0.241447859073128,-0.268518722333025,-0.179886223628927,-0.209520572975369,-0.0712470763694903,-0.168947919273214,-0.306731626873107,-0.162742619420178,-0.301816743312109,-0.189044459047367,0.35777476634932,-0.209129195995958,-0.29257368326937,-0.331192499503278,-0.221536032921057,-0.0471520764964822,0.16818215877605,0.374748134898998,-0.199538566028324,0.0855081466071674,0.471350945223758,-0.240170706937869,-0.268771490324403,-0.108523164230441,-0.655068166325835,-0.202349999999999,-0.537777027027027,0.352010624417817,-0.582001197903212,-0.304743541246581,0,-0.123081658318875,-0.267673315401039,-0.214220391952601,-0.13371606272579,0.0631279780704819,-0.25795934353188,-0.110794866916772,-0.220047923616856,-0.111979214272739,-0.27651413709747,-0.19065497280585,-0.19912579498051,-0.240553754792439,-0.165206935207262,-0.0518940892014592,-0.397347449547639,-0.41620080374259,-0.248826501930281,-0.449666666666667,-0.536593962881104,-0.231778301393556,-0.227824614374204,0.130135905134777,-0.27146104480878,-0.1065,1.07632978723404,-0.21393924584558,-0.246768292682927,-0.2016268076777,-0.23289131476829,0.20235,0,0,-0.301066790814182,-0.350470207883737,0.284613908024476,-0.282690991554175,-0.404074707561351,-0.226545172700069,-0.271986720392135,-0.0123944769269188,-0.297703422619048,0.0990766003551427,-0.290426941525393,-0.5901875,0.97410018430753,-0.415696779815724,-0.536697655615876,-0.155965467005972,-0.278691164996189,-0.205917667134183,0.0644478432720389,-0.196433333333333,-0.268044739287889,-0.210691774085003,-0.209255225022075,-0.271552667135539,-0.186822467659517,-0.131739441173234,0,-0.252059820557444,0.6745,-0.290095121055133,-0.292283333333333,-0.360968845866171,-0.262351621705771,-0.20211784041258
2009,-0.438739799913209,-0.398161252474884,-0.319259267021153,-0.3056328125,-0.321335690585037,-0.268659679931567,-0.197483122465223,-0.339067429012703,-0.286547751660738,-0.159426139251937,-0.46371875,0.4215625,-0.450315805038505,-0.37803555354099,0.0618273986408177,0.163968803899924,-0.600190677966102,-0.0332354851031323,-0.369827888089546,0.570817296885764,0.33725,-0.267177865506635,-0.101175,-0.6745,0.0616522760482934,-0.610115909090909,-0.0298009990115196,-0.322015729071329,-0.0989836709698184,-0.349106397334644,-0.666493094228785,-0.444397345512135,-0.340265083324257,-0.283766697402376,-0.214126984126984,-0.373569230769231,-0.524203804347826,-0.291684590583044,-0.502287234042553,0.0347559143044553,-0.502740241163835,-0.190363954371916,-0.561835764194391,-0.307694964893466,-0.315745252573784,-0.1349,-0.333575873644067,-0.0770992841215832,-0.327223577162326,-0.373064257034689,-0.337796782587424,-0.43080943885091,-0.6745,-0.476313047137143,-0.496026205206024,-0.349447360117425,0.877681447545888,-1.54739419060608,-0.454476215268659,-0.113246527281675,-0.41468471067341,0.328675261214321,-0.392846576912841,-0.21584,-0.262203758406963,-0.531424242424242,-0.684719696969697,-0.324325231368337,-0.0605766755782146,-0.339591774734702,-0.310852949003025,-0.456457829618093,0.598083484928731,-0.231311438274587,-0.238254071740135,3.89203694406267,-0.347669008045659,-0.320307744758926,-0.609884033613445,-0.348120392119911,0.0158085937499999,-0.170260273086969,-0.353134480835909,-0.686341253157876,-0.316621084104384,0.359733333333333,-0.359345222922421,-0.148648733738839,0.192076158940397,-0.488641377066218,-0.442348585642738,-0.360508620689655,-0.538030885954284,-0.506685982032945,-0.258069565217391,-0.367836436277917,-0.332349610465245,-0.297710007505705,-0.508444267769796,-0.293135682582761,-0.343708682485331,-0.6745,-0.327921808510638,-0.433607142857143,-0.285427652484827,-0.409329960854507,-0.00872774269440448,-0.34149240414265,-0.293399977750955,-0.428551553723967,-0.383425202331549,-0.340814967253728,-0.664249164596977,-0.440574581725711,-0.383946153846154,-0.333525538376588,-0.339095637240988,-0.426207041428318,-0.348239260479821,-0.420208152238411,-0.346487667696104,-0.367644796454328,-0.159622424843119,-0.25567123677974,-0.335077239155286,-0.389234924167101,-0.276164006924691,-0.662045515744592,-0.331197203098725,-0.551280413307204,-0.373112538858528,0.0710189401331128,-0.291534555591062,-0.49281082458194,-0.487169920921915,-0.267531079051608,-0.322411249241165,-0.180524834357307,0.197327026935175,-0.347936462785178,0,-1.05108368837079,-0.411922109708341,-0.355634676863074,0.0329652450558884,-0.543074982958418,-0.370974999999999,-0.273445945945946,-0.133383242503364,-0.620674954778696,-0.436443196833299,-0.337191449652777,-0.212317240645563,-0.422984789019443,-0.227761041300432,0.0205940286409082,0.0414519933382142,-0.369068919416934,-0.252883233469054,-0.340153711195847,-0.442873794112304,-0.429401968401969,-0.123678375572657,-0.249491659714149,-0.320506042870737,-0.185311871000125,-0.33336285849832,-0.611932841877733,-0.193465915686171,-0.272189680850303,-0.60705,-0.554677154924459,-0.438081977035013,-0.316140307523753,0.211092207406608,-0.39975773885672,2.627,1.13373404255319,-0.41462489965246,-0.411280487804878,-0.327850470361389,-0.379080395661359,0.06745,-0.91483908045977,-0.617836770861669,-0.415373535890739,-0.4695223902575,0.209596839510556,-0.400836999485566,-0.605245620696191,-0.349210855533987,-0.389405070133391,-0.531725383403226,-0.67963331207483,-0.221763902563382,-0.36993155138955,-0.702604166666667,-0.351635071090047,-0.20939077931777,-0.626452288339571,-0.360992651980006,-0.321104842426817,-0.384387672563924,-0.0314511657214879,-0.4118,-0.2658830881646,-0.32370472302197,-0.372849118603787,-0.432847427156571,-0.277341944279663,-0.242084330288356,0.0652741935483871,-0.395411410811009,-0.33725,-0.418542843531007,-0.4047,-0.465322442086989,-0.386904153951285,-0.311478139482731
2008,-0.506768741678307,-0.407064237002273,-0.383320808458303,-0.358328125,-0.4058314076844,-0.37327969109284,-0.372913068889451,-0.417005756530283,-0.417676272303999,-0.165444893269304,-0.6745,-0.665131944444445,-0.574417168687644,-0.500636371993846,0.400626282337813,0.242979597510521,0,-0.294344985437357,-0.450971745208711,0.00920673059493219,0.6745,-0.303899502144338,-0.6745,-1.06363461538462,-0.146033858075952,0.613181818181818,-0.317485818228077,-0.40322416309837,-0.12418335180947,-0.436493647311232,-0.6745,-0.508078683615004,-0.431296429092692,-0.398166812301647,-0.40041746031746,-0.373569230769231,-0.355578804347826,-0.54742109629748,-0.530989361702128,0.287961022014555,-0.0187558679945328,0,-0.348207721751427,-0.413309881366397,-0.434797752921907,-0.238058823529412,-0.345386149909187,-0.0579431991550309,-0.467207129171388,-0.451389305995861,-0.437340014358373,-0.528176015178819,1.85738508881498,-0.658571527745179,-0.652811310843937,-0.421548298872697,1.01361125393611,0.0493613715795749,-0.625561639923315,-0.145070343382388,-0.507760047593021,0.809180073065364,-0.350489252741404,0.465405,-0.240258269814057,0.347469696969697,-0.694939393939394,-0.397462979575072,0,-0.422156132271787,-0.412917034228849,-0.559323191535421,1.0171317728602,-0.376805592867294,-0.388013773976792,3.23276877415006,-0.521503512068489,-0.384062350702319,-0.640775,-0.461640970675138,-0.1159296875,-0.384808102097287,-0.419560098613725,-0.672323833000265,-0.422162115932216,0.5396,-0.461842801329255,-0.23359086730389,-0.938046357615895,-0.580233522942746,-0.468344874123539,-0.395396551724138,-0.6745,-0.617343355384947,0.692095652173913,-0.375822333271597,-0.419940508571746,-0.419816799839755,-0.557041941387622,-0.445681409549657,-0.367315079924979,-0.297310237186289,-0.490721964956195,-0.578142857142857,-0.464668642006949,-0.478376939084374,0.22942688211986,-0.442946311439685,-0.345567619018483,-0.53282772687176,-0.442537118014231,-0.443631030307172,-0.515264585685257,-0.538008083190214,0,-0.562145407693724,-0.367235861481692,-0.56438533378365,-0.442516334467851,-0.506247133809606,-0.422359061016059,-0.409987096312998,-0.47698678217882,-0.363195272532178,-0.433111099218034,-0.208812587787825,-0.434764731566073,-0.903129463656331,-0.467389690402635,-0.547862658062049,-0.507638097307261,0.254018137769825,-0.383211865299742,-0.632546921803093,-0.558159359560236,-0.380012551369567,-0.469700908842963,0.204625147572582,0.25177653733231,-0.415003321409753,0.331116262134272,0.00473767754694925,-0.487383212052136,-0.43892472014642,0.188071246775582,-0.306408316291752,-0.438424999999999,-0.473972972972973,0.0627226533526689,-0.837809391881087,-0.564264086340596,-0.478875971137153,-0.314227160877773,-0.6745,-0.237027237016299,-0.0400068199785845,0.104752171191434,-0.405255554006972,-0.432074316803869,-0.419190700030424,-0.329785363941448,-0.414858553483554,-0.400717936855408,-0.313578154277508,-0.371541303988454,-0.281068469485925,-0.601962567244371,-0.6745,0,-0.502958499095791,-0.6745,-0.579244156650216,-0.490385910323693,-0.325924609564918,0.37568413352223,-0.376891407722866,2.0945,-0.6745,-0.490252767234651,-0.509987804878049,-0.494182733939057,-0.404677579109389,0.33725,-0.96135632183908,-0.510144443760193,-0.50211255205314,-0.629968179016997,-0.0603915875924649,-0.484284966822299,-0.604869220581913,-0.434881623106338,-0.46802521103098,-0.680467818670296,-0.258357589285715,0.397465590825975,-0.450745102705869,-1.28717083333333,-0.404913112164297,-0.50402103909036,-0.693541332068378,-0.426850643118119,-0.552225145432472,-0.489520352876602,-0.0456119178553024,-0.5396,-0.458270038137359,-0.422307517093353,-0.413394358242423,-0.463633731726743,-0.425561085266477,-0.354982906394453,0.304612903225806,-0.444352159884248,-0.971893181818181,-0.498679844229977,-0.460908333333333,-0.605752372946645,-0.449828047547007,-0.577076781719098
2007,-0.569194817781718,-0.526265307618978,-0.44390730316894,-0.484796875,-0.454260377724542,-0.428537380190327,-0.458190916745069,-0.463154445093599,-0.531820246127055,-0.514467451444995,-0.63234375,-0.665131944444445,-0.6745,-0.560762067710694,0.840378511425846,0.415136964235086,-0.405843220338983,-0.361814308393812,-0.518796475101419,-0.553149666461227,1.0792,-0.619426535770199,-0.789165,-1.79520769230769,-0.128756529368199,-0.6745,-0.0591905665826948,-0.537873955233559,-0.356853771813761,-0.489115320656896,-0.759860007390937,-0.622702605856875,-0.570812283629234,-0.450948518537253,-0.862931746031746,-0.57073076923077,-0.390403532608695,-0.619636791818974,-0.617095744680851,0.471797457397706,-0.453532430189416,-0.0682334419134914,-0.241152032103956,-0.481257399512211,-0.45584915004758,-0.333282352941177,-0.437757210080528,-0.43512809529398,-0.574261499380202,-0.556390045325929,-0.531360421022902,-0.436499244396136,2.31330508114749,-0.740615595631895,-0.70307569744368,-0.477667828501962,0.674429222928507,0.767674260506348,-0.633639945637901,-0.455031313997238,-0.587648198644241,1.10992021334986,-0.426100045036131,-0.944300000000001,-0.281210373203218,-0.183954545454545,-0.388348484848485,-0.442981038440684,-0.362285843073862,-0.50450103564749,-0.503991687019283,-0.70043570675866,1.46235116402238,-0.340141691398597,-0.507441690703171,2.86938082777937,-0.588666843168219,-0.38760427325473,-0.6745,-0.578175932344845,-0.95378515625,-0.540050027153533,-0.486168718982929,-0.713397270087856,-0.500662431635005,0.8094,-0.523728247726535,-0.297297467477678,-1.15245695364238,-0.554565653923458,-0.527203613355593,-0.453543103448276,-0.760901797961279,-0.806448266254451,-0.140765217391304,-0.475314828093415,-0.491535365535942,-0.476383269316526,-0.6745,-0.615388530800328,-0.546077832217768,-0.785018757149353,-1.12985081351689,-0.6745,-0.586616022154923,-0.4890046476178,0.693500588162456,-0.446666912734127,-0.40931502172063,-0.655175241913456,-0.521182634032115,-0.552091809168956,-0.510899424249267,-0.612719177329682,-1.35937692307692,-1.07934897846494,-0.434616937269373,-1.19884496561872,-0.5111424584436,-0.591056086354133,-0.4495031378164,-0.418884291041365,-0.571938316327772,-0.283293661577241,-0.492754364562348,-0.158163612833988,-0.507098648765965,-1.21873481150666,-0.498456614541627,-0.651271813749796,-0.604737662597398,-0.640661720316711,-0.420220438233592,-0.609821716859806,-0.537517756540168,-0.46823779686723,-0.51541589243452,1.18462871340802,0.508089288062614,-0.494679196866726,0.363807088070019,-0.0726733237603085,-0.563492211701443,-0.497960803619755,0.424395631986239,-0.939043967280164,-0.438424999999999,0.710959459459459,0,-1.17337785201866,-0.6745,-0.399920827907986,-0.455236530319399,-0.881523971122981,-0.375683486338086,-0.836498258728873,0.48270603929905,-0.526326120608951,-0.507541372259659,-0.494926304636949,-0.524659119809544,-0.554389444660278,-0.422028672338697,-0.41678869315462,-0.559550225501603,-0.517068703726942,-0.712365536819571,-0.745722950160304,0.0175292917568025,-0.621327411640884,-0.6745,-0.707786959944291,-0.576467296230249,-0.393261125042177,0.585937521965689,-0.413768191994344,-0.638999999999999,0.0861063829787236,-0.54915557498055,-0.559341463414634,-0.557908392006777,-0.608863655086197,0.47215,-0.302362068965517,-0.244598368563939,-0.54361028846614,-0.653725023795148,0.234648368464986,-0.562968860497372,-0.722745850054603,-0.50998595678304,-0.560309016501251,-0.700958781462314,-0.500512266156462,0.933320905051158,-0.5855907692871,-1.97853333333333,-0.653543970510795,2.44228155863554,-0.6745,-0.530798038778745,-0.949830257485517,-0.58541799888603,-0.587932018674457,-0.821233333333333,-0.462593340383938,-0.45788032064224,-0.38511303263862,-0.536079701016358,-0.511248214118455,-0.429947353070658,0.826806451612903,-0.481213936835604,-0.889113636363636,-0.610606146964993,-0.5396,-0.650431805021593,-0.538720859926605,-0.534970708187268
2006,-0.6745,-0.524286866612891,-0.519067552066191,-0.6007265625,-0.580718503538255,-0.536382237426166,-0.66691473935547,-0.534616649689386,-0.55726676272304,-0.157499231186112,-0.71665625,-0.440298611111111,-0.85939473345668,-0.6745,0.887294938387084,0.520746476496673,-0.571610169491526,-0.195516114400306,-0.627340500824849,-1.57004712141537,-0.1349,-0.889851150064949,-0.478895,-1.97161538461538,-0.401628264684099,-0.950431818181818,-0.681590686806084,-0.601940955715239,-0.231259382599056,-0.552759179800294,-0.80122117294271,-0.755503381034451,-0.681296353392877,-0.533347826450128,-0.822247619047619,-0.518846153846154,-0.298759510869565,-0.904294683422435,-0.774957446808511,0.696917193330358,-0.3715347783636,-0.425289868325968,-0.4058869626407,-0.58943071287698,-0.56521405337532,-0.357088235294118,-0.647985582062782,0.539615831475176,-0.68001458672442,-0.939665330741722,-0.573101021265672,-0.6745,1.65282153943188,-0.88453870361688,-0.716779269289133,-0.566319986012094,0.820751666031945,-0.338716179353848,-0.707561033711505,-0.303536243272849,-0.73099295905558,0.604776645993668,-0.497872305508738,-0.33725,-0.490525077146249,-2.05415909090909,-0.510984848484848,-0.506352955052919,-0.357484161278289,-0.579880426111969,-0.618692416068239,-0.872396599296267,-0.276000299352937,-0.494775858804125,-0.527156874776708,2.17114450092063,-0.683485663544308,-0.582410013637321,-0.6745,-0.551377884867779,-0.3267109375,-0.597611639814838,-0.554422921709333,-0.839619975679651,-0.58994511558426,0.6745,-0.645524668513799,-0.361004067651466,-0.352884105960265,-0.626550186327933,-0.57692969015025,-0.523318965517241,-0.948224795623228,-0.995613390717648,-0.17595652173913,-0.556685097710045,-0.586995174821538,-0.551481628352262,-0.835040818290308,-0.886157196166568,-0.708531395718981,-1.17778842045783,-0.648471109720484,-0.819035714285714,-0.704501478158258,-0.62941505682645,0.344390880386329,-0.567331984048291,-0.495049902104203,-0.715578828038825,-0.550856348686312,-0.636031229170054,-0.949376123278394,-0.704344709208863,-0.300930769230769,-0.325611057426837,-0.398374288958274,-2.85988117699881,-0.633622778595476,-0.6745,-0.58685838223478,-0.572914208235578,-0.6745,-0.432030783382197,-0.599877387023251,-0.261430890267191,-0.532587743398308,-1.47584344111169,-0.613112682772199,-0.6745,-0.811719075354095,-2.0026615791506,-0.489181586675073,-0.823024598372604,-0.688016445724883,-0.486676534406785,-0.581952403785526,0.909701505842669,0.638290522449919,-0.60107348041106,0.654244969906781,-0.0346485501601851,-0.66985837863113,-0.582733157726243,0.648888718830607,-1.03765507839127,-0.472149999999999,1.00263513513514,-0.418432100908249,-1.36432060430433,-0.836334237325021,-0.350767811414931,-0.619809716720682,-1.05313627617588,-0.6745,-0.47200217658891,0.454527682904958,-0.5657995200997,-0.603455816723859,-0.590522735374457,-0.6745,-0.362173249589916,-0.833021428087834,-0.536278007932709,-0.533292818812429,-0.605659074747982,-0.941402569196467,-0.847770698218408,-0.231780492094478,-0.718711470716231,-0.854366666666667,-0.659296232099064,-0.6745,-0.532453769615687,0.618403520901442,-0.477394269290332,0,0.6745,-0.6745,-0.6745,-0.505964660083554,-0.633760591878175,0.5396,-0.837310344827586,-0.243482619056174,-0.657093624760009,-0.816599712258465,-0.0210176573728487,-0.677225093932941,-0.985305640775064,-0.616201382148971,-0.6745,-0.710152997476987,-0.767645238095238,0.61046293821864,-0.669560598293728,-2.48159791666667,-0.983867825171143,0.0852394804548202,-0.68797886083733,-0.576076978713824,-1.10407234116906,-0.6745,0.507584722460902,-0.229566666666667,-0.520957920712752,-0.575315696417265,-0.232393874378083,-0.644591824763105,-0.635074668789743,-0.593381464615893,0.783290322580645,-0.57933216154987,0,-0.829323902532925,-0.6745,-0.73829761331651,-0.640746849906798,-0.493201401479366
2005,-0.751812399350859,-0.589575419813742,-0.595586144348342,-0.6745,-0.6745,-0.591229948327213,-0.796758727372773,-0.598744871757549,-0.6745,0.549823380764529,-0.80096875,-1.63097847222222,-1.0076198370231,-0.777512499388182,1.05301200113679,0.552599510582484,-0.33725,-0.518765022202063,-0.6745,-1.36192365768771,0.640775,-0.862933572022941,-0.59356,-2.58125961538462,-0.365245366641979,0.521204545454545,-1.34591180264179,-0.729425479628973,-0.6745,-0.6745,-0.847579297476958,-0.898264939533806,-0.778165308953273,-0.6745,0.156312698412698,-0.560353846153847,-0.6745,-0.835083218659049,-0.83236170212766,0.79612881842857,-0.750689128099979,-0.920255442621598,-0.337493526661558,-0.6745,-0.6745,-0.587211764705883,-0.6745,-3.02309934280014,-0.757966982092922,-1.09754583273292,-0.6745,-0.761240997111067,3.03569904939754,-1.03508176340544,-0.839021594490487,-0.6745,0.33892943008003,0.6745,-1.06245677184551,-0.298182303821181,-0.839126481364509,0.154641467542426,-0.601319357348054,-0.438425,-0.309481912171964,-0.633621212121212,-1.40009848484848,-0.5920933955104,-0.374950540910221,-0.6745,-0.6745,-1.00122903867637,-1.05445471711148,-0.615719583264756,-0.6745,2.00653998340293,-0.794107620649745,-0.6745,-0.6745,-0.689490200367486,-0.45844921875,-1.08775749308231,-0.571875893259615,-0.909481528788508,-0.6745,0.6745,-0.730776044036336,-0.573359401564094,-0.616430463576159,-0.777032525062068,-0.618150085475793,-0.616353448275862,-1.00987334863098,-1.12182932285255,0,-0.642169800479276,-0.6745,-0.6745,-1.02396623113824,-0.6745,-0.881775543300584,-1.13069547540622,-2.61242826449729,-0.963571428571429,-0.930253514779671,-0.6745,0.508213533927686,-0.617358913453262,-0.600495701206454,-0.922663318263029,-0.5829302979515,-0.711953401846273,-0.796717306389705,-0.769009961218692,-0.6745,-0.594268889195657,-0.647623386318478,-3.78351810605121,-0.788279905049558,-0.7752846638442,-0.683470542034935,-0.6745,-0.711882219256215,-0.350652764528199,-0.631001751826611,-0.555648422581002,-0.567032465874447,-2.14619634879335,-0.6745,-0.701220453657907,-1.00855557324396,-2.03818855225845,-0.61880596590173,-0.994747077010069,-0.530648122127294,-0.576020720398635,-0.698494407345821,1.54723848331526,0.79466655030564,-0.6745,0.898561611127117,0.165846125971129,-0.740838666783564,-0.623554768229023,-1.09866364574377,-1.16172358554874,-0.640774999999999,0.619810810810811,-0.848705236060396,-1.73908985873725,-0.918381743162776,-0.610987510850694,-0.619487706103163,-1.10522642727593,-0.779897486815548,-0.8972476057522,0.563836406736718,-0.636827486437107,-0.6745,-0.6745,-0.504848007954795,-0.559200854700854,-0.390062569113764,-0.597683661355399,-0.6745,-0.55600332538587,-0.957609927201452,-1.00084232030557,-0.461792820837509,-0.846269722179278,-1.10168333333333,-0.986703094250506,-0.721676221280813,-0.659755121701226,0.6745,-0.6745,-0.213,0,-0.733272669548569,-0.773207317073171,-0.45167991323147,-0.663612870435719,0.4047,-0.0930344827586206,-0.401454057378244,-0.761093088353392,-0.819528653495039,-0.130498442102335,-0.770506684378805,-1.2005456337795,-0.6745,-0.774776776987037,-0.0882017463037442,-0.998443537414967,0.320754527233727,-0.6745,-2.06003541666667,0,1.83921466511741,-0.669191122472286,-0.6745,-1.19454862159239,-0.778043854758105,-0.871533439308013,-0.355,-0.564190943178541,-0.634612207859956,-0.560206113210838,-0.701791146303638,-0.6745,-0.600251921912833,0.805048387096774,-0.6745,-0.939701136363636,-0.93345196909269,-0.764433333333333,-0.863199715214333,-0.6745,-0.638801183582586
2004,-0.911401057463599,-0.563361076483098,-0.6745,-0.7693515625,-0.610547690600253,-0.676902830524494,-1.01197210663814,-0.6745,-0.746988000546724,-1.00287063761139,-1.0960625,-0.955541666666666,-1.14781395413243,-0.894486922417224,1.11445415625069,0.6745,-0.834550847457627,-0.6745,-0.836949733704686,-1.39514369357938,0.978025,-0.89800562958739,-0.18886,-2.82511730769231,-0.6745,-0.527336363636363,-1.22011435402608,-0.840768597724876,-0.707671439171792,-0.709655979295759,-1.27034733590285,-1.02110842780986,-0.883013582616273,-0.759548252821088,-0.6745,-0.664123076923077,-0.531535326086957,-1.37850479293141,-1.03327659574468,0.885731685839067,-0.760244874048037,-1.12368565055948,-0.937706745472689,-0.742208208118322,-0.765331986424302,-0.706241176470588,-0.774799667758908,-1.1599721863631,-0.850218684227644,-1.2293945631812,-0.909046047370286,-0.827401264980979,1.96493728538275,-1.17722762375571,-0.874691490603479,-0.755708934399722,-0.373740156458198,-0.0457102975023434,-0.933803782367772,-0.411460954739566,-0.959069040720784,-0.00701498379426855,-0.6745,-0.600305,-0.490126585783991,-1.48185606060606,-1.47163636363636,-0.6745,-0.269019988808754,-0.763102184147863,-0.73126531914118,-1.07605292388912,-1.21298792226035,-0.6745,-0.62320321762843,0.344864165867071,-0.987696045584259,-0.702835380419286,-0.6745,-0.756592002799895,-0.72192578125,-0.615054552742507,-0.6745,-1.05073394197051,-0.744683051351024,0.6745,-0.834011678580749,-0.758108542068079,-0.678966887417219,-0.769750701212569,-0.713663789649416,-0.6745,-1.33092023383642,-1.20206361953447,-0.6745,-0.6745,-0.769959809285595,-0.726859586089616,-1.10693619288406,-1.20268957962288,-1.10141717139563,-1.44281405476922,-2.09223034000834,-1.20446428571429,-1.15600555140108,-0.823545575758899,0.764450037147101,-0.615889046275211,-0.6745,-1.02202348235968,-0.672424473536802,-0.836485928060723,-0.977056344547304,-0.873383590082423,-0.0933923076923073,-0.872082689122031,-0.597281907465229,-5.64166283398666,-1.03857744767707,-0.839221775507865,-0.682584404024326,-0.714973699260068,-0.691205006202267,-0.573392289511572,-0.6745,-0.505400409808037,-0.588388193809653,-2.76553896437534,-0.831562513284058,-0.730613976679157,-1.15955514581043,-3.03402478710905,-0.6745,-1.08814981615775,-0.6745,-0.627139028747164,-0.729970994888308,1.7194509035056,0.967222054883985,-0.782467819510384,1.08520566156303,-0.6745,-0.781868358758548,-0.6745,1.29483121238177,-0.583801976823451,-0.741949999999999,1.79562837837838,-0.916824384367335,-2.21939939397296,-1.09596578713832,-0.748917491319444,-0.688394298130749,-1.36567718277619,-0.610090424723832,-0.740851786804368,0.463568749350326,-0.816275291043319,-0.610589017299931,-0.767202359428482,-0.701895053111644,-0.502897894543728,-0.587947970030015,-0.69660725295767,-0.751175830318521,-0.554310515748526,-0.99370801152533,-1.20493781642177,-0.803181958880738,-1.08925190401026,-1.0792,-1.16345072512035,-0.836073760584968,-0.743357076300069,0.583783406070676,-0.548933868334231,0.1775,0.387478723404255,-0.911803445999685,-0.888365853658537,-0.686445481901311,-0.83458515896549,0.60705,-0.643488505747126,-0.570962599452257,-0.880421859340845,-0.922322178095725,0,-0.920426071356476,-1.49181448776176,-0.798427685958739,-0.965466136904548,-0.731216057727913,-1.56844192176871,-0.583936474779354,-0.692775786313207,-2.67551666666667,-0.699718272775145,2.14765129886295,-0.876488569721886,-0.744656322727259,-1.43521317041282,-0.876538400497784,0.365668098756944,-0.598766666666667,-0.596615710027882,-0.6745,-0.59057403501769,-0.765475575681066,-0.710576241843329,-0.472831106922738,0.566494925967741,-0.786897302612003,-0.582522727272727,-1.06645152522802,-0.888091666666667,-0.982006534355835,-0.802160614231638,-0.678378695286204
2003,-1.13329860550056,-0.643982547481117,-0.733786686294341,-0.89787690515625,-0.76046337827518,-0.737861296301271,-1.16159882887442,-0.733958683391643,-0.974729629151527,0.6745,-1.517625,-0.6745,-1.25725179138791,-0.95816209308784,1.22911575047458,0.717605809699715,-0.485868644067797,-0.684177580691367,-0.929929746830419,-1.86011415545807,0.6745,-0.940870235100946,-0.87685,-2.79139230769231,-0.65630855097894,-2.37301363636364,-2.41440769283708,-1.00246396200274,-0.682085833571735,-0.790551249678081,-1.35297961580212,-1.20972333651972,-0.950078615837055,-0.8352995322124,-0.597414285714286,-0.913169230769231,-0.813798913043478,-1.49132263559773,-1.10649715851064,1.16109009312957,-1.66928542276899,-1.09524818744001,-0.933288839305651,-0.883707539857877,-0.841119033377102,-1.00778235294118,-0.884989913488738,-0.42175049876775,-0.939604765602478,-1.24577859725425,-1.10144932345619,-0.895920093103745,3.88137445534108,-1.34649834943368,-0.870692716236723,-0.896281227731993,-1.21030805738007,-0.507729285653396,-1.13130319716547,-0.373041085234399,-1.02512005043159,0,-0.865607336112836,-0.661010000000001,-0.560670230779375,0.0510984848484848,-2.0132803030303,-0.763002007124052,-0.768394895548371,-0.862822164306275,-0.894117961943644,-1.14563598086002,0,-0.737994261661171,-0.772975853657552,0.463955107492027,-1.12992427614839,-0.809093056991608,-0.6745,-0.734115781715878,-0.31090234375,-1.17322776642789,-0.797072830166913,-1.20358399004563,-0.810714933801292,0.584566666666667,-0.937096818098719,-0.732625901998564,-0.433288079470199,-0.968769698369513,-0.6745,-0.709387931034483,-1.4965643016153,-1.43331107388857,-0.0351913043478262,-0.793555726698463,-0.873374602678323,-0.845085692736742,-1.1480610213063,-1.08446664122353,-1.10837780898876,-1.61589875480643,-2.59554465999165,-1.39717857142857,-1.37123689811012,-0.689650189906575,2.05699114660723,-0.695629340684485,-0.699732737244345,-1.19408379914952,-0.6745,-0.884993836665952,-0.886571020546401,-0.915490083033045,-0.726384615384616,-0.0818450441744891,-0.6745,-7.1748596349842,-1.08806228473868,-0.924663972325092,-0.87406726979509,-0.838220713868856,-0.611607066631804,-0.257391749828175,-0.816272445898708,-0.735517218250399,-0.617666207914371,-3.35858056198679,-0.881394692512259,-0.971996562987247,-1.30754884334988,-3.13782062250105,-0.760185728474819,-1.26462559233935,-0.607741341280879,-0.677384546822076,-1.01417713419731,1.96150222864715,0.953244159045942,-0.888100589873722,1.07298562149924,-1.44259311690158,-0.820734416096791,-0.729530125191436,0,1.50392229038854,-0.876849999999999,3.67329054054054,-1.41783331185149,-2.45581759078101,-1.22318823061488,-0.909133197699653,-0.65360979119608,-1.39172225832622,-0.564710951233804,-0.6745,0.6745,-0.844191525006582,-0.841278738687481,-0.875575739926181,-0.684005722289681,-0.947265459077959,-1.02634024282909,-0.679509279901525,-0.844033102003446,-0.625972790396118,-1.12064952651729,-1.35800943850893,-0.873082475949276,-1.17449347797741,-1.28155,-0.96863011293106,-0.808407625698403,-1.03771889801234,0.660595833795424,-0.833241613082414,-0.6745,3.86043617021277,-1.16660524890533,-0.954170731707317,-0.62853689123258,-0.877404185926634,0.5396,-0.6745,-0.836270986542412,-0.953968255428683,-1.10293461086766,-0.388858209724926,-0.938525542597041,-1.7202111955741,-0.858375055173818,-1.07428112579508,-0.142606181811919,0,-1.38414923168888,-0.743651623887811,-2.01506875,-0.838241179568194,4.21006311727108,-0.697296888912314,-0.867890038285911,-1.67328287105239,-0.980015475394361,0.900782250673079,-0.705266666666667,-0.953288145370638,-0.691958715121396,-0.498238335053833,-0.949844126710847,-0.868260017484155,-0.6745,0.543951612903226,-0.927104359630789,-0.70515909090909,-1.11511667886126,-0.978025,-1.10094482509307,-0.838825789191247,-0.821496419022482
2002,-1.2294643167389,-0.676082752804869,-0.762788376173087,-1.0012109375,-0.775651875356037,-0.853243286598046,-1.36140814764412,-0.821462994165409,-1.15377630508213,-0.415370536783332,-1.854875,-0.908701388888889,-1.36812872502785,-1.05817422144832,1.43242802180595,0.799837888568053,-0.931724576271186,-0.698202826585179,-0.916791799633298,-1.37756165029185,0.5396,-1.17870686384744,-0.721715,-3.19609230769231,-1.0383289804212,-2.31782727272727,-2.84468058324507,-0.977719844707502,-0.757757236983264,-0.824977526914342,-1.62753690909583,-1.35727149434984,-1.04486485704172,-0.97539923296848,-1.29975079365079,-0.8094,-0.756979619565217,-1.78417174564592,-1.17678723404255,1.14315396153079,-1.65277525385667,-1.14406008118222,-1.15703292058865,-0.95675630897115,-0.976294102045102,-1.38312176470588,-0.953874055476217,-3.11246802018542,-1.04600023441492,-1.28422596317596,-1.19252059148164,-1.06773003370422,3.02147127374962,-1.4394317306882,-1.03926281078557,-0.981521042681524,-1.38777668297043,-0.41765987554343,-1.28446536998617,0,-1.16014499739947,-0.6745,-0.813234849777208,-0.114665,-0.6745,-1.0219696969697,-1.97240151515151,-0.860887604229519,-0.310180256776921,-0.939864184154019,-0.987470940108629,-1.26737534855905,0.989283233932808,-0.854103579449225,-0.864521917457062,-0.0907332901117702,-1.22474309652448,-0.904724965906698,-0.624337605042017,-0.859698432462629,-0.505875,-0.956935646124802,-0.837749839239974,-1.44649750197956,-0.866879837225118,0.629533333333333,-1.05171265707916,-0.919498595841676,-0.620897350993378,-1.08989442563956,-0.69744696293823,-0.796109210086207,-1.73672488504542,-1.51821097334072,-0.211147826086956,-0.790546880318717,-0.929059491428254,-0.905209167712779,-1.26432599538686,-1.32281933960931,-1.13968472004749,-1.65556428906131,-3.01234457655402,-1.54171428571429,-1.63975991558983,-0.94642063396781,2.15420734274393,-0.68772880460246,-0.723779923018306,-1.32490219278148,-0.722448569823886,-0.998709574931886,-1.28517213818018,-1.04299369603482,-0.591484615384616,0.690546222160867,-0.863987976156685,-8.46760786247141,-1.24112282476412,-1.03802004270684,-0.936520735673241,-0.889259436648768,-0.726792862528579,-0.616737013074624,-0.874685335410763,-0.6745,-0.68448896951808,-3.57028619094017,-1.00720750799722,-1.00976900047386,-1.46606566834201,-3.4878814484889,-0.80297441506957,-1.36329132670551,-0.738619625538115,-0.701888592677997,-1.22818726886678,0.948704035658353,0.842675763882423,-0.976075563775392,1.49846060771738,-2.02650616376652,-0.872293347068794,-0.773861692889108,0.212568993981083,-0.634329584185413,-0.876849999999999,1.91412162162162,-1.97237410389093,-3.3432506681679,-1.3428686869787,-0.956075938585069,-0.744236459390448,-1.4698574849763,-0.965806942726306,-1.01199637235182,0.929495903778779,-0.939492643575289,-0.735671872055189,-0.98573006181329,-0.744206480481112,-1.16543851981352,-1.13289392024554,-0.725993183341312,-0.900479807645437,-0.6745,-1.16467819459734,-1.56210493462514,-1.08639590038516,-1.30552254827903,-1.46141666666667,-0.800918972720941,-0.929286923390694,-0.982803843896605,0.775394100126572,-0.49912523145031,4.544,-1.30594680851064,-1.25959338463104,-1.05287804878049,-0.702879879634228,-0.882908677041958,0.6745,-0.465172413793103,-1.19927726202023,-1.04246479053763,-1.22400511854235,-0.70907373089507,-1.07221140935227,-1.95437024695412,-0.980285604447046,-1.25256033514304,-0.6745,-2.05407045068027,-1.50779857216322,-0.753530427300355,-2.51532291666667,-0.571850974196946,0.6745,-0.968215545248511,-0.941289988013788,-2.01003605008119,-1.05705922515328,1.67423364552901,-0.6745,-0.765224497644458,-0.717475298760359,-0.6745,-1.01293236193971,-0.876261048841154,-0.77538177140656,0.522193548387097,-1.04564060064918,-0.352579545454545,-1.26073774879004,-1.0792,-1.20015372386124,-0.997422518168338,-0.938926346190711
2001,-1.26883361796216,-0.594026912077436,-0.822689160710739,-1.0644453125,-0.748863851595853,-0.94417649175177,-1.48619297558016,-0.877790074493588,-1.19214668149909,-1.50500587743511,-1.98134375,-0.683868055555555,-1.50384464727246,-1.10348042682551,1.29234966020462,0.538297746697533,-0.703080508474576,-1.00065540250191,-0.983477603120767,-1.53671704491897,-0.06745,-1.36932441497042,0.411445,-3.31802115384615,-1.32939216475816,-2.28410227272727,-3.691340377124,-1.08593768295014,-0.911807547203547,-0.921718649278512,-1.77931615391126,-1.52566854717369,-1.06205325639908,-1.04918109709777,0.67664126984127,-0.913169230769231,-0.874283967391304,-2.14137862627297,-1.2341914893617,1.22834842577546,-2.17510115211873,-1.33582159648296,-1.68081827962664,-1.09490480690309,-1.16654613474975,-1.50929294117647,-1.1397700674914,-1.09807111841333,-1.1309647525079,-1.17773636865306,-1.23544445596247,-0.9801739104526,3.08321209029488,-1.62763001016299,-0.966393953542664,-1.10397982358859,-1.52533924318232,-0.907881254794987,-1.51150287064272,-0.6745,-1.29135153459647,-0.598214801381772,-1.01043597022156,-0.964535000000001,-0.852878253989186,-1.31834090909091,-2.59580303030303,-0.917945931791232,-0.767241653195722,-1.00422053556559,-1.0647243648161,-1.34666530622788,0.172092477030418,-0.874670697219228,-0.842070215188111,0.958772687430309,-1.35116819035927,-0.972021494402502,-0.6745,-0.822018643531637,-0.78516015625,-1.3773098476816,-0.883398178551515,-1.43933251479959,-0.912143701034874,0.4047,-1.15463399371722,-0.902510169128666,-0.303748344370861,-1.08969851788594,-0.846221619365609,-0.858243103448276,-1.8492869314958,-1.54885652339382,-0.457486956521739,-0.900236063652701,-1.03247428482098,-0.968456396262823,-1.34936142507417,-1.50015374720832,-1.46762678949361,-2.52541262972202,-2.41605787442636,-1.70070357142857,-1.79599999760932,-0.888175589001426,0.69888756810302,-0.6745,-0.743202332534222,-1.41244500806751,-0.731271812210172,-1.00236650979592,-1.36432615714609,-1.07455671203487,-1.06882307692308,-0.75684163905761,-0.75999665625887,-9.36548975884705,-1.29940336763356,-1.14007448467707,-0.938277600598623,-0.954502369562721,-0.898678476309773,-0.6745,-0.92249786775245,-0.78998420476724,-0.707808046634426,-4.04593179354552,-1.11724562645607,-1.22524771670656,-1.58452259889038,-3.61390334584453,-0.815797622276155,-1.46686846036129,-0.860480632359759,-0.79024650897251,-1.39146990319165,1.35813309239851,0.830263591706523,-1.06216948873624,1.50560809170661,-0.666399804926944,-0.927682601262493,-0.811316605883564,-0.6745,-0.460483640081801,-0.843124999999999,-1.43103378378378,-2.74968111959666,-3.36282575091982,-1.43469727571098,-0.701886924913194,-0.698860563230432,-1.44381240942627,-0.990692460446643,-1.08624557426922,0.956741222423897,-1.04738004911273,-0.822906070088722,-1.12635107979414,-0.530875887982714,-1.19483106708107,-1.39623372300332,-0.767843272242358,-0.928241068419814,-0.709484732505124,-1.25304701263019,-1.66415268268325,-1.17232664134086,-1.36062035936182,-1.59631666666667,-1.35027634048866,-0.995203756562468,-1.0994359275421,0.78208305360435,-1.03447441001212,1.562,-0.172212765957447,-1.39993801530866,-1.10223170731707,-0.740355824008881,-1.05564864158515,0.6745,-0.418655172413793,-1.27840894013963,-1.11477022629488,-1.39611994560359,-1.00442485592345,-1.19419646473526,-2.02939453384705,-1.07956760307442,-1.38049050773477,-2.15171081580285,-1.39990295493197,-0.825021188992228,-0.667584837611219,-2.36637083333333,-1.38167719852554,-6.98588675408734,-0.980477630316766,-1.0318304262711,-2.23311577810515,-1.15222855507701,0.56981089247866,-0.825966666666667,-0.698213312822485,-0.810907627199637,-0.803676651574907,-1.05047074481893,-0.988001720315964,-0.833210904138235,0.6745,-1.11976144418271,-0.291261363636364,-1.33495750229408,-1.12416666666667,-1.28428905567111,-1.0447203632108,-0.864747704166482
2000,-1.37721559425746,-0.6745,-0.886498088471326,-1.1909140625,-0.817882414477507,-1.01251312365445,-1.63571705323432,-0.928955398461399,-1.30083002577956,-2.05639912153561,-2.36075,-1.50825694444444,-1.59198009922848,-1.1766959103958,1.26962773643578,0.528333856516437,-0.6745,-0.811950630252101,-1.11474436589799,-1.25520872457673,-1.8886,-1.47680054936918,-0.79591,-3.74191846153846,-1.52949810398982,-1.10066136363636,-5.32814335101062,-1.27351568140748,-0.83269900139465,-0.95644814656204,-1.95990648696594,-1.60259367772188,-1.12691545681298,-1.22643316572549,0.331896825396826,-0.944300000000001,-0.863286684782609,-2.29661308656108,-1.36335106382979,1.40502488621101,-2.34358785393478,-1.83128047371025,-1.35855915498022,-1.1680764382779,-1.256550051905,-0.904623529411765,-1.34106948335034,-0.6745,-1.21745641608963,-1.38421009992009,-1.4010077597465,-1.17137645757654,3.77000186327981,-1.82410532745234,-1.21661777751839,-1.19921818229474,-1.70754322094383,-1.21313404654335,-1.75782757344573,-0.775004151386706,-1.38885195431937,-0.908877462772613,-1.13720877658667,-1.247825,-1.03220292496374,0.470106060606061,-1.96218181818182,-0.959575462730191,-0.757512481347923,-1.0602333846187,-1.14474514088871,-1.39715851233924,-1.5642864462201,-0.969092031097637,-0.848371014296759,-2.08479464744172,-1.43018387400601,-0.954311881640448,-0.6745,-0.869685846396145,-1.2963046875,-1.30056103079986,-0.931349180390909,-1.66981781418499,-0.954977924739531,0.314766666666667,-1.22315158331534,-0.978958089337212,-0.647698675496689,-1.32848239647658,-0.861600669782972,-0.910575,-2.01369471263839,-1.70231118383341,-0.727286956521739,-0.957679204465838,-1.09452316085662,-1.04168112653822,-1.42537013627166,-1.36858305769938,-1.31904227463565,-2.13208521341253,-3.27360428660826,-1.8886,-2.09397430328375,-0.849478067973457,1.38633302377414,-0.719698415725073,-0.811149063593332,-1.4593902265919,-0.731838047097525,-1.09511118820313,-1.57750089184918,-1.21359598392594,-1.00656153846154,-0.6745,-0.879737158671587,-11.6227216446343,-1.3180242925578,-1.19837298099651,-1.00155556010404,-0.975518593215691,-0.916361666646398,-0.674921830828303,-0.989435413030812,-0.743965810751806,-0.6745,-4.09833994631708,-1.19830106452625,-1.45959957937334,-1.64911224143304,-3.47387901544939,-0.833834699394557,-1.49217149214454,-0.851769088946287,-0.809348600496315,-1.59601579697522,2.14343277918323,0.887205203960558,-1.13932464418036,1.17351557292813,-2.07831908667881,-0.951482063533812,-0.839243895855534,0.702199157351673,1.90848193592365,-0.843124999999999,-1.73182432432432,-2.96939921431814,-4.00200594398711,-1.51280659529605,-1.22759585503472,-0.718497690717037,-1.6782180893765,-0.911644345334983,-0.849998113622945,1.17596310288186,-1.0293597517473,-0.749734398947425,-1.30392654850277,-0.612306522549741,-0.837804060908228,-1.24858077001196,-0.810287463584764,-1.00757937804793,-0.716255971054503,-1.45206355199014,-1.8172243047704,-2.82686676691464,-1.47123160401208,-1.68625,-1.17458041418148,-1.10214228579719,-1.23542475046196,0.914462189271736,-0.877061178629141,1.7395,-0.330074468085107,-1.55969123077267,-1.20093902439024,-0.673686162318501,-1.04238782208005,0.6745,-0.519442528735632,-0.859799801394861,-1.17007550276819,-1.52361702780462,-0.967541356046578,-1.28012294308022,-2.24928531945968,-1.15166804183097,-1.49045493317447,-1.88874055592391,-1.15278703231293,-1.46955125114279,-0.716978854673941,-2.58839375,-1.18632438125329,-9.93218935181324,-1.06145507686361,-1.17298488603971,-2.49716037639219,-1.22830857977545,0,-0.5467,-0.670111848219723,-0.873260756766658,-0.713176409642737,-1.1949433721521,-1.07129513826012,-0.82093798838873,0.435161290322581,-1.2742637713404,-1.96524772727273,-1.39276813233895,-1.247825,-1.44354201764517,-1.1629283904363,-1.22041333034319
